epoch,method,class_id,class_name,instances,support_purity,proto_gt_cosine
0,linear,0,aeroplane's body,462,0.16287878787878787,0.6925045688559999
0,linear,1,aeroplane's stern,414,0.013627214204286031,0.4324723546019787
0,linear,2,aeroplane's wing,409,0.060207823960880195,0.504062636224849
0,linear,3,aeroplane's tail,1,0.0,0.5854842662811279
0,linear,4,aeroplane's engine,300,0.08808333337306977,0.3750183772078405
0,linear,5,aeroplane's wheel,226,0.29775600662801116,0.8729862284607592
0,linear,6,bicycle's wheel,306,0.7498638344551224,0.8321591715261437
0,linear,7,bicycle's saddle,205,0.01768292682926829,0.24399192461335079
0,linear,8,bicycle's handlebar,263,0.32604562737642584,0.9008261197646761
0,linear,9,bicycle's chainwheel,217,0.14403664722420653,0.6886836949967637
0,linear,10,bicycle's headlight,1,1.0,0.9717215895652771
0,linear,11,bird's wing,250,0.352233334004879,0.7591281483620406
0,linear,12,bird's tail,403,0.35574264495307695,0.8230652318292161
0,linear,13,bird's head,535,0.5789118827224892,0.9017638710614677
0,linear,14,bird's eye,218,0.0022935779816513763,0.13739619958385346
0,linear,15,bird's beak,431,0.0884929844578015,0.5200725099581819
0,linear,16,bird's torso,575,0.41752588025901627,0.6820812294016714
0,linear,17,bird's neck,284,0.20321093242562993,0.7538779446540375
0,linear,18,bird's leg,285,0.24277360088992536,0.8769345240634784
0,linear,19,bird's foot,199,0.028643216095378052,0.37935704127628
0,linear,20,bottle's body,432,0.603182870377269,0.8188571962355463
0,linear,21,bottle's cap,326,0.10887014317366243,0.41316488959706543
0,linear,22,bus's wheel,233,0.42954731268944146,0.7995729201469298
0,linear,23,bus's headlight,155,0.008064516129032258,0.26512046100631836
0,linear,24,bus's front,183,0.08196721311475409,0.7131184758058663
0,linear,25,bus's side,245,0.21510204082849074,0.6914852833261296
0,linear,26,bus's back,53,0.29245283018867924,0.7118023690187706
0,linear,27,bus's roof,20,0.225,0.5441317558288574
0,linear,28,bus's mirror,117,0.0,0.2055845821960869
0,linear,29,bus's license plate,4,0.15625,0.6438730210065842
0,linear,30,bus's door,104,0.31391941469449264,0.4977064566471829
0,linear,31,bus's window,261,0.37939700826831246,0.4872665959071382
0,linear,32,car's wheel,515,0.49965325987454756,0.5806576958450588
0,linear,33,car's headlight,289,0.18567309293986192,0.3770179501976367
0,linear,34,car's front,365,0.2835388129296368,0.6294791894416286
0,linear,35,car's side,515,0.12592233020125085,0.5666446824313947
0,linear,36,car's back,195,0.3617155069724107,0.787294774254163
0,linear,37,car's roof,132,0.25536616169142,0.6696632451970469
0,linear,38,car's mirror,279,0.02275132299751364,0.20498395258040036
0,linear,39,car's license plate,8,0.296875,0.7073796540498734
0,linear,40,car's door,258,0.4152131796229717,0.5991392973016283
0,linear,41,car's window,548,0.40089720270059404,0.5528161255574792
0,linear,42,cat's tail,332,0.3818452385175659,0.7406715168954289
0,linear,43,cat's head,890,0.4002808988764045,0.7668061711480109
0,linear,44,cat's eye,645,0.19251753440661024,0.4260782480730798
0,linear,45,cat's torso,871,0.6538461538461539,0.7674975044400902
0,linear,46,cat's neck,601,0.269271453386932,0.6884851963840388
0,linear,47,cat's leg,670,0.44455223884155504,0.7692761567657563
0,linear,48,cat's nose,589,0.1026659394109998,0.7733193011148018
0,linear,49,cat's paw,570,0.5607665003653158,0.8696590697948348
0,linear,50,cat's ear,848,0.13593609682020713,0.4815453117612292
0,linear,51,cow's tail,49,0.12755102040816327,0.6628986487583238
0,linear,52,cow's head,180,0.2015873016582595,0.7927195137573613
0,linear,53,cow's eye,60,0.0020833333333333333,0.131773966178298
0,linear,54,cow's torso,187,0.6090527120280393,0.7843236702489343
0,linear,55,cow's neck,81,0.07139917711416881,0.6134872118264069
0,linear,56,cow's leg,142,0.4014084507042254,0.8100573737436617
0,linear,57,cow's ear,138,0.036231884057971016,0.2056082549734392
0,linear,58,cow's muzzle,161,0.31018929424122993,0.7329021604465586
0,linear,59,cow's horn,53,0.02122641509433962,0.1951058677063798
0,linear,60,dog's tail,367,0.2847541201585645,0.6346877432740433
0,linear,61,dog's head,1010,0.3109735973695717,0.7039151240914765
0,linear,62,dog's eye,641,0.15884221116205832,0.56389834784413
0,linear,63,dog's torso,981,0.4791624193952232,0.6435056263799271
0,linear,64,dog's neck,454,0.40137403094033314,0.771389250713298
0,linear,65,dog's leg,810,0.4078159906430009,0.7618161234314795
0,linear,66,dog's nose,815,0.004963482376987949,0.5864932083461913
0,linear,67,dog's paw,629,0.28057195954557823,0.5851625874075914
0,linear,68,dog's ear,899,0.37065257848104727,0.6590050608717377
0,linear,69,dog's muzzle,939,0.3889598882458588,0.7420270123992103
0,linear,70,horse's tail,147,0.44727891156462585,0.8599307776308384
0,linear,71,horse's head,282,0.42104863232754647,0.8592958100509982
0,linear,72,horse's eye,104,0.009615384615384616,0.16838259405743045
0,linear,73,horse's torso,293,0.6396473265243472,0.8149930029192068
0,linear,74,horse's neck,233,0.07415184979786689,0.4795995903053509
0,linear,75,horse's leg,265,0.3133647798929574,0.7096503985377978
0,linear,76,horse's ear,223,0.13127268890896185,0.48659716070015735
0,linear,77,horse's muzzle,256,0.5152343762456439,0.831809885246912
0,linear,78,horse's hoof,127,0.0,0.21586904201040588
0,linear,79,motorbike's wheel,244,0.5046106557377049,0.7531150753502963
0,linear,80,motorbike's saddle,8,0.1875,0.7053270377218723
0,linear,81,motorbike's handlebar,11,0.1590909090909091,0.7988024462353099
0,linear,82,motorbike's headlight,113,0.09070796460176991,0.7446050125676974
0,linear,83,person's head,1334,0.196483901181053,0.5198685329671352
0,linear,84,person's eye,585,0.02427350430407076,0.2733883975304536
0,linear,85,person's torso,1273,0.23185388889026193,0.46867351684842234
0,linear,86,person's neck,757,0.12086714497094425,0.36482769532281106
0,linear,87,person's leg,486,0.13144228923222656,0.3954545114948242
0,linear,88,person's foot,135,0.058985891165556734,0.3407921401369903
0,linear,89,person's nose,907,0.06405208181782883,0.4461266677272162
0,linear,90,person's ear,688,0.03615725363149892,0.20748584247248378
0,linear,91,person's eyebrow,432,0.04421847458514902,0.6136120044048531
0,linear,92,person's mouth,712,0.1180176567076967,0.5897358653032263
0,linear,93,person's hair,1082,0.2710060741676641,0.5572496621663787
0,linear,94,person's lower arm,753,0.06493075320603521,0.36875625429204995
0,linear,95,person's upper arm,1043,0.0402627496025592,0.3464115682466104
0,linear,96,person's hand,669,0.09075912913399427,0.3239292146551725
0,linear,97,pottedplant's pot,181,0.6215469613259669,0.81822186716683
0,linear,98,pottedplant's plant,203,0.5202791461803643,0.7360604858310352
0,linear,99,sheep's tail,56,0.04017857142857143,0.5829390079847404
0,linear,100,sheep's head,217,0.31549264902618074,0.8475299580580627
0,linear,101,sheep's eye,63,0.0,0.3055886867500487
0,linear,102,sheep's torso,236,0.5569007264734325,0.8035531357183294
0,linear,103,sheep's neck,155,0.077073732979836,0.6209057626224334
0,linear,104,sheep's leg,53,0.41273584905660377,0.8251618315588753
0,linear,105,sheep's ear,174,0.12250957894941857,0.4767488952854584
0,linear,106,sheep's muzzle,177,0.4012106550110262,0.8119751477329913
0,linear,107,sheep's horn,22,0.03977272727272727,0.22711958905512636
0,linear,108,train's headlight,16,0.046875,0.4971536686643958
0,linear,109,train's head,209,0.04366028708133971,0.402661886498439
0,linear,110,train's front,203,0.3497536945812808,0.7685270106851174
0,linear,111,train's side,246,0.12652439024390244,0.48482585613562806
0,linear,112,train's back,24,0.3385416666666667,0.7466356183091799
0,linear,113,train's roof,48,0.0026041666666666665,0.26231513475067914
0,linear,114,train's coach,183,0.382285974553374,0.6220200867621136
0,linear,115,tvmonitor's screen,289,0.5899653979238755,0.7688843986361085
0,orthogonal,0,aeroplane's body,462,0.16287878787878787,0.6925045688559999
0,orthogonal,1,aeroplane's stern,414,0.013627214204286031,0.4324723546019787
0,orthogonal,2,aeroplane's wing,409,0.060207823960880195,0.504062636224849
0,orthogonal,3,aeroplane's tail,1,0.0,0.5854842662811279
0,orthogonal,4,aeroplane's engine,300,0.08808333337306977,0.3750183772078405
0,orthogonal,5,aeroplane's wheel,226,0.29775600662801116,0.8729862284607592
0,orthogonal,6,bicycle's wheel,306,0.7498638344551224,0.8321591715261437
0,orthogonal,7,bicycle's saddle,205,0.01768292682926829,0.24399192461335079
0,orthogonal,8,bicycle's handlebar,263,0.32604562737642584,0.9008261197646761
0,orthogonal,9,bicycle's chainwheel,217,0.14403664722420653,0.6886836949967637
0,orthogonal,10,bicycle's headlight,1,1.0,0.9717215895652771
0,orthogonal,11,bird's wing,250,0.352233334004879,0.7591281483620406
0,orthogonal,12,bird's tail,403,0.35574264495307695,0.8230652318292161
0,orthogonal,13,bird's head,535,0.5789118827224892,0.9017638710614677
0,orthogonal,14,bird's eye,218,0.0022935779816513763,0.13739619958385346
0,orthogonal,15,bird's beak,431,0.0884929844578015,0.5200725099581819
0,orthogonal,16,bird's torso,575,0.41752588025901627,0.6820812294016714
0,orthogonal,17,bird's neck,284,0.20321093242562993,0.7538779446540375
0,orthogonal,18,bird's leg,285,0.24277360088992536,0.8769345240634784
0,orthogonal,19,bird's foot,199,0.028643216095378052,0.37935704127628
0,orthogonal,20,bottle's body,432,0.603182870377269,0.8188571962355463
0,orthogonal,21,bottle's cap,326,0.10887014317366243,0.41316488959706543
0,orthogonal,22,bus's wheel,233,0.42954731268944146,0.7995729201469298
0,orthogonal,23,bus's headlight,155,0.008064516129032258,0.26512046100631836
0,orthogonal,24,bus's front,183,0.08196721311475409,0.7131184758058663
0,orthogonal,25,bus's side,245,0.21510204082849074,0.6914852833261296
0,orthogonal,26,bus's back,53,0.29245283018867924,0.7118023690187706
0,orthogonal,27,bus's roof,20,0.225,0.5441317558288574
0,orthogonal,28,bus's mirror,117,0.0,0.2055845821960869
0,orthogonal,29,bus's license plate,4,0.15625,0.6438730210065842
0,orthogonal,30,bus's door,104,0.31391941469449264,0.4977064566471829
0,orthogonal,31,bus's window,261,0.37939700826831246,0.4872665959071382
0,orthogonal,32,car's wheel,515,0.49965325987454756,0.5806576958450588
0,orthogonal,33,car's headlight,289,0.18567309293986192,0.3770179501976367
0,orthogonal,34,car's front,365,0.2835388129296368,0.6294791894416286
0,orthogonal,35,car's side,515,0.12592233020125085,0.5666446824313947
0,orthogonal,36,car's back,195,0.3617155069724107,0.787294774254163
0,orthogonal,37,car's roof,132,0.25536616169142,0.6696632451970469
0,orthogonal,38,car's mirror,279,0.02275132299751364,0.20498395258040036
0,orthogonal,39,car's license plate,8,0.296875,0.7073796540498734
0,orthogonal,40,car's door,258,0.4152131796229717,0.5991392973016283
0,orthogonal,41,car's window,548,0.40089720270059404,0.5528161255574792
0,orthogonal,42,cat's tail,332,0.3818452385175659,0.7406715168954289
0,orthogonal,43,cat's head,890,0.4002808988764045,0.7668061711480109
0,orthogonal,44,cat's eye,645,0.19251753440661024,0.4260782480730798
0,orthogonal,45,cat's torso,871,0.6538461538461539,0.7674975044400902
0,orthogonal,46,cat's neck,601,0.269271453386932,0.6884851963840388
0,orthogonal,47,cat's leg,670,0.44455223884155504,0.7692761567657563
0,orthogonal,48,cat's nose,589,0.1026659394109998,0.7733193011148018
0,orthogonal,49,cat's paw,570,0.5607665003653158,0.8696590697948348
0,orthogonal,50,cat's ear,848,0.13593609682020713,0.4815453117612292
0,orthogonal,51,cow's tail,49,0.12755102040816327,0.6628986487583238
0,orthogonal,52,cow's head,180,0.2015873016582595,0.7927195137573613
0,orthogonal,53,cow's eye,60,0.0020833333333333333,0.131773966178298
0,orthogonal,54,cow's torso,187,0.6090527120280393,0.7843236702489343
0,orthogonal,55,cow's neck,81,0.07139917711416881,0.6134872118264069
0,orthogonal,56,cow's leg,142,0.4014084507042254,0.8100573737436617
0,orthogonal,57,cow's ear,138,0.036231884057971016,0.2056082549734392
0,orthogonal,58,cow's muzzle,161,0.31018929424122993,0.7329021604465586
0,orthogonal,59,cow's horn,53,0.02122641509433962,0.1951058677063798
0,orthogonal,60,dog's tail,367,0.2847541201585645,0.6346877432740433
0,orthogonal,61,dog's head,1010,0.3109735973695717,0.7039151240914765
0,orthogonal,62,dog's eye,641,0.15884221116205832,0.56389834784413
0,orthogonal,63,dog's torso,981,0.4791624193952232,0.6435056263799271
0,orthogonal,64,dog's neck,454,0.40137403094033314,0.771389250713298
0,orthogonal,65,dog's leg,810,0.4078159906430009,0.7618161234314795
0,orthogonal,66,dog's nose,815,0.004963482376987949,0.5864932083461913
0,orthogonal,67,dog's paw,629,0.28057195954557823,0.5851625874075914
0,orthogonal,68,dog's ear,899,0.37065257848104727,0.6590050608717377
0,orthogonal,69,dog's muzzle,939,0.3889598882458588,0.7420270123992103
0,orthogonal,70,horse's tail,147,0.44727891156462585,0.8599307776308384
0,orthogonal,71,horse's head,282,0.42104863232754647,0.8592958100509982
0,orthogonal,72,horse's eye,104,0.009615384615384616,0.16838259405743045
0,orthogonal,73,horse's torso,293,0.6396473265243472,0.8149930029192068
0,orthogonal,74,horse's neck,233,0.07415184979786689,0.4795995903053509
0,orthogonal,75,horse's leg,265,0.3133647798929574,0.7096503985377978
0,orthogonal,76,horse's ear,223,0.13127268890896185,0.48659716070015735
0,orthogonal,77,horse's muzzle,256,0.5152343762456439,0.831809885246912
0,orthogonal,78,horse's hoof,127,0.0,0.21586904201040588
0,orthogonal,79,motorbike's wheel,244,0.5046106557377049,0.7531150753502963
0,orthogonal,80,motorbike's saddle,8,0.1875,0.7053270377218723
0,orthogonal,81,motorbike's handlebar,11,0.1590909090909091,0.7988024462353099
0,orthogonal,82,motorbike's headlight,113,0.09070796460176991,0.7446050125676974
0,orthogonal,83,person's head,1334,0.196483901181053,0.5198685329671352
0,orthogonal,84,person's eye,585,0.02427350430407076,0.2733883975304536
0,orthogonal,85,person's torso,1273,0.23185388889026193,0.46867351684842234
0,orthogonal,86,person's neck,757,0.12086714497094425,0.36482769532281106
0,orthogonal,87,person's leg,486,0.13144228923222656,0.3954545114948242
0,orthogonal,88,person's foot,135,0.058985891165556734,0.3407921401369903
0,orthogonal,89,person's nose,907,0.06405208181782883,0.4461266677272162
0,orthogonal,90,person's ear,688,0.03615725363149892,0.20748584247248378
0,orthogonal,91,person's eyebrow,432,0.04421847458514902,0.6136120044048531
0,orthogonal,92,person's mouth,712,0.1180176567076967,0.5897358653032263
0,orthogonal,93,person's hair,1082,0.2710060741676641,0.5572496621663787
0,orthogonal,94,person's lower arm,753,0.06493075320603521,0.36875625429204995
0,orthogonal,95,person's upper arm,1043,0.0402627496025592,0.3464115682466104
0,orthogonal,96,person's hand,669,0.09075912913399427,0.3239292146551725
0,orthogonal,97,pottedplant's pot,181,0.6215469613259669,0.81822186716683
0,orthogonal,98,pottedplant's plant,203,0.5202791461803643,0.7360604858310352
0,orthogonal,99,sheep's tail,56,0.04017857142857143,0.5829390079847404
0,orthogonal,100,sheep's head,217,0.31549264902618074,0.8475299580580627
0,orthogonal,101,sheep's eye,63,0.0,0.3055886867500487
0,orthogonal,102,sheep's torso,236,0.5569007264734325,0.8035531357183294
0,orthogonal,103,sheep's neck,155,0.077073732979836,0.6209057626224334
0,orthogonal,104,sheep's leg,53,0.41273584905660377,0.8251618315588753
0,orthogonal,105,sheep's ear,174,0.12250957894941857,0.4767488952854584
0,orthogonal,106,sheep's muzzle,177,0.4012106550110262,0.8119751477329913
0,orthogonal,107,sheep's horn,22,0.03977272727272727,0.22711958905512636
0,orthogonal,108,train's headlight,16,0.046875,0.4971536686643958
0,orthogonal,109,train's head,209,0.04366028708133971,0.402661886498439
0,orthogonal,110,train's front,203,0.3497536945812808,0.7685270106851174
0,orthogonal,111,train's side,246,0.12652439024390244,0.48482585613562806
0,orthogonal,112,train's back,24,0.3385416666666667,0.7466356183091799
0,orthogonal,113,train's roof,48,0.0026041666666666665,0.26231513475067914
0,orthogonal,114,train's coach,183,0.382285974553374,0.6220200867621136
0,orthogonal,115,tvmonitor's screen,289,0.5899653979238755,0.7688843986361085
1,linear,0,aeroplane's body,462,0.20844928888015415,0.7134922152602827
1,linear,1,aeroplane's stern,414,0.011956521746329064,0.41558211998663086
1,linear,2,aeroplane's wing,409,0.05114099430717291,0.5012187323098077
1,linear,3,aeroplane's tail,1,0.0,0.674552321434021
1,linear,4,aeroplane's engine,300,0.07580555568138758,0.42338599424498774
1,linear,5,aeroplane's wheel,226,0.27306152563706965,0.8926138962264609
1,linear,6,bicycle's wheel,306,0.7917250233635403,0.8389315951883404
1,linear,7,bicycle's saddle,205,0.015853658536585366,0.25539781813759627
1,linear,8,bicycle's handlebar,263,0.36454372623574144,0.9162685389527803
1,linear,9,bicycle's chainwheel,217,0.1348420014853851,0.6632162542575928
1,linear,10,bicycle's headlight,1,0.875,0.9435085654258728
1,linear,11,bird's wing,250,0.40650000077486037,0.7437081767991185
1,linear,12,bird's tail,403,0.3994151015139691,0.8681783915379503
1,linear,13,bird's head,535,0.5994058747714925,0.9093168182350765
1,linear,14,bird's eye,218,0.0022935779816513763,0.12917620196314786
1,linear,15,bird's beak,431,0.1835266827084902,0.7232871290356819
1,linear,16,bird's torso,575,0.5005859217695567,0.7563299621188122
1,linear,17,bird's neck,284,0.25186535915438557,0.8064922126351108
1,linear,18,bird's leg,285,0.24834168767719939,0.8725570912946734
1,linear,19,bird's foot,199,0.031915530113119574,0.4474108964204788
1,linear,20,bottle's body,432,0.6156250000068987,0.8249764452791877
1,linear,21,bottle's cap,326,0.13418419526581385,0.47118623274738436
1,linear,22,bus's wheel,233,0.550751072974164,0.9006229424169647
1,linear,23,bus's headlight,155,0.004032258064516129,0.25933397345004544
1,linear,24,bus's front,183,0.09699453551912568,0.7191321281461768
1,linear,25,bus's side,245,0.24591836734693878,0.7171475159878633
1,linear,26,bus's back,53,0.3136792452830189,0.7245638398629315
1,linear,27,bus's roof,20,0.2125,0.5189581520855426
1,linear,28,bus's mirror,117,0.0,0.25313203654482835
1,linear,29,bus's license plate,4,0.1770833358168602,0.6532349810004234
1,linear,30,bus's door,104,0.337809066932935,0.5195270002318116
1,linear,31,bus's window,261,0.45639481866496734,0.5307201375449754
1,linear,32,car's wheel,515,0.6612575133448666,0.7748791244061827
1,linear,33,car's headlight,289,0.24558823589222653,0.5081310176184227
1,linear,34,car's front,365,0.28698630136986303,0.6436111871510336
1,linear,35,car's side,515,0.18781553411368027,0.6110342764449351
1,linear,36,car's back,195,0.39908424929166453,0.8002644818562727
1,linear,37,car's roof,132,0.2744949496153629,0.6954174531115727
1,linear,38,car's mirror,279,0.01941457593740101,0.23136197240342216
1,linear,39,car's license plate,8,0.265625,0.6731940498575568
1,linear,40,car's door,258,0.4363279815099036,0.6820092809985775
1,linear,41,car's window,548,0.48268161330671205,0.6278070891208022
1,linear,42,cat's tail,332,0.4309487955038806,0.8008744947342987
1,linear,43,cat's head,890,0.3526685393258427,0.7434073557009858
1,linear,44,cat's eye,645,0.40972868321939954,0.6003437395315877
1,linear,45,cat's torso,871,0.6963738997378114,0.7896346014279586
1,linear,46,cat's neck,601,0.3120731329560875,0.7426626017369863
1,linear,47,cat's leg,670,0.46706645348623615,0.7803097336817143
1,linear,48,cat's nose,589,0.11924165269717296,0.8568156016500372
1,linear,49,cat's paw,570,0.5972890569714078,0.8893289090117864
1,linear,50,cat's ear,848,0.15093918504931456,0.5734524235924495
1,linear,51,cow's tail,49,0.1447521867800732,0.6633393085200567
1,linear,52,cow's head,180,0.21820105844073825,0.793023270368576
1,linear,53,cow's eye,60,0.006845238308111827,0.13878017347306013
1,linear,54,cow's torso,187,0.6243315508021391,0.7974554833403246
1,linear,55,cow's neck,81,0.09609053513886016,0.6798376586334205
1,linear,56,cow's leg,142,0.41813380281690143,0.8239793936971208
1,linear,57,cow's ear,138,0.05344202898550725,0.30401961327921867
1,linear,58,cow's muzzle,161,0.5829192564724395,0.8364589502167258
1,linear,59,cow's horn,53,0.02358490566037736,0.18332841677837214
1,linear,60,dog's tail,367,0.32936940518809277,0.7044526341977739
1,linear,61,dog's head,1010,0.3707685054381295,0.7303225828205595
1,linear,62,dog's eye,641,0.2034339948024095,0.6282312041889533
1,linear,63,dog's torso,981,0.5290289307497328,0.6944995901939458
1,linear,64,dog's neck,454,0.43001888065479926,0.8033416260542586
1,linear,65,dog's leg,810,0.44125367437983737,0.7719000957722282
1,linear,66,dog's nose,815,0.0040899795805749714,0.5597271682843109
1,linear,67,dog's paw,629,0.37887803859570446,0.6859455982249805
1,linear,68,dog's ear,899,0.3708816689995425,0.736060429494973
1,linear,69,dog's muzzle,939,0.4140980798152054,0.7515892328831334
1,linear,70,horse's tail,147,0.4731940396991717,0.8700494602271894
1,linear,71,horse's head,282,0.4693642351115849,0.8640275372469679
1,linear,72,horse's eye,104,0.017628205223725393,0.1621740608332822
1,linear,73,horse's torso,293,0.6868600682593856,0.8229643280900786
1,linear,74,horse's neck,233,0.08677191910825574,0.5259169408883659
1,linear,75,horse's leg,265,0.3274258760348806,0.7094447380107529
1,linear,76,horse's ear,223,0.11787849798330811,0.6283367625166215
1,linear,77,horse's muzzle,256,0.5599702401668765,0.8439065001439303
1,linear,78,horse's hoof,127,0.0,0.2057511939219837
1,linear,79,motorbike's wheel,244,0.7407786885245902,0.8543546532631897
1,linear,80,motorbike's saddle,8,0.21875,0.7374734804034233
1,linear,81,motorbike's handlebar,11,0.1590909090909091,0.8123944022438743
1,linear,82,motorbike's headlight,113,0.08296460176991151,0.7555269333904824
1,linear,83,person's head,1334,0.19820357710569875,0.5360652154550303
1,linear,84,person's eye,585,0.046170126194627875,0.3085103353214824
1,linear,85,person's torso,1273,0.24651647846668795,0.49117715274717566
1,linear,86,person's neck,757,0.1384364982065468,0.4066576977799274
1,linear,87,person's leg,486,0.12583774300637068,0.3993887569000293
1,linear,88,person's foot,135,0.06382716121496977,0.32662301910006336
1,linear,89,person's nose,907,0.10123379058651256,0.5576362461837413
1,linear,90,person's ear,688,0.04814680234724006,0.21455176335050138
1,linear,91,person's eyebrow,432,0.04382991625203027,0.6094343791849463
1,linear,92,person's mouth,712,0.1293422288439247,0.5962236825614812
1,linear,93,person's hair,1082,0.27061548338800173,0.5605943641128697
1,linear,94,person's lower arm,753,0.05526781768833657,0.35396414515185126
1,linear,95,person's upper arm,1043,0.04177281657664225,0.3190047062276251
1,linear,96,person's hand,669,0.08817531535978275,0.3312826889479374
1,linear,97,pottedplant's pot,181,0.6197513812813311,0.8196296258031993
1,linear,98,pottedplant's plant,203,0.5145320199393286,0.7363754953510069
1,linear,99,sheep's tail,56,0.07589285714285714,0.6283568383327552
1,linear,100,sheep's head,217,0.33900043931424895,0.8508057462454941
1,linear,101,sheep's eye,63,0.0,0.18129321557307054
1,linear,102,sheep's torso,236,0.5752118644067796,0.8116505493299436
1,linear,103,sheep's neck,155,0.07907066085646229,0.6070819784556666
1,linear,104,sheep's leg,53,0.3915094339622642,0.8146422983340498
1,linear,105,sheep's ear,174,0.10905856604891262,0.46970336026265874
1,linear,106,sheep's muzzle,177,0.5220608039427612,0.8376444864092069
1,linear,107,sheep's horn,22,0.011363636363636364,0.18951955691657282
1,linear,108,train's headlight,16,0.0625,0.4912846442312002
1,linear,109,train's head,209,0.04725449999268545,0.4495994118465619
1,linear,110,train's front,203,0.31403940886699505,0.7534889766551884
1,linear,111,train's side,246,0.10873983739837398,0.4788025077886698
1,linear,112,train's back,24,0.3645833333333333,0.7555168184141318
1,linear,113,train's roof,48,0.0078125,0.2657109176895271
1,linear,114,train's coach,183,0.3756830601092896,0.6595787731777938
1,linear,115,tvmonitor's screen,289,0.5696366782006921,0.7540345088833343
1,orthogonal,0,aeroplane's body,462,0.17625231918318446,0.698911306016889
1,orthogonal,1,aeroplane's stern,414,0.01393202209962163,0.42791359437908527
1,orthogonal,2,aeroplane's wing,409,0.05043660505039476,0.5088050953797941
1,orthogonal,3,aeroplane's tail,1,0.0,0.6053036451339722
1,orthogonal,4,aeroplane's engine,300,0.08822619050741196,0.39703815266179543
1,orthogonal,5,aeroplane's wheel,226,0.2768120527663062,0.8863988192999257
1,orthogonal,6,bicycle's wheel,306,0.7753267973856209,0.8347386608472447
1,orthogonal,7,bicycle's saddle,205,0.018292682926829267,0.24768389696028176
1,orthogonal,8,bicycle's handlebar,263,0.3341254752851711,0.9038755026833639
1,orthogonal,9,bicycle's chainwheel,217,0.14224270370698744,0.6775216535806724
1,orthogonal,10,bicycle's headlight,1,1.0,0.9719851016998291
1,orthogonal,11,bird's wing,250,0.3723476198911667,0.743105081655085
1,orthogonal,12,bird's tail,403,0.3827986536043749,0.8436132075251184
1,orthogonal,13,bird's head,535,0.5912572320655127,0.9040601920858722
1,orthogonal,14,bird's eye,218,0.0015290520333368844,0.13263942987162516
1,orthogonal,15,bird's beak,431,0.13768368160779956,0.6490275043812678
1,orthogonal,16,bird's torso,575,0.4641511392334233,0.7263683614264363
1,orthogonal,17,bird's neck,284,0.2318200873027385,0.789843479512443
1,orthogonal,18,bird's leg,285,0.248550543136764,0.8751798641263393
1,orthogonal,19,bird's foot,199,0.02467695627380256,0.40352223328684445
1,orthogonal,20,bottle's body,432,0.6034722222291209,0.82191452484026
1,orthogonal,21,bottle's cap,326,0.12092827950701392,0.44499396536773517
1,orthogonal,22,bus's wheel,233,0.5006642144637047,0.8584045549702747
1,orthogonal,23,bus's headlight,155,0.004838709677419355,0.24810231611613304
1,orthogonal,24,bus's front,183,0.08879781420765027,0.7161238160941119
1,orthogonal,25,bus's side,245,0.21975218665843108,0.7001643556721356
1,orthogonal,26,bus's back,53,0.3113207547169811,0.7188253458940758
1,orthogonal,27,bus's roof,20,0.225,0.5398152954876423
1,orthogonal,28,bus's mirror,117,0.0,0.23818057380680346
1,orthogonal,29,bus's license plate,4,0.15625,0.638514906167984
1,orthogonal,30,bus's door,104,0.34895833409749544,0.5168411424383521
1,orthogonal,31,bus's window,261,0.4251505203859103,0.5128105079533953
1,orthogonal,32,car's wheel,515,0.5753513648961355,0.6811756278234489
1,orthogonal,33,car's headlight,289,0.24163783184384804,0.43414948081797483
1,orthogonal,34,car's front,365,0.29353881286431666,0.6429633554938722
1,orthogonal,35,car's side,515,0.15324549249653677,0.590908013985863
1,orthogonal,36,car's back,195,0.3830586082660235,0.7942212784137481
1,orthogonal,37,car's roof,132,0.2695346323378158,0.679810728031126
1,orthogonal,38,car's mirror,279,0.01928656791273411,0.22499034399547244
1,orthogonal,39,car's license plate,8,0.296875,0.699546656338498
1,orthogonal,40,car's door,258,0.4165466972446257,0.6321210695806053
1,orthogonal,41,car's window,548,0.45809436978323614,0.5990350640304115
1,orthogonal,42,cat's tail,332,0.4043746416019388,0.7712157727499683
1,orthogonal,43,cat's head,890,0.34058988764044945,0.7433670823284414
1,orthogonal,44,cat's eye,645,0.30639904088290165,0.49871832185908577
1,orthogonal,45,cat's torso,871,0.6684845005740528,0.7724284707097043
1,orthogonal,46,cat's neck,601,0.30764598752714434,0.7423356980853986
1,orthogonal,47,cat's leg,670,0.44116915428816383,0.7682807225789596
1,orthogonal,48,cat's nose,589,0.10393726284313688,0.8329538069032955
1,orthogonal,49,cat's paw,570,0.5839494576318223,0.8790067434441625
1,orthogonal,50,cat's ear,848,0.13446765561711113,0.5336468863819357
1,orthogonal,51,cow's tail,49,0.13811953365802765,0.649034176401946
1,orthogonal,52,cow's head,180,0.20791666673289405,0.7874175382985009
1,orthogonal,53,cow's eye,60,0.0020833333333333333,0.13393864737202724
1,orthogonal,54,cow's torso,187,0.6277692895681463,0.7920579106253098
1,orthogonal,55,cow's neck,81,0.0864197532703847,0.6686927755305796
1,orthogonal,56,cow's leg,142,0.40669014084507044,0.8174638725082639
1,orthogonal,57,cow's ear,138,0.058876811594202896,0.25104091119736544
1,orthogonal,58,cow's muzzle,161,0.47797249414905996,0.7937633066050569
1,orthogonal,59,cow's horn,53,0.013252471134347736,0.21176607880460205
1,orthogonal,60,dog's tail,367,0.3055858316067454,0.6687559593641466
1,orthogonal,61,dog's head,1010,0.3363625648440701,0.7150929174800911
1,orthogonal,62,dog's eye,641,0.16212577106614195,0.5723088683760994
1,orthogonal,63,dog's torso,981,0.5117105967559824,0.6732207419128593
1,orthogonal,64,dog's neck,454,0.41512743944901204,0.7965407877963545
1,orthogonal,65,dog's leg,810,0.4189373898285407,0.7652192743564094
1,orthogonal,66,dog's nose,815,0.00467426237518802,0.5698814206693802
1,orthogonal,67,dog's paw,629,0.33388977297633554,0.6401105030855854
1,orthogonal,68,dog's ear,899,0.3603951496396367,0.6966439046191509
1,orthogonal,69,dog's muzzle,939,0.3998719527127263,0.7478528883669197
1,orthogonal,70,horse's tail,147,0.45963718828295363,0.8583783927012463
1,orthogonal,71,horse's head,282,0.444803275960557,0.8578143415721595
1,orthogonal,72,horse's eye,104,0.009615384615384616,0.1514848590326997
1,orthogonal,73,horse's torso,293,0.6757679180887372,0.8200324814474217
1,orthogonal,74,horse's neck,233,0.09142141843558381,0.5237334917095597
1,orthogonal,75,horse's leg,265,0.3231132075471698,0.7080430896495873
1,orthogonal,76,horse's ear,223,0.12956972099473124,0.5732570789345109
1,orthogonal,77,horse's muzzle,256,0.5385556202381849,0.8419440054567531
1,orthogonal,78,horse's hoof,127,0.0,0.21006241374773774
1,orthogonal,79,motorbike's wheel,244,0.6470286885245902,0.8121088596641041
1,orthogonal,80,motorbike's saddle,8,0.203125,0.6929491832852364
1,orthogonal,81,motorbike's handlebar,11,0.1590909090909091,0.8139140009880066
1,orthogonal,82,motorbike's headlight,113,0.07632743362831858,0.7419668355610518
1,orthogonal,83,person's head,1334,0.20786214063594724,0.5402124980199283
1,orthogonal,84,person's eye,585,0.03488603990811568,0.29452453901449965
1,orthogonal,85,person's torso,1273,0.23637919473254765,0.46990685295152645
1,orthogonal,86,person's neck,757,0.12490249770635657,0.37302624053829886
1,orthogonal,87,person's leg,486,0.12768959465586108,0.396082750354882
1,orthogonal,88,person's foot,135,0.05788359851748855,0.33716488584738086
1,orthogonal,89,person's nose,907,0.10210400620986766,0.5131984205429813
1,orthogonal,90,person's ear,688,0.040206256993981296,0.20498258438567782
1,orthogonal,91,person's eyebrow,432,0.05653935194843345,0.6118087293817317
1,orthogonal,92,person's mouth,712,0.12268592852554965,0.5930960099212825
1,orthogonal,93,person's hair,1082,0.26500858265954774,0.5538542044995431
1,orthogonal,94,person's lower arm,753,0.06200910651509663,0.3676762705239632
1,orthogonal,95,person's upper arm,1043,0.03865908800641277,0.3425702280494405
1,orthogonal,96,person's hand,669,0.0917556413486934,0.32446820404720234
1,orthogonal,97,pottedplant's pot,181,0.6180939226519337,0.8186022752062392
1,orthogonal,98,pottedplant's plant,203,0.5171123625609675,0.7368185226553179
1,orthogonal,99,sheep's tail,56,0.05357142857142857,0.606191970674055
1,orthogonal,100,sheep's head,217,0.3442725481525544,0.8535115277986922
1,orthogonal,101,sheep's eye,63,0.0,0.22687778545040932
1,orthogonal,102,sheep's torso,236,0.5647951977611598,0.8024335402553364
1,orthogonal,103,sheep's neck,155,0.10833333336537884,0.6511603702460566
1,orthogonal,104,sheep's leg,53,0.4009433962264151,0.8195977925129656
1,orthogonal,105,sheep's ear,174,0.10632183925173748,0.4523298177632621
1,orthogonal,106,sheep's muzzle,177,0.4921240269464288,0.8341982546183517
1,orthogonal,107,sheep's horn,22,0.03409090909090909,0.21795789093117823
1,orthogonal,108,train's headlight,16,0.0625,0.44835013383999467
1,orthogonal,109,train's head,209,0.03597060836958543,0.4124092329070685
1,orthogonal,110,train's front,203,0.37007389162561577,0.7697147351914438
1,orthogonal,111,train's side,246,0.1133130081300813,0.47816870531173256
1,orthogonal,112,train's back,24,0.375,0.7551730411748091
1,orthogonal,113,train's roof,48,0.0026041666666666665,0.26372427221698064
1,orthogonal,114,train's coach,183,0.3770491803278688,0.6512642823709328
1,orthogonal,115,tvmonitor's screen,289,0.5756920415224913,0.7596791188609642
2,linear,0,aeroplane's body,462,0.24431818181818182,0.7337386556518026
2,linear,1,aeroplane's stern,414,0.011473429951690822,0.41382049434426904
2,linear,2,aeroplane's wing,409,0.041768541181582984,0.49408315686841464
2,linear,3,aeroplane's tail,1,0.0,0.7524856328964233
2,linear,4,aeroplane's engine,300,0.08905158773064613,0.46180042991104225
2,linear,5,aeroplane's wheel,226,0.27488938053097345,0.8978056632048261
2,linear,6,bicycle's wheel,306,0.8055555555555556,0.8422379628116009
2,linear,7,bicycle's saddle,205,0.016463414634146342,0.25635745522634285
2,linear,8,bicycle's handlebar,263,0.3873574144486692,0.9231468559217997
2,linear,9,bicycle's chainwheel,217,0.15820715415038272,0.6889547694319954
2,linear,10,bicycle's headlight,1,0.875,0.9281082153320312
2,linear,11,bird's wing,250,0.42406666737794874,0.7575340174287558
2,linear,12,bird's tail,403,0.413928276219084,0.8880039822892575
2,linear,13,bird's head,535,0.6142590123637814,0.9125447120064887
2,linear,14,bird's eye,218,0.02522935779816514,0.14658220412013112
2,linear,15,bird's beak,431,0.2461882674431303,0.8358282005012451
2,linear,16,bird's torso,575,0.5477370606557183,0.8103133193954177
2,linear,17,bird's neck,284,0.2901156945547587,0.8348575347483578
2,linear,18,bird's leg,285,0.2555847954331783,0.8716707252619559
2,linear,19,bird's foot,199,0.04917444401050932,0.5314567897787046
2,linear,20,bottle's body,432,0.6244212962962963,0.8284436511220755
2,linear,21,bottle's cap,326,0.17488314357637627,0.5437605245827348
2,linear,22,bus's wheel,233,0.5902820356158228,0.9221992069303734
2,linear,23,bus's headlight,155,0.0064516129032258064,0.3145921598278707
2,linear,24,bus's front,183,0.1092896174863388,0.7262944114989922
2,linear,25,bus's side,245,0.2571428571428571,0.7313418031955252
2,linear,26,bus's back,53,0.3490566037735849,0.7353244570066344
2,linear,27,bus's roof,20,0.2526785731315613,0.5560826547443867
2,linear,28,bus's mirror,117,0.0,0.29690436095508754
2,linear,29,bus's license plate,4,0.1770833358168602,0.6601985618472099
2,linear,30,bus's door,104,0.34261675952718806,0.5564906178042293
2,linear,31,bus's window,261,0.5438332426365308,0.5872693576803609
2,linear,32,car's wheel,515,0.7143157658067721,0.8394719478864114
2,linear,33,car's headlight,289,0.3140467961663606,0.6221399029272134
2,linear,34,car's front,365,0.3224657534328226,0.6527556264237182
2,linear,35,car's side,515,0.21908229326160208,0.6334430129348653
2,linear,36,car's back,195,0.4199633703017846,0.8053614005828515
2,linear,37,car's roof,132,0.29924242435531184,0.7255304446161697
2,linear,38,car's mirror,279,0.02523894869725764,0.2599150887623723
2,linear,39,car's license plate,8,0.21875,0.6975508518517017
2,linear,40,car's door,258,0.49227113380681636,0.7357134721711163
2,linear,41,car's window,548,0.5477037715596439,0.6840467122485385
2,linear,42,cat's tail,332,0.4594054795711873,0.8411793709474514
2,linear,43,cat's head,890,0.43848314606741573,0.7618457651581992
2,linear,44,cat's eye,645,0.5163695116606793,0.8119918218626128
2,linear,45,cat's torso,871,0.7246460007711064,0.8025202811209123
2,linear,46,cat's neck,601,0.3341296256431526,0.7552384420758278
2,linear,47,cat's leg,670,0.49930348260633983,0.7982753576405013
2,linear,48,cat's nose,589,0.13096652932604222,0.8713769328310857
2,linear,49,cat's paw,570,0.6197138688281962,0.9061541681553711
2,linear,50,cat's ear,848,0.20717374231877192,0.6620175111072384
2,linear,51,cow's tail,49,0.1813654042020136,0.6886414474978739
2,linear,52,cow's head,180,0.2509259263674418,0.8061521136098437
2,linear,53,cow's eye,60,0.11168650935093562,0.2658417883018653
2,linear,54,cow's torso,187,0.6397058823529411,0.808536983906904
2,linear,55,cow's neck,81,0.10604056495207327,0.6830234448482961
2,linear,56,cow's leg,142,0.426056338028169,0.8318103931739297
2,linear,57,cow's ear,138,0.0691338858526686,0.438670554616745
2,linear,58,cow's muzzle,161,0.6641082531361846,0.8579465046478725
2,linear,59,cow's horn,53,0.0037735849618911743,0.15180802635215926
2,linear,60,dog's tail,367,0.34789477166915134,0.7403838782259123
2,linear,61,dog's head,1010,0.44291607736065836,0.7597854564611864
2,linear,62,dog's eye,641,0.29852351260352616,0.8053554127707659
2,linear,63,dog's torso,981,0.5892845008229869,0.7429759507347563
2,linear,64,dog's neck,454,0.4654604576954758,0.8123658557098342
2,linear,65,dog's leg,810,0.47761463861406583,0.786350110973473
2,linear,66,dog's nose,815,0.00456178793512239,0.5535080206906138
2,linear,67,dog's paw,629,0.4385305487436786,0.7685739320254217
2,linear,68,dog's ear,899,0.4181948206713786,0.8067438962027116
2,linear,69,dog's muzzle,939,0.4510066451006931,0.7718888679172158
2,linear,70,horse's tail,147,0.48696954984243224,0.8851484039253523
2,linear,71,horse's head,282,0.505530226315167,0.8792715836712655
2,linear,72,horse's eye,104,0.07035256435091679,0.24650590560542276
2,linear,73,horse's torso,293,0.71160409556314,0.829819064981498
2,linear,74,horse's neck,233,0.09620886983533786,0.5506558146151862
2,linear,75,horse's leg,265,0.35094339622641507,0.7210747728510848
2,linear,76,horse's ear,223,0.14383942022451907,0.7301468790045234
2,linear,77,horse's muzzle,256,0.5935825924971141,0.8529522204189561
2,linear,78,horse's hoof,127,0.0,0.21702483469459016
2,linear,79,motorbike's wheel,244,0.7925204918032787,0.8647601191626221
2,linear,80,motorbike's saddle,8,0.171875,0.7042166590690613
2,linear,81,motorbike's handlebar,11,0.17045454545454544,0.7815754901279103
2,linear,82,motorbike's headlight,113,0.07853982300884955,0.772574448216278
2,linear,83,person's head,1334,0.20004462082123292,0.5403182355210889
2,linear,84,person's eye,585,0.07899470915142287,0.35181054229187403
2,linear,85,person's torso,1273,0.2576431755769562,0.5139275739029436
2,linear,86,person's neck,757,0.15054570093180103,0.42598048241653996
2,linear,87,person's leg,486,0.12915686892015943,0.41568374878309144
2,linear,88,person's foot,135,0.06658730208873749,0.33590240290181506
2,linear,89,person's nose,907,0.10912742216834159,0.5793886396165243
2,linear,90,person's ear,688,0.04632994196875844,0.22229226095044205
2,linear,91,person's eyebrow,432,0.0408950617743863,0.6109125309093442
2,linear,92,person's mouth,712,0.12585105707220148,0.5973674579670004
2,linear,93,person's hair,1082,0.2749317848913771,0.5800976733554003
2,linear,94,person's lower arm,753,0.049574717087733,0.34562652990541076
2,linear,95,person's upper arm,1043,0.03380473008091818,0.2994904529396177
2,linear,96,person's hand,669,0.08399530251820882,0.3320621606178292
2,linear,97,pottedplant's pot,181,0.621823204485751,0.8202995417526414
2,linear,98,pottedplant's plant,203,0.5077586209245504,0.735908514466779
2,linear,99,sheep's tail,56,0.08482142857142858,0.6288178378183927
2,linear,100,sheep's head,217,0.29872723328902423,0.8312191012817594
2,linear,101,sheep's eye,63,0.05032124003720662,0.3150342300179459
2,linear,102,sheep's torso,236,0.5826271186440678,0.8174479668170719
2,linear,103,sheep's neck,155,0.0779262674431647,0.5928895119697817
2,linear,104,sheep's leg,53,0.3938679245283019,0.8159951100934226
2,linear,105,sheep's ear,174,0.10632183925173748,0.5214825524659507
2,linear,106,sheep's muzzle,177,0.5621536223396744,0.8537062799800083
2,linear,107,sheep's horn,22,0.0,0.1731373919174075
2,linear,108,train's headlight,16,0.0703125,0.5325056724250317
2,linear,109,train's head,209,0.04912850310642754,0.4715579105942158
2,linear,110,train's front,203,0.35119047628834915,0.7491590042272812
2,linear,111,train's side,246,0.09654471544715447,0.4713826095306776
2,linear,112,train's back,24,0.40625,0.7615464429060618
2,linear,113,train's roof,48,0.0078125,0.27036881175202626
2,linear,114,train's coach,183,0.3761709602804132,0.6855379343948892
2,linear,115,tvmonitor's screen,289,0.5302768166089965,0.7419030054836537
2,orthogonal,0,aeroplane's body,462,0.19453463203463203,0.7109718351782143
2,orthogonal,1,aeroplane's stern,414,0.012278582990745416,0.4260793210407674
2,orthogonal,2,aeroplane's wing,409,0.040627546918129864,0.5069902414469672
2,orthogonal,3,aeroplane's tail,1,0.0,0.6667315363883972
2,orthogonal,4,aeroplane's engine,300,0.0700317462782065,0.41929002283451455
2,orthogonal,5,aeroplane's wheel,226,0.2776917409052891,0.8956481583614265
2,orthogonal,6,bicycle's wheel,306,0.7912581699346405,0.8379480573866103
2,orthogonal,7,bicycle's saddle,205,0.01707317073170732,0.25498508509339357
2,orthogonal,8,bicycle's handlebar,263,0.3564638783269962,0.9122148002055208
2,orthogonal,9,bicycle's chainwheel,217,0.1411729209846066,0.676895410766662
2,orthogonal,10,bicycle's headlight,1,0.875,0.9534798264503479
2,orthogonal,11,bird's wing,250,0.38431428676843643,0.7303987706825137
2,orthogonal,12,bird's tail,403,0.38953680772491484,0.8612931542671644
2,orthogonal,13,bird's head,535,0.5976858034869221,0.9072477662674735
2,orthogonal,14,bird's eye,218,0.0015290520333368844,0.13351081674619483
2,orthogonal,15,bird's beak,431,0.18646834642040758,0.7466021736094127
2,orthogonal,16,bird's torso,575,0.5046625263794609,0.7631506472307703
2,orthogonal,17,bird's neck,284,0.26465040266933576,0.8168292190407364
2,orthogonal,18,bird's leg,285,0.2412406016337244,0.868714017407936
2,orthogonal,19,bird's foot,199,0.03161641551022554,0.43310934870536605
2,orthogonal,20,bottle's body,432,0.6115740740809728,0.8240431249141693
2,orthogonal,21,bottle's cap,326,0.14130514188229673,0.47925104701925825
2,orthogonal,22,bus's wheel,233,0.5420958513609841,0.8940415256396895
2,orthogonal,23,bus's headlight,155,0.004032258064516129,0.2493729356075487
2,orthogonal,24,bus's front,183,0.09631147540983606,0.7202679912249247
2,orthogonal,25,bus's side,245,0.21887755102040815,0.7034958564505285
2,orthogonal,26,bus's back,53,0.3018867924528302,0.7161778093508955
2,orthogonal,27,bus's roof,20,0.225,0.5341984912753105
2,orthogonal,28,bus's mirror,117,0.0,0.2723406963687167
2,orthogonal,29,bus's license plate,4,0.1770833358168602,0.6423942893743515
2,orthogonal,30,bus's door,104,0.3562500004011851,0.5418550566985056
2,orthogonal,31,bus's window,261,0.4735951473886483,0.543341801769432
2,orthogonal,32,car's wheel,515,0.6400231166661364,0.7506644837051919
2,orthogonal,33,car's headlight,289,0.27237189048095556,0.5057088261966475
2,orthogonal,34,car's front,365,0.3200717548393223,0.6582617650701575
2,orthogonal,35,car's side,515,0.17927415637136662,0.6065749350320367
2,orthogonal,36,car's back,195,0.40650183184024613,0.8032807588577271
2,orthogonal,37,car's roof,132,0.2862644303928722,0.6949562995384136
2,orthogonal,38,car's mirror,279,0.023745519713261647,0.25452822370881945
2,orthogonal,39,car's license plate,8,0.265625,0.6824207482859492
2,orthogonal,40,car's door,258,0.41443337078473363,0.6581466718353042
2,orthogonal,41,car's window,548,0.5098952907443481,0.6503118142132124
2,orthogonal,42,cat's tail,332,0.4214321575071438,0.7848918554541396
2,orthogonal,43,cat's head,890,0.3467696629213483,0.740252892116315
2,orthogonal,44,cat's eye,645,0.4259819136109463,0.6319253141919599
2,orthogonal,45,cat's torso,871,0.6784347493359745,0.7770272660679713
2,orthogonal,46,cat's neck,601,0.33294509224804386,0.7659248509405556
2,orthogonal,47,cat's leg,670,0.44561833694799624,0.7702165001586302
2,orthogonal,48,cat's nose,589,0.11172891925571325,0.8535886058277105
2,orthogonal,49,cat's paw,570,0.5987781961497508,0.8924890738601486
2,orthogonal,50,cat's ear,848,0.15112589895373807,0.5746021193094147
2,orthogonal,51,cow's tail,49,0.15291545220783778,0.6638206522531656
2,orthogonal,52,cow's head,180,0.20894179915388425,0.7901864135430918
2,orthogonal,53,cow's eye,60,0.010416666666666666,0.15381606792410216
2,orthogonal,54,cow's torso,187,0.6377005347593583,0.7976073419505899
2,orthogonal,55,cow's neck,81,0.10875955352812637,0.6909743094885791
2,orthogonal,56,cow's leg,142,0.4163732394366197,0.8229760357611616
2,orthogonal,57,cow's ear,138,0.05766908219759015,0.31781261855992826
2,orthogonal,58,cow's muzzle,161,0.5852558436045735,0.8293470031356219
2,orthogonal,59,cow's horn,53,0.04528301898038612,0.1976026939931062
2,orthogonal,60,dog's tail,367,0.31989100879966725,0.6900108981197471
2,orthogonal,61,dog's head,1010,0.3661185761932099,0.7285720927142861
2,orthogonal,62,dog's eye,641,0.201049328013069,0.636694907096713
2,orthogonal,63,dog's torso,981,0.550671084150748,0.7018244932125589
2,orthogonal,64,dog's neck,454,0.44058632302520556,0.8124771216137556
2,orthogonal,65,dog's leg,810,0.43270723111467596,0.7713138873654383
2,orthogonal,66,dog's nose,815,0.00404031554614108,0.5578292535675083
2,orthogonal,67,dog's paw,629,0.3791978963560444,0.6905781334896819
2,orthogonal,68,dog's ear,899,0.3739485685631749,0.7399789073895062
2,orthogonal,69,dog's muzzle,939,0.41988691248007604,0.7567126082694823
2,orthogonal,70,horse's tail,147,0.4722222222560117,0.8627938802043597
2,orthogonal,71,horse's head,282,0.45866261401497727,0.8606995218400414
2,orthogonal,72,horse's eye,104,0.017628205223725393,0.16054701283932304
2,orthogonal,73,horse's torso,293,0.6868600682593856,0.8224292001321454
2,orthogonal,74,horse's neck,233,0.10759247916195014,0.5427850430967214
2,orthogonal,75,horse's leg,265,0.3330188679245283,0.7120382639737624
2,orthogonal,76,horse's ear,223,0.12021140413433981,0.6214916009973784
2,orthogonal,77,horse's muzzle,256,0.5577659990522079,0.8474608054384589
2,orthogonal,78,horse's hoof,127,0.0,0.20587161137891097
2,orthogonal,79,motorbike's wheel,244,0.742827868852459,0.8496770408676296
2,orthogonal,80,motorbike's saddle,8,0.203125,0.7108604721724987
2,orthogonal,81,motorbike's handlebar,11,0.17045454545454544,0.7996777133508162
2,orthogonal,82,motorbike's headlight,113,0.07853982300884955,0.754164235913648
2,orthogonal,83,person's head,1334,0.21628649982957468,0.5494796602876446
2,orthogonal,84,person's eye,585,0.04764143269286197,0.318722981111043
2,orthogonal,85,person's torso,1273,0.23677196766294462,0.4738456020395082
2,orthogonal,86,person's neck,757,0.13308643235713047,0.3843025699580184
2,orthogonal,87,person's leg,486,0.12666323765683077,0.4000952506664021
2,orthogonal,88,person's foot,135,0.06114638513988919,0.3433227651993985
2,orthogonal,89,person's nose,907,0.11897017968594699,0.5437324490760634
2,orthogonal,90,person's ear,688,0.04872819770474073,0.20862126093950709
2,orthogonal,91,person's eyebrow,432,0.06055445341324365,0.610643287764914
2,orthogonal,92,person's mouth,712,0.12600153854137727,0.5940102484035358
2,orthogonal,93,person's hair,1082,0.26332189127554956,0.553548341409119
2,orthogonal,94,person's lower arm,753,0.058001328076657706,0.36259119679108087
2,orthogonal,95,person's upper arm,1043,0.04441743153339379,0.33579741260581514
2,orthogonal,96,person's hand,669,0.08612534746817231,0.3245103556742148
2,orthogonal,97,pottedplant's pot,181,0.6169889503421045,0.8175444506643885
2,orthogonal,98,pottedplant's plant,203,0.5145320199393286,0.7365187948266861
2,orthogonal,99,sheep's tail,56,0.0625,0.6115301071799227
2,orthogonal,100,sheep's head,217,0.33896203682444614,0.8472977742072074
2,orthogonal,101,sheep's eye,63,0.0,0.18797153346831835
2,orthogonal,102,sheep's torso,236,0.5667372881355932,0.8023969983145341
2,orthogonal,103,sheep's neck,155,0.13248847934507554,0.6679452590404018
2,orthogonal,104,sheep's leg,53,0.39622641509433965,0.8157000367371541
2,orthogonal,105,sheep's ear,174,0.11377257819490871,0.4786819700344369
2,orthogonal,106,sheep's muzzle,177,0.5298426173164346,0.8464978040632724
2,orthogonal,107,sheep's horn,22,0.019480521028692074,0.19171457949348472
2,orthogonal,108,train's headlight,16,0.0703125,0.46770526887848973
2,orthogonal,109,train's head,209,0.04724880382775119,0.4185797083793146
2,orthogonal,110,train's front,203,0.4039408866995074,0.7741197430588341
2,orthogonal,111,train's side,246,0.09959349593495935,0.4721016019461601
2,orthogonal,112,train's back,24,0.3854166666666667,0.7542317161957423
2,orthogonal,113,train's roof,48,0.0078125,0.2653331760472308
2,orthogonal,114,train's coach,183,0.3743169398907104,0.6628623975369611
2,orthogonal,115,tvmonitor's screen,289,0.5640138408304498,0.7532274325001198
3,linear,0,aeroplane's body,462,0.2710137085352109,0.7497644311550892
3,linear,1,aeroplane's stern,414,0.01127214171892203,0.411971773394352
3,linear,2,aeroplane's wing,409,0.032934567565439964,0.48553838622744916
3,linear,3,aeroplane's tail,1,0.125,0.8480643630027771
3,linear,4,aeroplane's engine,300,0.10014285778005917,0.4906454964230458
3,linear,5,aeroplane's wheel,226,0.27409924164546273,0.8977376084148356
3,linear,6,bicycle's wheel,306,0.8047385620915033,0.8414152272386488
3,linear,7,bicycle's saddle,205,0.015853658536585366,0.25277094851906706
3,linear,8,bicycle's handlebar,263,0.3902091254752852,0.9265278572138724
3,linear,9,bicycle's chainwheel,217,0.18887425979710945,0.7263105560763641
3,linear,10,bicycle's headlight,1,1.0,0.9305101037025452
3,linear,11,bird's wing,250,0.4194238101243973,0.7550269303172826
3,linear,12,bird's tail,403,0.41214403894639784,0.8964274880238265
3,linear,13,bird's head,535,0.6230774369195243,0.915742993299092
3,linear,14,bird's eye,218,0.05313455662049285,0.17289343923586634
3,linear,15,bird's beak,431,0.2856065642667757,0.8786579537315601
3,linear,16,bird's torso,575,0.5571159423693367,0.8287108291232068
3,linear,17,bird's neck,284,0.30934356189739537,0.8502348399340687
3,linear,18,bird's leg,285,0.26088554738906394,0.8737358997788346
3,linear,19,bird's foot,199,0.07036970608198463,0.609563085788758
3,linear,20,bottle's body,432,0.6330054012575635,0.8301509511484592
3,linear,21,bottle's cap,326,0.21655711385370033,0.6071066469228341
3,linear,22,bus's wheel,233,0.6043276110176364,0.9269159538551461
3,linear,23,bus's headlight,155,0.011021505440435102,0.3788469116293615
3,linear,24,bus's front,183,0.13387978142076504,0.7372476751687097
3,linear,25,bus's side,245,0.25510204081632654,0.7359624787252776
3,linear,26,bus's back,53,0.375,0.7304096092592995
3,linear,27,bus's roof,20,0.2737500011920929,0.6008926659822464
3,linear,28,bus's mirror,117,0.0,0.3244441811982383
3,linear,29,bus's license plate,4,0.19375000149011612,0.6680759638547897
3,linear,30,bus's door,104,0.343349360072842,0.5839711762964725
3,linear,31,bus's window,261,0.5969029374963022,0.6267572174355445
3,linear,32,car's wheel,515,0.7231576519105041,0.8641629601421865
3,linear,33,car's headlight,289,0.3700280115781771,0.7153916133271214
3,linear,34,car's front,365,0.3322407045184749,0.660201876702374
3,linear,35,car's side,515,0.23651872410357577,0.6440750810706499
3,linear,36,car's back,195,0.43867521400635057,0.8145319833969459
3,linear,37,car's roof,132,0.30324675357251457,0.7440357786800825
3,linear,38,car's mirror,279,0.03280423298531536,0.2881234143626973
3,linear,39,car's license plate,8,0.21875,0.7059476235881448
3,linear,40,car's door,258,0.5079734225490297,0.7673338900587355
3,linear,41,car's window,548,0.5987269726112812,0.7316400654287669
3,linear,42,cat's tail,332,0.4726369767393692,0.8592017773308802
3,linear,43,cat's head,890,0.5315074906422851,0.7845883907059605
3,linear,44,cat's eye,645,0.494462903479273,0.9006427804513495
3,linear,45,cat's torso,871,0.7421751134568049,0.8064338793608132
3,linear,46,cat's neck,601,0.3555641394238702,0.7645215999564394
3,linear,47,cat's leg,670,0.5306467662773915,0.8123992242475054
3,linear,48,cat's nose,589,0.13618522120959084,0.8757327046175764
3,linear,49,cat's paw,570,0.6331286557410892,0.9177478244430141
3,linear,50,cat's ear,848,0.27520215651899016,0.7408200749898997
3,linear,51,cow's tail,49,0.1966715266509932,0.7346215730875122
3,linear,52,cow's head,180,0.2927248681584994,0.8248916519184907
3,linear,53,cow's eye,60,0.22531746154030163,0.5226685592904687
3,linear,54,cow's torso,187,0.6590909090909091,0.8148977911089831
3,linear,55,cow's neck,81,0.12830687838572044,0.6998753628613036
3,linear,56,cow's leg,142,0.43133802816901406,0.836051624005949
3,linear,57,cow's ear,138,0.10174258182878079,0.5372570006014861
3,linear,58,cow's muzzle,161,0.6806418228408565,0.8620838474088944
3,linear,59,cow's horn,53,0.0031446541817683094,0.16446916947035856
3,linear,60,dog's tail,367,0.3554431040865199,0.7581261443177223
3,linear,61,dog's head,1010,0.5166584158887958,0.7844267985055057
3,linear,62,dog's eye,641,0.3367078971007313,0.88880201230369
3,linear,63,dog's torso,981,0.6370236882740569,0.7687930340340378
3,linear,64,dog's neck,454,0.4768827359319258,0.8110264699069152
3,linear,65,dog's leg,810,0.5165784834159746,0.7995965513550205
3,linear,66,dog's nose,815,0.0045427987546277195,0.5532593971015486
3,linear,67,dog's paw,629,0.47073018515337445,0.8148871710455854
3,linear,68,dog's ear,899,0.4531476778103592,0.8325842765799089
3,linear,69,dog's muzzle,939,0.47959075136560475,0.7852728176104248
3,linear,70,horse's tail,147,0.49195821208207785,0.8967618986862858
3,linear,71,horse's head,282,0.5481382978829086,0.8926850404088379
3,linear,72,horse's eye,104,0.14609661211188024,0.4400232062639239
3,linear,73,horse's torso,293,0.7239761092150171,0.8306799919023449
3,linear,74,horse's neck,233,0.1172082567419617,0.5823038331045102
3,linear,75,horse's leg,265,0.3774258760348806,0.7316080898749379
3,linear,76,horse's ear,223,0.18584240946267216,0.7947247418587517
3,linear,77,horse's muzzle,256,0.6098865356179886,0.8605044219875708
3,linear,78,horse's hoof,127,0.0,0.2333197687554547
3,linear,79,motorbike's wheel,244,0.7945696721311475,0.8630161451511695
3,linear,80,motorbike's saddle,8,0.09375,0.6290668249130249
3,linear,81,motorbike's handlebar,11,0.14772727272727273,0.7605679522861134
3,linear,82,motorbike's headlight,113,0.08628318584070796,0.7879739522406485
3,linear,83,person's head,1334,0.20782465951285442,0.5457755253207626
3,linear,84,person's eye,585,0.13519129065366892,0.43327777916167537
3,linear,85,person's torso,1273,0.2621189172892522,0.5271849724501064
3,linear,86,person's neck,757,0.16037617220273895,0.4474298647479394
3,linear,87,person's leg,486,0.12357436865568161,0.42206727898844476
3,linear,88,person's foot,135,0.06261904824663092,0.34093075206296314
3,linear,89,person's nose,907,0.117913582835597,0.5919945752248168
3,linear,90,person's ear,688,0.048787029481731185,0.23641157858506884
3,linear,91,person's eyebrow,432,0.04370039698012449,0.621698434632789
3,linear,92,person's mouth,712,0.12127307419445407,0.5977577747171483
3,linear,93,person's hair,1082,0.283064871764778,0.6003735672760852
3,linear,94,person's lower arm,753,0.045459432252849714,0.33867786965514735
3,linear,95,person's upper arm,1043,0.032244441593253376,0.28814486443660686
3,linear,96,person's hand,669,0.08461634315806475,0.33839361375108673
3,linear,97,pottedplant's pot,181,0.627348066364204,0.8211001366870838
3,linear,98,pottedplant's plant,203,0.4991379312693779,0.7343889710497974
3,linear,99,sheep's tail,56,0.09151785714285714,0.6454780961253813
3,linear,100,sheep's head,217,0.3195907399401687,0.8347619045439953
3,linear,101,sheep's eye,63,0.20158730163460686,0.5714347446485172
3,linear,102,sheep's torso,236,0.590572033898305,0.8211013927298078
3,linear,103,sheep's neck,155,0.10011520741447326,0.6053110672581581
3,linear,104,sheep's leg,53,0.3867924528301887,0.8163607595664151
3,linear,105,sheep's ear,174,0.11734400672474127,0.5661090935055895
3,linear,106,sheep's muzzle,177,0.5680589222133496,0.8650733314265134
3,linear,107,sheep's horn,22,0.0,0.16775667591189797
3,linear,108,train's headlight,16,0.078125,0.5797990253195167
3,linear,109,train's head,209,0.054710640362575294,0.48890067020244005
3,linear,110,train's front,203,0.36523574950366183,0.7429565635367568
3,linear,111,train's side,246,0.08028455284552846,0.46508573098638195
3,linear,112,train's back,24,0.4047619054714839,0.7528376691043377
3,linear,113,train's roof,48,0.010416666666666666,0.2753982327412814
3,linear,114,train's coach,183,0.3729508196721312,0.7062343661189894
3,linear,115,tvmonitor's screen,289,0.5030276816608996,0.7331850633901709
3,orthogonal,0,aeroplane's body,462,0.21107761287715013,0.7218503895582575
3,orthogonal,1,aeroplane's stern,414,0.012781803554670823,0.42660357995669623
3,orthogonal,2,aeroplane's wing,409,0.04028408437020038,0.5041558150302227
3,orthogonal,3,aeroplane's tail,1,0.0,0.675222635269165
3,orthogonal,4,aeroplane's engine,300,0.08128174612919489,0.4431372311618179
3,orthogonal,5,aeroplane's wheel,226,0.27906131507021137,0.8978827920107715
3,orthogonal,6,bicycle's wheel,306,0.8031045751633987,0.842345321684881
3,orthogonal,7,bicycle's saddle,205,0.016463414634146342,0.25479430158327265
3,orthogonal,8,bicycle's handlebar,263,0.376425855513308,0.9189566767034422
3,orthogonal,9,bicycle's chainwheel,217,0.14616524040149653,0.6848649179846186
3,orthogonal,10,bicycle's headlight,1,0.875,0.9435085654258728
3,orthogonal,11,bird's wing,250,0.38696190565824506,0.7247303727194667
3,orthogonal,12,bird's tail,403,0.4007975900217558,0.86944798870063
3,orthogonal,13,bird's head,535,0.6069336896466317,0.9087768597580562
3,orthogonal,14,bird's eye,218,0.01529051992324514,0.14223028315068864
3,orthogonal,15,bird's beak,431,0.2149624358473687,0.7940424445956047
3,orthogonal,16,bird's torso,575,0.5305093173617902,0.7929372406524161
3,orthogonal,17,bird's neck,284,0.28559691506162493,0.8332468834771237
3,orthogonal,18,bird's leg,285,0.2443107770723209,0.8650113656855466
3,orthogonal,19,bird's foot,199,0.04166666676650694,0.47581330950760364
3,orthogonal,20,bottle's body,432,0.6173611111180098,0.8260727364362942
3,orthogonal,21,bottle's cap,326,0.1644025709640029,0.5224176194815914
3,orthogonal,22,bus's wheel,233,0.5675965665236051,0.9083194547200919
3,orthogonal,23,bus's headlight,155,0.004032258064516129,0.2653958229287978
3,orthogonal,24,bus's front,183,0.10450819672131148,0.7228897622699946
3,orthogonal,25,bus's side,245,0.21887755102040815,0.7044589970793043
3,orthogonal,26,bus's back,53,0.3231132075471698,0.7187744148497311
3,orthogonal,27,bus's roof,20,0.225,0.5475144013762474
3,orthogonal,28,bus's mirror,117,0.0,0.30795191549974626
3,orthogonal,29,bus's license plate,4,0.19375000149011612,0.641802467405796
3,orthogonal,30,bus's door,104,0.3767742682248354,0.5700631542489506
3,orthogonal,31,bus's window,261,0.5340631277054205,0.5822205173558203
3,orthogonal,32,car's wheel,515,0.6867961172629329,0.7951938576743152
3,orthogonal,33,car's headlight,289,0.3052067892258555,0.5749144354177749
3,orthogonal,34,car's front,365,0.34686888472674643,0.669888597767647
3,orthogonal,35,car's side,515,0.20043689336591555,0.6174528521169158
3,orthogonal,36,car's back,195,0.41904761921136807,0.8092660963535309
3,orthogonal,37,car's roof,132,0.28969155884150305,0.7021974080778433
3,orthogonal,38,car's mirror,279,0.03707970662783551,0.2743052652649795
3,orthogonal,39,car's license plate,8,0.265625,0.7043815646320581
3,orthogonal,40,car's door,258,0.4422480625122093,0.6825918524937574
3,orthogonal,41,car's window,548,0.5594021552888147,0.6905502304570735
3,orthogonal,42,cat's tail,332,0.44002438359052304,0.8030003709073391
3,orthogonal,43,cat's head,890,0.3845505617977528,0.7491146485415402
3,orthogonal,44,cat's eye,645,0.4969398328269175,0.7449512089617089
3,orthogonal,45,cat's torso,871,0.6962303865345967,0.7850661194112353
3,orthogonal,46,cat's neck,601,0.35335155758703013,0.7748695452838591
3,orthogonal,47,cat's leg,670,0.45789978684329274,0.7750199492965172
3,orthogonal,48,cat's nose,589,0.11855445073598107,0.8632151590745599
3,orthogonal,49,cat's paw,570,0.6125543030207617,0.9031854458316638
3,orthogonal,50,cat's ear,848,0.18055789580322662,0.622029198759745
3,orthogonal,51,cow's tail,49,0.17755102046898433,0.693940119817853
3,orthogonal,52,cow's head,180,0.22337962968481911,0.7967678561806679
3,orthogonal,53,cow's eye,60,0.022916666666666665,0.17315239577243727
3,orthogonal,54,cow's torso,187,0.642379679144385,0.8030537923070836
3,orthogonal,55,cow's neck,81,0.1369488544670152,0.7174604227881373
3,orthogonal,56,cow's leg,142,0.41813380281690143,0.8282153121602367
3,orthogonal,57,cow's ear,138,0.06888371338878853,0.3997779118599019
3,orthogonal,58,cow's muzzle,161,0.6306492179076865,0.8454081381191008
3,orthogonal,59,cow's horn,53,0.007547169923782349,0.15532339295758954
3,orthogonal,60,dog's tail,367,0.33818606532886825,0.7131013029968056
3,orthogonal,61,dog's head,1010,0.4022736917037775,0.741959073512566
3,orthogonal,62,dog's eye,641,0.256778842829133,0.7308019856535851
3,orthogonal,63,dog's torso,981,0.5897043833886934,0.7295926543565944
3,orthogonal,64,dog's neck,454,0.46158223244718516,0.8196567695276065
3,orthogonal,65,dog's leg,810,0.45141828345295826,0.7766554658703598
3,orthogonal,66,dog's nose,815,0.004184925537899228,0.5520737882772107
3,orthogonal,67,dog's paw,629,0.4168237574718336,0.7391241028303775
3,orthogonal,68,dog's ear,899,0.4036945827280454,0.7769983664416067
3,orthogonal,69,dog's muzzle,939,0.43532887215431504,0.764159976499784
3,orthogonal,70,horse's tail,147,0.4762552642092413,0.8697191660045361
3,orthogonal,71,horse's head,282,0.47107396153270775,0.8650825682049947
3,orthogonal,72,horse's eye,104,0.03302426765171381,0.18742076699765256
3,orthogonal,73,horse's torso,293,0.6928327645051194,0.8253022861307798
3,orthogonal,74,horse's neck,233,0.12221540990305561,0.5665849546218379
3,orthogonal,75,horse's leg,265,0.3471698113207547,0.7191307324705258
3,orthogonal,76,horse's ear,223,0.11977365031637953,0.672813657044763
3,orthogonal,77,horse's muzzle,256,0.5722656266880222,0.854414934059605
3,orthogonal,78,horse's hoof,127,0.0,0.21129814366714691
3,orthogonal,79,motorbike's wheel,244,0.7786885245901639,0.8615986321304665
3,orthogonal,80,motorbike's saddle,8,0.171875,0.6812294647097588
3,orthogonal,81,motorbike's handlebar,11,0.1590909090909091,0.776989145712419
3,orthogonal,82,motorbike's headlight,113,0.07964601769911504,0.7641931764319935
3,orthogonal,83,person's head,1334,0.22342935708285808,0.5550295005603435
3,orthogonal,84,person's eye,585,0.08279202284975949,0.3525801331497347
3,orthogonal,85,person's torso,1273,0.23625668697205474,0.4792041102071634
3,orthogonal,86,person's neck,757,0.1380197528055826,0.3985910318567955
3,orthogonal,87,person's leg,486,0.12299382754068806,0.40228311046421406
3,orthogonal,88,person's foot,135,0.06255731991043798,0.34535762691801347
3,orthogonal,89,person's nose,907,0.13223736090000304,0.5580904328535375
3,orthogonal,90,person's ear,688,0.0390019380205939,0.2074448534979236
3,orthogonal,91,person's eyebrow,432,0.060298170514956666,0.6123017870575294
3,orthogonal,92,person's mouth,712,0.12647304740430934,0.593128897610717
3,orthogonal,93,person's hair,1082,0.26277616479590726,0.5570868752314063
3,orthogonal,94,person's lower arm,753,0.05521248348284844,0.3586306464753224
3,orthogonal,95,person's upper arm,1043,0.043745149187707943,0.32947697871778076
3,orthogonal,96,person's hand,669,0.08602569605292049,0.32976681758094195
3,orthogonal,97,pottedplant's pot,181,0.6169889503421045,0.8188100163284586
3,orthogonal,98,pottedplant's plant,203,0.5169950741265208,0.7377277710314455
3,orthogonal,99,sheep's tail,56,0.08035714285714286,0.6248581980222038
3,orthogonal,100,sheep's head,217,0.3338819404351546,0.844015809316789
3,orthogonal,101,sheep's eye,63,0.010204081734021505,0.19794765363136926
3,orthogonal,102,sheep's torso,236,0.5667372881355932,0.803279594976013
3,orthogonal,103,sheep's neck,155,0.15,0.6824071365979409
3,orthogonal,104,sheep's leg,53,0.39622641509433965,0.8191159215738189
3,orthogonal,105,sheep's ear,174,0.10623289567643199,0.5023902340941987
3,orthogonal,106,sheep's muzzle,177,0.5475450664927057,0.8471846539779739
3,orthogonal,107,sheep's horn,22,0.0,0.18318739237094467
3,orthogonal,108,train's headlight,16,0.0703125,0.49908099323511124
3,orthogonal,109,train's head,209,0.04744816596428173,0.42349350679906433
3,orthogonal,110,train's front,203,0.4195812808469011,0.7777980752105783
3,orthogonal,111,train's side,246,0.0858739837398374,0.4656713895681428
3,orthogonal,112,train's back,24,0.4047619054714839,0.7549101337790489
3,orthogonal,113,train's roof,48,0.0078125,0.26126589012953144
3,orthogonal,114,train's coach,183,0.37636612021857924,0.6821992618077602
3,orthogonal,115,tvmonitor's screen,289,0.541955017301038,0.7462227766282831
4,linear,0,aeroplane's body,462,0.30185786437936674,0.7651771628882462
4,linear,1,aeroplane's stern,414,0.011352657012029546,0.41062918165023776
4,linear,2,aeroplane's wing,409,0.017522412436515603,0.47917640888676377
4,linear,3,aeroplane's tail,1,0.125,0.8354974985122681
4,linear,4,aeroplane's engine,300,0.0933333336810271,0.5143976095039398
4,linear,5,aeroplane's wheel,226,0.27354614430033,0.8990009580038291
4,linear,6,bicycle's wheel,306,0.8063725490196079,0.8402293379010718
4,linear,7,bicycle's saddle,205,0.015853658536585366,0.24748111230934539
4,linear,8,bicycle's handlebar,263,0.39923954372623577,0.9299484316840372
4,linear,9,bicycle's chainwheel,217,0.22383695470023265,0.7674212968019846
4,linear,10,bicycle's headlight,1,1.0,0.9254119396209717
4,linear,11,bird's wing,250,0.40720476281642914,0.7494751092195511
4,linear,12,bird's tail,403,0.4243382963146229,0.9031337109156341
4,linear,13,bird's head,535,0.6306475305390136,0.9192204078920534
4,linear,14,bird's eye,218,0.0772171254278323,0.19904970612650344
4,linear,15,bird's beak,431,0.3044580722491315,0.8956532981376361
4,linear,16,bird's torso,575,0.5641097310315007,0.8380677008628845
4,linear,17,bird's neck,284,0.3283073443552138,0.8557326912512662
4,linear,18,bird's leg,285,0.267819549117172,0.8744592646757762
4,linear,19,bird's foot,199,0.08650394884785216,0.6570563284146725
4,linear,20,bottle's body,432,0.632137345702008,0.8287162636579187
4,linear,21,bottle's cap,326,0.2504564712932505,0.6679495109553717
4,linear,22,bus's wheel,233,0.6096924178845893,0.9288989568984559
4,linear,23,bus's headlight,155,0.023448540799079404,0.4516482497415235
4,linear,24,bus's front,183,0.15915300546448088,0.7438181130612482
4,linear,25,bus's side,245,0.25612244897959185,0.7400231675225861
4,linear,26,bus's back,53,0.3891509433962264,0.7379480652370543
4,linear,27,bus's roof,20,0.2922619067132473,0.6075405888259411
4,linear,28,bus's mirror,117,0.0,0.33713501550129843
4,linear,29,bus's license plate,4,0.19375000149011612,0.6666807532310486
4,linear,30,bus's door,104,0.3730540321423457,0.6127411916923637
4,linear,31,bus's window,261,0.639367816091954,0.6629618139673467
4,linear,32,car's wheel,515,0.7258460475403128,0.8767264897962218
4,linear,33,car's headlight,289,0.41482122278543493,0.7654626973708093
4,linear,34,car's front,365,0.3392465753506308,0.6710399676267415
4,linear,35,car's side,515,0.24880952398175174,0.6531788664824755
4,linear,36,car's back,195,0.45204517726714794,0.8197513157740618
4,linear,37,car's roof,132,0.3112012990044825,0.7580016966006069
4,linear,38,car's mirror,279,0.053200205113725425,0.31697813264765246
4,linear,39,car's license plate,8,0.1458333358168602,0.6850365707650781
4,linear,40,car's door,258,0.547900517319524,0.7976069718368294
4,linear,41,car's window,548,0.6353145639011024,0.7646860015734921
4,linear,42,cat's tail,332,0.48626290894595975,0.869766231457961
4,linear,43,cat's head,890,0.6145264847894732,0.8015976167357203
4,linear,44,cat's eye,645,0.47878553134988444,0.9221046834259994
4,linear,45,cat's torso,871,0.7544489092996556,0.8081040485033896
4,linear,46,cat's neck,601,0.3690198877339752,0.7709114653695245
4,linear,47,cat's leg,670,0.5587562189618154,0.8282277782461537
4,linear,48,cat's nose,589,0.1388612662035662,0.878193074353482
4,linear,49,cat's paw,570,0.6374415212294512,0.9243013182230163
4,linear,50,cat's ear,848,0.32523584928152693,0.7863331256030163
4,linear,51,cow's tail,49,0.21452866950813604,0.7757091096469334
4,linear,52,cow's head,180,0.33991402122709485,0.8425372675061226
4,linear,53,cow's eye,60,0.28001984183986983,0.6999027111877998
4,linear,54,cow's torso,187,0.6711229946524064,0.816860133154507
4,linear,55,cow's neck,81,0.15843621411441286,0.7194486243857278
4,linear,56,cow's leg,142,0.4339788732394366,0.8366070761227272
4,linear,57,cow's ear,138,0.12480158790730048,0.5945737070768423
4,linear,58,cow's muzzle,161,0.6733067162473749,0.8648390136196377
4,linear,59,cow's horn,53,0.0026954179102519774,0.17444837021307563
4,linear,60,dog's tail,367,0.36084403840657475,0.7700238359345971
4,linear,61,dog's head,1010,0.572842998640372,0.8045945146148747
4,linear,62,dog's eye,641,0.35275239603195846,0.9087785156952237
4,linear,63,dog's torso,981,0.6656388040104165,0.7791099856160467
4,linear,64,dog's neck,454,0.47847178532426055,0.8122800911903907
4,linear,65,dog's leg,810,0.5474015285939346,0.8109342985131123
4,linear,66,dog's nose,815,0.004817411650909237,0.5548549598528564
4,linear,67,dog's paw,629,0.4935782429286899,0.8434262921728656
4,linear,68,dog's ear,899,0.472417766097788,0.8416261627723166
4,linear,69,dog's muzzle,939,0.4964032163159154,0.7910438153825311
4,linear,70,horse's tail,147,0.49786200217243765,0.9043492859318143
4,linear,71,horse's head,282,0.5680851063935469,0.8988410010405466
4,linear,72,horse's eye,104,0.19756181366168535,0.5934540723772863
4,linear,73,horse's torso,293,0.7273890784982935,0.8300183513058738
4,linear,74,horse's neck,233,0.1470723482800144,0.6151047711592376
4,linear,75,horse's leg,265,0.3961949686396797,0.7436412611941121
4,linear,76,horse's ear,223,0.2052210131701867,0.8213698892382229
4,linear,77,horse's muzzle,256,0.6246047274908051,0.8714657151722349
4,linear,78,horse's hoof,127,0.000984251968503937,0.23521919941573632
4,linear,79,motorbike's wheel,244,0.7996926229508197,0.862440253745337
4,linear,80,motorbike's saddle,8,0.0625,0.5996039770543575
4,linear,81,motorbike's handlebar,11,0.13636363636363635,0.7519236477938566
4,linear,82,motorbike's headlight,113,0.08960176991150443,0.7947750244520407
4,linear,83,person's head,1334,0.21708074572874508,0.5516370131761238
4,linear,84,person's eye,585,0.1615995123855069,0.4830193676540039
4,linear,85,person's torso,1273,0.26740358414045023,0.5335072372289769
4,linear,86,person's neck,757,0.16324621086627678,0.466821297903544
4,linear,87,person's leg,486,0.11965755477486324,0.4366568353184242
4,linear,88,person's foot,135,0.06128747871628514,0.3454643048828951
4,linear,89,person's nose,907,0.12282380494550939,0.5991003988777897
4,linear,90,person's ear,688,0.05247266077284896,0.24321270806560574
4,linear,91,person's eyebrow,432,0.042427248873368455,0.6212952098835053
4,linear,92,person's mouth,712,0.11772338181650371,0.5995252771012674
4,linear,93,person's hair,1082,0.2930683925913134,0.6175043757070138
4,linear,94,person's lower arm,753,0.042153607821401214,0.33747367922694066
4,linear,95,person's upper arm,1043,0.03075720234090964,0.28570749767817566
4,linear,96,person's hand,669,0.08393835903372288,0.3425397172302943
4,linear,97,pottedplant's pot,181,0.6301104973034305,0.8244525363761417
4,linear,98,pottedplant's plant,203,0.4929802958013976,0.7329653013736156
4,linear,99,sheep's tail,56,0.10044642857142858,0.6647090752209935
4,linear,100,sheep's head,217,0.33569234204457105,0.8481159767110227
4,linear,101,sheep's eye,63,0.23518518535863786,0.6850200075478781
4,linear,102,sheep's torso,236,0.5921610169491526,0.8216116070999937
4,linear,103,sheep's neck,155,0.1350000000769092,0.6346450078391259
4,linear,104,sheep's leg,53,0.39622641509433965,0.8156883204883
4,linear,105,sheep's ear,174,0.13317597186428376,0.596772782847114
4,linear,106,sheep's muzzle,177,0.5584678536249419,0.8691406469834221
4,linear,107,sheep's horn,22,0.0,0.1710226069289175
4,linear,108,train's headlight,16,0.0859375,0.6142590744420886
4,linear,109,train's head,209,0.05837320575588628,0.5054191100504695
4,linear,110,train's front,203,0.3669950738916256,0.7352400793524211
4,linear,111,train's side,246,0.07520325203252033,0.46150535229987244
4,linear,112,train's back,24,0.4097222238779068,0.7517366148531437
4,linear,113,train's roof,48,0.013020833333333334,0.27746452181600034
4,linear,114,train's coach,183,0.3633879781420765,0.7134875340967394
4,linear,115,tvmonitor's screen,289,0.47707612456747406,0.7253768816332503
4,orthogonal,0,aeroplane's body,462,0.23028756958710683,0.7344538560096836
4,orthogonal,1,aeroplane's stern,414,0.012781803554670823,0.42783201212324384
4,orthogonal,2,aeroplane's wing,409,0.03943416009905286,0.5037446285536499
4,orthogonal,3,aeroplane's tail,1,0.0,0.7227700352668762
4,orthogonal,4,aeroplane's engine,300,0.09223015934228897,0.45779315545844534
4,orthogonal,5,aeroplane's wheel,226,0.27892962526694864,0.8989627925695571
4,orthogonal,6,bicycle's wheel,306,0.8092320261437909,0.8432016832376618
4,orthogonal,7,bicycle's saddle,205,0.01707317073170732,0.25055081628989884
4,orthogonal,8,bicycle's handlebar,263,0.38783269961977185,0.9225579646377056
4,orthogonal,9,bicycle's chainwheel,217,0.16315009922201182,0.7048355787219952
4,orthogonal,10,bicycle's headlight,1,0.875,0.9435085654258728
4,orthogonal,11,bird's wing,250,0.37705238175392153,0.7109384518042207
4,orthogonal,12,bird's tail,403,0.4083717363717834,0.8786626881168734
4,orthogonal,13,bird's head,535,0.6147018251017989,0.9120994190746379
4,orthogonal,14,bird's eye,218,0.03363914377645615,0.1582343321306409
4,orthogonal,15,bird's beak,431,0.24142083857562868,0.8339563593302968
4,orthogonal,16,bird's torso,575,0.5451718430933745,0.8147780984380971
4,orthogonal,17,bird's neck,284,0.30242287105237936,0.8439415414148653
4,orthogonal,18,bird's leg,285,0.2501211362972594,0.8657339141034244
4,orthogonal,19,bird's foot,199,0.055754965648579236,0.5266696312581775
4,orthogonal,20,bottle's body,432,0.613020833340232,0.8264987573579505
4,orthogonal,21,bottle's cap,326,0.18809523821974095,0.5636585866860999
4,orthogonal,22,bus's wheel,233,0.5843807480621748,0.9165731474053707
4,orthogonal,23,bus's headlight,155,0.004838709677419355,0.29096938643244
4,orthogonal,24,bus's front,183,0.12431693989071038,0.7269827554134723
4,orthogonal,25,bus's side,245,0.21173469387755103,0.7068076238340261
4,orthogonal,26,bus's back,53,0.3490566037735849,0.7194996043196265
4,orthogonal,27,bus's roof,20,0.23125,0.5482150472700595
4,orthogonal,28,bus's mirror,117,0.0,0.32060224952924454
4,orthogonal,29,bus's license plate,4,0.1770833358168602,0.6601985618472099
4,orthogonal,30,bus's door,104,0.3762706055377538,0.5830267998031698
4,orthogonal,31,bus's window,261,0.5777914615426484,0.6125579221723637
4,orthogonal,32,car's wheel,515,0.706719834306865,0.8174160947751941
4,orthogonal,33,car's headlight,289,0.3333745268801917,0.6206170168663391
4,orthogonal,34,car's front,365,0.37669602118126333,0.6818586485026634
4,orthogonal,35,car's side,515,0.20832639866083572,0.6245493268576062
4,orthogonal,36,car's back,195,0.42365689881336993,0.8117970281686538
4,orthogonal,37,car's roof,132,0.29391233803647937,0.7052383703377211
4,orthogonal,38,car's mirror,279,0.045340501920296726,0.29824536543933666
4,orthogonal,39,car's license plate,8,0.21875,0.6977338306605816
4,orthogonal,40,car's door,258,0.457576596979485,0.7032882731855493
4,orthogonal,41,car's window,548,0.5972258430926034,0.7246620564238868
4,orthogonal,42,cat's tail,332,0.4573221461600568,0.818594781275143
4,orthogonal,43,cat's head,890,0.44410112359550563,0.7634627647572354
4,orthogonal,44,cat's eye,645,0.5145256583542787,0.8278628029369627
4,orthogonal,45,cat's torso,871,0.7121603520914279,0.791620717958112
4,orthogonal,46,cat's neck,601,0.36614372917201476,0.7804166954599582
4,orthogonal,47,cat's leg,670,0.47152985076406106,0.7822752351858723
4,orthogonal,48,cat's nose,589,0.1222532137798332,0.8676139749776325
4,orthogonal,49,cat's paw,570,0.6247723482941326,0.9099977278461059
4,orthogonal,50,cat's ear,848,0.2183723610316245,0.6770527998231491
4,orthogonal,51,cow's tail,49,0.19353741529036542,0.7043438185082407
4,orthogonal,52,cow's head,180,0.25135582031475173,0.8094595899184545
4,orthogonal,53,cow's eye,60,0.0901984137793382,0.24395689703524112
4,orthogonal,54,cow's torso,187,0.6470588235294118,0.8077731726163211
4,orthogonal,55,cow's neck,81,0.15013227528995937,0.7249899789874936
4,orthogonal,56,cow's leg,142,0.4269366197183099,0.8330464659022613
4,orthogonal,57,cow's ear,138,0.07898550739754802,0.44636425720122846
4,orthogonal,58,cow's muzzle,161,0.657238984052439,0.8557834758752991
4,orthogonal,59,cow's horn,53,0.006918239143659484,0.15600081380316108
4,orthogonal,60,dog's tail,367,0.3497599589483614,0.7314454054419327
4,orthogonal,61,dog's head,1010,0.43992102786456005,0.7559294635116464
4,orthogonal,62,dog's eye,641,0.3051723499379924,0.820552158675065
4,orthogonal,63,dog's torso,981,0.6214370663134452,0.7505532072953857
4,orthogonal,64,dog's neck,454,0.4842799458537858,0.8253687761625529
4,orthogonal,65,dog's leg,810,0.4669018225353441,0.7824423660558683
4,orthogonal,66,dog's nose,815,0.003907391209543848,0.5525756067659225
4,orthogonal,67,dog's paw,629,0.44315618269489,0.7761419403821301
4,orthogonal,68,dog's ear,899,0.4271889412164423,0.8068327999283229
4,orthogonal,69,dog's muzzle,939,0.4500684634216042,0.7705770318849653
4,orthogonal,70,horse's tail,147,0.47896825415747507,0.8721505119433614
4,orthogonal,71,horse's head,282,0.4888044579866085,0.8705333343423005
4,orthogonal,72,horse's eye,104,0.08029990858183457,0.26005848688789857
4,orthogonal,73,horse's torso,293,0.7069112627986348,0.8276784650396568
4,orthogonal,74,horse's neck,233,0.14829348066078235,0.5905388607743473
4,orthogonal,75,horse's leg,265,0.3622641509433962,0.7259281169834002
4,orthogonal,76,horse's ear,223,0.1409192835669881,0.7143088962732409
4,orthogonal,77,horse's muzzle,256,0.5847144733997993,0.8566902383463457
4,orthogonal,78,horse's hoof,127,0.0,0.21733099876309003
4,orthogonal,79,motorbike's wheel,244,0.7909836065573771,0.8624067553242699
4,orthogonal,80,motorbike's saddle,8,0.15625,0.653854638338089
4,orthogonal,81,motorbike's handlebar,11,0.1590909090909091,0.7668554891239513
4,orthogonal,82,motorbike's headlight,113,0.084070796460177,0.7753017550021146
4,orthogonal,83,person's head,1334,0.23030627583679947,0.5610228898729765
4,orthogonal,84,person's eye,585,0.11688034216053465,0.3901558828739147
4,orthogonal,85,person's torso,1273,0.24210806910858693,0.4877957355776818
4,orthogonal,86,person's neck,757,0.1403267918206269,0.4053815399226456
4,orthogonal,87,person's leg,486,0.12240593816027229,0.4026909248650442
4,orthogonal,88,person's foot,135,0.06286596181216063,0.345490373250235
4,orthogonal,89,person's nose,907,0.1379206707124016,0.5678777489282372
4,orthogonal,90,person's ear,688,0.0390019380205939,0.20910133843528117
4,orthogonal,91,person's eyebrow,432,0.06484788394084683,0.6150518646312843
4,orthogonal,92,person's mouth,712,0.1254899013745651,0.594148994525476
4,orthogonal,93,person's hair,1082,0.2595040056159007,0.5621239750477349
4,orthogonal,94,person's lower arm,753,0.051582558775644695,0.35299323964802176
4,orthogonal,95,person's upper arm,1043,0.043202986038885546,0.3201549194671914
4,orthogonal,96,person's hand,669,0.08450067662515626,0.33447619369225673
4,orthogonal,97,pottedplant's pot,181,0.6156077348724913,0.8193479416614079
4,orthogonal,98,pottedplant's plant,203,0.5157635470329247,0.7387393185584415
4,orthogonal,99,sheep's tail,56,0.08482142857142858,0.6272064194615398
4,orthogonal,100,sheep's head,217,0.33210445501013286,0.8441271748960293
4,orthogonal,101,sheep's eye,63,0.04795918459930117,0.3019350866772353
4,orthogonal,102,sheep's torso,236,0.5715042372881356,0.8060117482633914
4,orthogonal,103,sheep's neck,155,0.17715053769849962,0.7046338608188014
4,orthogonal,104,sheep's leg,53,0.3915094339622642,0.8180484827959312
4,orthogonal,105,sheep's ear,174,0.11316365671568904,0.5378756238757794
4,orthogonal,106,sheep's muzzle,177,0.559402748184689,0.8487440631488117
4,orthogonal,107,sheep's horn,22,0.0,0.1856093852865425
4,orthogonal,108,train's headlight,16,0.078125,0.5235729776322842
4,orthogonal,109,train's head,209,0.05039872414472571,0.4334370456725074
4,orthogonal,110,train's front,203,0.4341133004926108,0.7794172354593065
4,orthogonal,111,train's side,246,0.07571138211382114,0.458733637037316
4,orthogonal,112,train's back,24,0.4308035721381505,0.7565231546759605
4,orthogonal,113,train's roof,48,0.0078125,0.26052056819510955
4,orthogonal,114,train's coach,183,0.378220140608282,0.6933067327090463
4,orthogonal,115,tvmonitor's screen,289,0.5211937716262975,0.7402239490339088
5,linear,0,aeroplane's body,462,0.32792207792207795,0.7758259357505547
5,linear,1,aeroplane's stern,414,0.010446859910580272,0.4069935522865558
5,linear,2,aeroplane's wing,409,0.016259168718729743,0.47384101427490377
5,linear,3,aeroplane's tail,1,0.125,0.8354974985122681
5,linear,4,aeroplane's engine,300,0.10066666687528292,0.5368025906508168
5,linear,5,aeroplane's wheel,226,0.2674620735038698,0.8963024372284392
5,linear,6,bicycle's wheel,306,0.8031045751633987,0.8394820701842215
5,linear,7,bicycle's saddle,205,0.01402439024390244,0.24486783157761505
5,linear,8,bicycle's handlebar,263,0.40066539923954375,0.9315167157822235
5,linear,9,bicycle's chainwheel,217,0.24321922330263024,0.8010231736480915
5,linear,10,bicycle's headlight,1,1.0,0.9514132142066956
5,linear,11,bird's wing,250,0.3968285726308823,0.7375736668109893
5,linear,12,bird's tail,403,0.42655086872299613,0.9062198593509996
5,linear,13,bird's head,535,0.631386293401228,0.9202823390522711
5,linear,14,bird's eye,218,0.10873744028423904,0.23536902673781737
5,linear,15,bird's beak,431,0.3154982887813497,0.909860212779377
5,linear,16,bird's torso,575,0.5604865426602571,0.8408349127354829
5,linear,17,bird's neck,284,0.33812038962480045,0.8606604625221709
5,linear,18,bird's leg,285,0.269636591746096,0.8762377097941282
5,linear,19,bird's foot,199,0.0987915775584216,0.6828850295450819
5,linear,20,bottle's body,432,0.6390817901464524,0.8280214061615644
5,linear,21,bottle's cap,326,0.27993718991798855,0.7115069265288809
5,linear,22,bus's wheel,233,0.6118383406313703,0.9308705240360146
5,linear,23,bus's headlight,155,0.0381720430427982,0.5149208627881542
5,linear,24,bus's front,183,0.17691256830601093,0.7521757602365942
5,linear,25,bus's side,245,0.24489795918367346,0.7361727532075376
5,linear,26,bus's back,53,0.41037735849056606,0.7414226491215095
5,linear,27,bus's roof,20,0.2729166679084301,0.6163323633372784
5,linear,28,bus's mirror,117,0.0,0.34689395578625876
5,linear,29,bus's license plate,4,0.19375000149011612,0.6753474846482277
5,linear,30,bus's door,104,0.37891483665085757,0.6385889095254242
5,linear,31,bus's window,261,0.6685823754789272,0.6893668695998831
5,linear,32,car's wheel,515,0.7228825708037441,0.8806635429847588
5,linear,33,car's headlight,289,0.44462843971475186,0.798917583502494
5,linear,34,car's front,365,0.34845075019418376,0.6787565986995827
5,linear,35,car's side,515,0.255663430459291,0.6574802835010788
5,linear,36,car's back,195,0.46501221022544764,0.8227507877808351
5,linear,37,car's roof,132,0.31701839850707486,0.7634627127624822
5,linear,38,car's mirror,279,0.05452295630422544,0.3356881584241105
5,linear,39,car's license plate,8,0.18392857536673546,0.75967837870121
5,linear,40,car's door,258,0.5710594318518343,0.811278186854004
5,linear,41,car's window,548,0.6610901114007417,0.7886871217620851
5,linear,42,cat's tail,332,0.48913511189531134,0.8763723413920007
5,linear,43,cat's head,890,0.6659176030185785,0.8110917176235091
5,linear,44,cat's eye,645,0.4777500936689303,0.9298184030970862
5,linear,45,cat's torso,871,0.7637772675086107,0.8089975446257334
5,linear,46,cat's neck,601,0.3822696301931153,0.779273753455792
5,linear,47,cat's leg,670,0.5831751955534095,0.8429728290927944
5,linear,48,cat's nose,589,0.14017301329833745,0.8795611350362289
5,linear,49,cat's paw,570,0.6374937351335559,0.9265073184381452
5,linear,50,cat's ear,848,0.35624438473287057,0.8099223476887312
5,linear,51,cow's tail,49,0.21912050642529313,0.8038636841336075
5,linear,52,cow's head,180,0.3810515874789821,0.8554909287227525
5,linear,53,cow's eye,60,0.27736111159125965,0.7658562183380127
5,linear,54,cow's torso,187,0.6724598930481284,0.816590328187866
5,linear,55,cow's neck,81,0.181584362262561,0.734853889103289
5,linear,56,cow's leg,142,0.43221830985915494,0.8398111619999711
5,linear,57,cow's ear,138,0.13596445894327716,0.6429609050299379
5,linear,58,cow's muzzle,161,0.6556492182223693,0.8660147270847182
5,linear,59,cow's horn,53,0.0023584905660377358,0.1979772354353149
5,linear,60,dog's tail,367,0.36165174565782987,0.7792972637497761
5,linear,61,dog's head,1010,0.6173620934238528,0.819916361267909
5,linear,62,dog's eye,641,0.3576145905088895,0.916114746408418
5,linear,63,dog's torso,981,0.6819584001611375,0.7835964332738176
5,linear,64,dog's neck,454,0.4778136145897899,0.811841741105796
5,linear,65,dog's leg,810,0.5772266314353471,0.8218882136046887
5,linear,66,dog's nose,815,0.00472538710737521,0.5547516050514268
5,linear,67,dog's paw,629,0.5079339850924921,0.8589634126694858
5,linear,68,dog's ear,899,0.47970496345149793,0.8448705735250694
5,linear,69,dog's muzzle,939,0.5083688330440856,0.7949890626893955
5,linear,70,horse's tail,147,0.502356657264184,0.9084829980520164
5,linear,71,horse's head,282,0.5813829787339725,0.9011237088670122
5,linear,72,horse's eye,104,0.21278617273156458,0.6613543268937904
5,linear,73,horse's torso,293,0.7329351535836177,0.830320536225729
5,linear,74,horse's neck,233,0.17578683838312206,0.6434711959101099
5,linear,75,horse's leg,265,0.41553459128118914,0.7573910902131279
5,linear,76,horse's ear,223,0.21700299013355923,0.8330436654956886
5,linear,77,horse's muzzle,256,0.626674109196756,0.8765371383051388
5,linear,78,horse's hoof,127,0.001968503937007874,0.24657466646841192
5,linear,79,motorbike's wheel,244,0.8002049180327869,0.8606856968559202
5,linear,80,motorbike's saddle,8,0.046875,0.5758218392729759
5,linear,81,motorbike's handlebar,11,0.13636363636363635,0.7358572753992948
5,linear,82,motorbike's headlight,113,0.09513274336283185,0.7981509801033324
5,linear,83,person's head,1334,0.22563628957368087,0.558834740855051
5,linear,84,person's eye,585,0.17030321627091138,0.5122786577488495
5,linear,85,person's torso,1273,0.26847716364116997,0.5381396583558367
5,linear,86,person's neck,757,0.1715811168580578,0.48529225357474765
5,linear,87,person's leg,486,0.12056143477620411,0.4446865000873191
5,linear,88,person's foot,135,0.06089065306716495,0.3441738095479431
5,linear,89,person's nose,907,0.12290649516908442,0.6006059713467602
5,linear,90,person's ear,688,0.05289313424551903,0.24463834919016483
5,linear,91,person's eyebrow,432,0.04023919768493484,0.6207842640039787
5,linear,92,person's mouth,712,0.11563837643336045,0.5992484668373088
5,linear,93,person's hair,1082,0.30028716739191363,0.6325223658194287
5,linear,94,person's lower arm,753,0.04235439200404473,0.33189733575591707
5,linear,95,person's upper arm,1043,0.02897890709333429,0.2831480712286078
5,linear,96,person's hand,669,0.0806712225324548,0.33995491859986154
5,linear,97,pottedplant's pot,181,0.6301104973034305,0.8247587687402799
5,linear,98,pottedplant's plant,203,0.4905172416142055,0.7323501468659035
5,linear,99,sheep's tail,56,0.11830357142857142,0.6873056454850095
5,linear,100,sheep's head,217,0.3582400704995828,0.8610454935082642
5,linear,101,sheep's eye,63,0.24315948642435528,0.7173749028690277
5,linear,102,sheep's torso,236,0.5958686440677966,0.8225343415545205
5,linear,103,sheep's neck,155,0.1738709677611628,0.6633106456648918
5,linear,104,sheep's leg,53,0.3901617257100231,0.8194943447158022
5,linear,105,sheep's ear,174,0.1453407229534511,0.6150540792351139
5,linear,106,sheep's muzzle,177,0.5597121359433158,0.876693972002315
5,linear,107,sheep's horn,22,0.0,0.18506843613629992
5,linear,108,train's headlight,16,0.1015625,0.6282205386087298
5,linear,109,train's head,209,0.062320574191198394,0.5162264504536772
5,linear,110,train's front,203,0.37561576354679804,0.7391734991791507
5,linear,111,train's side,246,0.06605691056910569,0.4561027919010418
5,linear,112,train's back,24,0.3993055572112401,0.7487626473108927
5,linear,113,train's roof,48,0.013020833333333334,0.28125489115094143
5,linear,114,train's coach,183,0.36543715846994534,0.7351980025325316
5,linear,115,tvmonitor's screen,289,0.44896193771626297,0.7182091968488529
5,orthogonal,0,aeroplane's body,462,0.2482864358079382,0.7437400858188088
5,orthogonal,1,aeroplane's stern,414,0.013768115949227614,0.43023610798920986
5,orthogonal,2,aeroplane's wing,409,0.03267260460515477,0.5030922508709734
5,orthogonal,3,aeroplane's tail,1,0.125,0.8260688185691833
5,orthogonal,4,aeroplane's engine,300,0.09825396870573362,0.47821518314071
5,orthogonal,5,aeroplane's wheel,226,0.28109987389988605,0.9011855503890367
5,orthogonal,6,bicycle's wheel,306,0.8130446623256004,0.8444637644524667
5,orthogonal,7,bicycle's saddle,205,0.01707317073170732,0.24726335106462968
5,orthogonal,8,bicycle's handlebar,263,0.39401140684410646,0.9262645651405755
5,orthogonal,9,bicycle's chainwheel,217,0.18355826236959977,0.7308132817050279
5,orthogonal,10,bicycle's headlight,1,0.875,0.9435085654258728
5,orthogonal,11,bird's wing,250,0.37682857203483583,0.707833019606769
5,orthogonal,12,bird's tail,403,0.41165071511386936,0.8874874987983822
5,orthogonal,13,bird's head,535,0.621172675128295,0.9154800114787628
5,orthogonal,14,bird's eye,218,0.05963302759128973,0.17955819286038638
5,orthogonal,15,bird's beak,431,0.24874047208966346,0.8546526982446834
5,orthogonal,16,bird's torso,575,0.5543291928457177,0.8251713890873867
5,orthogonal,17,bird's neck,284,0.31375754566889413,0.8502782333747182
5,orthogonal,18,bird's leg,285,0.24967836267069765,0.8661004926029005
5,orthogonal,19,bird's foot,199,0.06670854304304075,0.57140440098829
5,orthogonal,20,bottle's body,432,0.6179398148217135,0.8275755718005476
5,orthogonal,21,bottle's cap,326,0.215724510877776,0.6020226098962722
5,orthogonal,22,bus's wheel,233,0.5968884120299581,0.9193763566631105
5,orthogonal,23,bus's headlight,155,0.007526881752475616,0.3149632203482812
5,orthogonal,24,bus's front,183,0.13866120218579234,0.731943683871806
5,orthogonal,25,bus's side,245,0.20714285714285716,0.7069381666426756
5,orthogonal,26,bus's back,53,0.37028301886792453,0.7245279585696617
5,orthogonal,27,bus's roof,20,0.23809524178504943,0.5487491928040982
5,orthogonal,28,bus's mirror,117,0.0,0.3306912396612585
5,orthogonal,29,bus's license plate,4,0.1770833358168602,0.6650225892663002
5,orthogonal,30,bus's door,104,0.3591117224154564,0.5898071314709691
5,orthogonal,31,bus's window,261,0.6261174968832754,0.6473895305075408
5,orthogonal,32,car's wheel,515,0.7190453081165703,0.8377698434462536
5,orthogonal,33,car's headlight,289,0.36689322851727163,0.664528776237348
5,orthogonal,34,car's front,365,0.4060176126760979,0.6943071987122705
5,orthogonal,35,car's side,515,0.21953074448895685,0.6310100873986494
5,orthogonal,36,car's back,195,0.43107448113270297,0.8156015348740113
5,orthogonal,37,car's roof,132,0.28869949574723386,0.7085237738422372
5,orthogonal,38,car's mirror,279,0.07213261670109192,0.3343121391724408
5,orthogonal,39,car's license plate,8,0.21875,0.7016760008409619
5,orthogonal,40,car's door,258,0.474206349877424,0.7255047234858192
5,orthogonal,41,car's window,548,0.6239463852813644,0.751497468183728
5,orthogonal,42,cat's tail,332,0.47062535880200834,0.8290194103196936
5,orthogonal,43,cat's head,890,0.5049157303370787,0.7777229729202692
5,orthogonal,44,cat's eye,645,0.49980435826519665,0.8765457462129551
5,orthogonal,45,cat's torso,871,0.7256505931936094,0.7953702886636989
5,orthogonal,46,cat's neck,601,0.3722268445618736,0.7835321425399844
5,orthogonal,47,cat's leg,670,0.48134328358208955,0.7880696115431501
5,orthogonal,48,cat's nose,589,0.1240156844435402,0.8703069867525117
5,orthogonal,49,cat's paw,570,0.6296825404752765,0.9168245362608056
5,orthogonal,50,cat's ear,848,0.26472652770297705,0.7311037649479607
5,orthogonal,51,cow's tail,49,0.19863945610669195,0.7115679921544328
5,orthogonal,52,cow's head,180,0.2805224868986342,0.8210713295472993
5,orthogonal,53,cow's eye,60,0.1972817468146483,0.3824179091801246
5,orthogonal,54,cow's torso,187,0.6597593582887701,0.8119495942949612
5,orthogonal,55,cow's neck,81,0.16945914188284933,0.7377937811392324
5,orthogonal,56,cow's leg,142,0.43133802816901406,0.8353373034739159
5,orthogonal,57,cow's ear,138,0.1012767431312713,0.5328717071536011
5,orthogonal,58,cow's muzzle,161,0.6674060942778676,0.8561421002706756
5,orthogonal,59,cow's horn,53,0.005053908476289714,0.17990300778018417
5,orthogonal,60,dog's tail,367,0.3582392637427561,0.7422601732955764
5,orthogonal,61,dog's head,1010,0.4832154644597875,0.7717921566033717
5,orthogonal,62,dog's eye,641,0.3290561624510612,0.8725657077875226
5,orthogonal,63,dog's torso,981,0.6424955100762856,0.7607521800424953
5,orthogonal,64,dog's neck,454,0.4934235371747731,0.828821292023958
5,orthogonal,65,dog's leg,810,0.4846781306244709,0.7893911845890093
5,orthogonal,66,dog's nose,815,0.004284253606767011,0.554514301700826
5,orthogonal,67,dog's paw,629,0.45813839168351483,0.8000400319343081
5,orthogonal,68,dog's ear,899,0.44908893569160224,0.823065796394618
5,orthogonal,69,dog's muzzle,939,0.45896597306568404,0.7754219367989083
5,orthogonal,70,horse's tail,147,0.4871396179101905,0.8794037778259945
5,orthogonal,71,horse's head,282,0.5211626140149772,0.8784853698725396
5,orthogonal,72,horse's eye,104,0.11098901153757022,0.346034297056926
5,orthogonal,73,horse's torso,293,0.7128839590443686,0.8294206102960345
5,orthogonal,74,horse's neck,233,0.16206315159797668,0.6065723390154573
5,orthogonal,75,horse's leg,265,0.3797843666009183,0.7353149770144022
5,orthogonal,76,horse's ear,223,0.16960282015693562,0.7580573012542832
5,orthogonal,77,horse's muzzle,256,0.5937639524927363,0.858148334431462
5,orthogonal,78,horse's hoof,127,0.0,0.22630325065353724
5,orthogonal,79,motorbike's wheel,244,0.7889344262295082,0.8617350754679226
5,orthogonal,80,motorbike's saddle,8,0.09375,0.6219521164894104
5,orthogonal,81,motorbike's handlebar,11,0.1590909090909091,0.7540827556089922
5,orthogonal,82,motorbike's headlight,113,0.08738938053097345,0.7830873384939886
5,orthogonal,83,person's head,1334,0.24080727533109184,0.5661570666339724
5,orthogonal,84,person's eye,585,0.15447089972659053,0.4339242266666176
5,orthogonal,85,person's torso,1273,0.2457889130358048,0.4938369384582337
5,orthogonal,86,person's neck,757,0.14779989998123289,0.4149140712966259
5,orthogonal,87,person's leg,486,0.12343229509798097,0.4046706291099573
5,orthogonal,88,person's foot,135,0.06258377465936872,0.34565678047775117
5,orthogonal,89,person's nose,907,0.1451147170254782,0.5788007931955274
5,orthogonal,90,person's ear,688,0.0446947674851778,0.21307682336530062
5,orthogonal,91,person's eyebrow,432,0.06412863779675078,0.6152891070448311
5,orthogonal,92,person's mouth,712,0.12500668840294474,0.5947484966528371
5,orthogonal,93,person's hair,1082,0.26103446066599895,0.5674804272052665
5,orthogonal,94,person's lower arm,753,0.04907038522906512,0.3464435059076316
5,orthogonal,95,person's upper arm,1043,0.04177053379875359,0.31673741077402406
5,orthogonal,96,person's hand,669,0.08490817879169332,0.3359770006611553
5,orthogonal,97,pottedplant's pot,181,0.616298342607298,0.8199667269518363
5,orthogonal,98,pottedplant's plant,203,0.5151477834861267,0.7395937825585234
5,orthogonal,99,sheep's tail,56,0.08705357142857142,0.630437887539821
5,orthogonal,100,sheep's head,217,0.34554531524807625,0.8495080601509815
5,orthogonal,101,sheep's eye,63,0.15958049940684485,0.45285035604758866
5,orthogonal,102,sheep's torso,236,0.5736228813559322,0.8083711208428367
5,orthogonal,103,sheep's neck,155,0.19435483880581395,0.7172950736937984
5,orthogonal,104,sheep's leg,53,0.3915094339622642,0.8197752344158461
5,orthogonal,105,sheep's ear,174,0.12897509601952015,0.5743445448320488
5,orthogonal,106,sheep's muzzle,177,0.5686844271623482,0.8596533744959003
5,orthogonal,107,sheep's horn,22,0.0,0.18880344241518865
5,orthogonal,108,train's headlight,16,0.078125,0.5387710351496935
5,orthogonal,109,train's head,209,0.04920255189592188,0.4431472691711769
5,orthogonal,110,train's front,203,0.44889162561576357,0.7815810942958141
5,orthogonal,111,train's side,246,0.06707317073170732,0.45317962353791647
5,orthogonal,112,train's back,24,0.4357638905445735,0.7534599117934704
5,orthogonal,113,train's roof,48,0.010416666666666666,0.2601904289331287
5,orthogonal,114,train's coach,183,0.37002341929680665,0.7075851378972576
5,orthogonal,115,tvmonitor's screen,289,0.509083044982699,0.7355333546041205
6,linear,0,aeroplane's body,462,0.3446969696969697,0.786768384084299
6,linear,1,aeroplane's stern,414,0.010929951705218514,0.4048803027017393
6,linear,2,aeroplane's wing,409,0.008033531292143544,0.47156495628263667
6,linear,3,aeroplane's tail,1,0.125,0.8354974985122681
6,linear,4,aeroplane's engine,300,0.0908452382683754,0.5408428035055598
6,linear,5,aeroplane's wheel,226,0.26445954490815643,0.8942735617139698
6,linear,6,bicycle's wheel,306,0.8031045751633987,0.8386106978054919
6,linear,7,bicycle's saddle,205,0.01097560975609756,0.24295490133326228
6,linear,8,bicycle's handlebar,263,0.4063688212927757,0.9329496665145961
6,linear,9,bicycle's chainwheel,217,0.24754224285002677,0.8125618931747252
6,linear,10,bicycle's headlight,1,1.0,0.9473254680633545
6,linear,11,bird's wing,250,0.3690333349108696,0.7275724067389965
6,linear,12,bird's tail,403,0.43076036896362496,0.9094846752973703
6,linear,13,bird's head,535,0.6325322658937668,0.9206791499786288
6,linear,14,bird's eye,218,0.13103975574357793,0.25645887024632286
6,linear,15,bird's beak,431,0.32098387036550347,0.9175550948716095
6,linear,16,bird's torso,575,0.5637784680076268,0.8443777587621109
6,linear,17,bird's neck,284,0.345741113674053,0.8641932557376337
6,linear,18,bird's leg,285,0.2763868004606481,0.8777377543742196
6,linear,19,bird's foot,199,0.10946398726360283,0.6963164415491286
6,linear,20,bottle's body,432,0.6423611111111112,0.8264415978488547
6,linear,21,bottle's cap,326,0.30902351745250034,0.745110335548414
6,linear,22,bus's wheel,233,0.6123748213180656,0.9310053428355205
6,linear,23,bus's headlight,155,0.05940860221462865,0.5654583429136584
6,linear,24,bus's front,183,0.17827868852459017,0.7569140635552953
6,linear,25,bus's side,245,0.24081632653061225,0.7343027772952099
6,linear,26,bus's back,53,0.42452830188679247,0.7488275078951188
6,linear,27,bus's roof,20,0.27083333507180213,0.6089273564517498
6,linear,28,bus's mirror,117,0.004273504273504274,0.36192192352161956
6,linear,29,bus's license plate,4,0.1770833358168602,0.7052895873785019
6,linear,30,bus's door,104,0.38950320648459286,0.668064264437327
6,linear,31,bus's window,261,0.6973180076628352,0.7153284458935946
6,linear,32,car's wheel,515,0.7250462325163258,0.8830648128558131
6,linear,33,car's headlight,289,0.4600757952379933,0.8289619141023051
6,linear,34,car's front,365,0.36095890410958903,0.6841001226885678
6,linear,35,car's side,515,0.2588187702651163,0.6573578110308324
6,linear,36,car's back,195,0.4836019538151912,0.827606612826005
6,linear,37,car's roof,132,0.31485389624581195,0.7644533741316109
6,linear,38,car's mirror,279,0.06613329950199333,0.36163726463533374
6,linear,39,car's license plate,8,0.18392857536673546,0.7348185554146767
6,linear,40,car's door,258,0.5974344779816709,0.826648340380007
6,linear,41,car's window,548,0.6825317172401578,0.8067861545667814
6,linear,42,cat's tail,332,0.49338425139346753,0.8843859999653805
6,linear,43,cat's head,890,0.6988630284084363,0.817251590457274
6,linear,44,cat's eye,645,0.482650426030159,0.9360413838495579
6,linear,45,cat's torso,871,0.7703788748564868,0.8104027475986361
6,linear,46,cat's neck,601,0.3942417400500144,0.7867985546291371
6,linear,47,cat's leg,670,0.6095024875962912,0.8562399670926493
6,linear,48,cat's nose,589,0.1422144071102547,0.8806170041978055
6,linear,49,cat's paw,570,0.6384126993124946,0.9275651994504427
6,linear,50,cat's ear,848,0.37563875797292534,0.822415329375357
6,linear,51,cow's tail,49,0.2388483976223031,0.8340480917570542
6,linear,52,cow's head,180,0.4168981481757429,0.8681245116723908
6,linear,53,cow's eye,60,0.2811111114919186,0.7954698051015536
6,linear,54,cow's torso,187,0.678475935828877,0.8199558975224827
6,linear,55,cow's neck,81,0.19084362152182024,0.7463999180882065
6,linear,56,cow's leg,142,0.43133802816901406,0.841675480276766
6,linear,57,cow's ear,138,0.14195997321951218,0.6525714598812055
6,linear,58,cow's muzzle,161,0.6518115953814169,0.8659126450602682
6,linear,59,cow's horn,53,0.0023584905660377358,0.20479779184426902
6,linear,60,dog's tail,367,0.3648306737966044,0.7881381776214296
6,linear,61,dog's head,1010,0.6512564828932875,0.8324516756921121
6,linear,62,dog's eye,641,0.36216848700448245,0.9206673670298595
6,linear,63,dog's torso,981,0.6982986263695357,0.7868144299140035
6,linear,64,dog's neck,454,0.4790486681238145,0.8123833469488547
6,linear,65,dog's leg,810,0.5960846561340638,0.8276338333884875
6,linear,66,dog's nose,815,0.004798422452130932,0.5550572119241843
6,linear,67,dog's paw,629,0.5141059131567353,0.8696510085927852
6,linear,68,dog's ear,899,0.4838934797333663,0.8455126258079481
6,linear,69,dog's muzzle,939,0.5170901171442546,0.7965615635997635
6,linear,70,horse's tail,147,0.5031422094828417,0.911218635737896
6,linear,71,horse's head,282,0.5834810874880628,0.9029521657854107
6,linear,72,horse's eye,104,0.218566850400888,0.6955846583363242
6,linear,73,horse's torso,293,0.7333617747440273,0.8300461653658148
6,linear,74,horse's neck,233,0.19538626612000198,0.6657034258474096
6,linear,75,horse's leg,265,0.43896226416218953,0.7686206649778025
6,linear,76,horse's ear,223,0.2163356825909807,0.8339074884829499
6,linear,77,horse's muzzle,256,0.6304548014304601,0.879210868908558
6,linear,78,horse's hoof,127,0.002952755905511811,0.25650691927417996
6,linear,79,motorbike's wheel,244,0.7991803278688525,0.8587851201901671
6,linear,80,motorbike's saddle,8,0.046875,0.5550706051290035
6,linear,81,motorbike's handlebar,11,0.13636363636363635,0.725289832461964
6,linear,82,motorbike's headlight,113,0.1006637168141593,0.8004598266783014
6,linear,83,person's head,1334,0.24100717553670617,0.5665673243532563
6,linear,84,person's eye,585,0.17607244732033492,0.5286779779717963
6,linear,85,person's torso,1273,0.2702137813592463,0.5434767938819286
6,linear,86,person's neck,757,0.17372932110862657,0.5031023072232609
6,linear,87,person's leg,486,0.11972124273639648,0.4476971417012023
6,linear,88,person's foot,135,0.05962962982831178,0.34120205652520613
6,linear,89,person's nose,907,0.1252375711022559,0.601665527013037
6,linear,90,person's ear,688,0.056710271554630855,0.24887615906854355
6,linear,91,person's eyebrow,432,0.040093143884506494,0.6210648857070029
6,linear,92,person's mouth,712,0.11263710570134473,0.5997127387914649
6,linear,93,person's hair,1082,0.3098340823062026,0.644157743109855
6,linear,94,person's lower arm,753,0.04175836340602176,0.33257808472904293
6,linear,95,person's upper arm,1043,0.02610030597431205,0.2794359343917549
6,linear,96,person's hand,669,0.07734714259124836,0.3411374879758722
6,linear,97,pottedplant's pot,181,0.634944751447077,0.8262562374713013
6,linear,98,pottedplant's plant,203,0.4892857145206094,0.7305929943772372
6,linear,99,sheep's tail,56,0.140625,0.7085323791418757
6,linear,100,sheep's head,217,0.3741935484008306,0.8676974990400851
6,linear,101,sheep's eye,63,0.25360922207908027,0.7400666280161767
6,linear,102,sheep's torso,236,0.596927966101695,0.8238992620322664
6,linear,103,sheep's neck,155,0.19838709677419356,0.6850229251769281
6,linear,104,sheep's leg,53,0.40251572345787623,0.819747897813905
6,linear,105,sheep's ear,174,0.14791324631921177,0.6268197248807583
6,linear,106,sheep's muzzle,177,0.5586494507089173,0.8779332669778058
6,linear,107,sheep's horn,22,0.0,0.1778880130838264
6,linear,108,train's headlight,16,0.1015625,0.6375430300831795
6,linear,109,train's head,209,0.06897926637145321,0.5223624983615283
6,linear,110,train's front,203,0.37086558767727446,0.7400334788293674
6,linear,111,train's side,246,0.06046747967479675,0.45257215474436924
6,linear,112,train's back,24,0.390625,0.7453395115832487
6,linear,113,train's roof,48,0.010416666666666666,0.28102258453145623
6,linear,114,train's coach,183,0.35880171747806944,0.7375445134652768
6,linear,115,tvmonitor's screen,289,0.42430795847750863,0.7135649204872884
6,orthogonal,0,aeroplane's body,462,0.2599206349421373,0.7504634156952172
6,orthogonal,1,aeroplane's stern,414,0.013768115949227614,0.4314085310639966
6,orthogonal,2,aeroplane's wing,409,0.03057690081357373,0.5004542141806672
6,orthogonal,3,aeroplane's tail,1,0.125,0.8664045333862305
6,orthogonal,4,aeroplane's engine,300,0.10172619079550108,0.4959523988732447
6,orthogonal,5,aeroplane's wheel,226,0.2799936791436862,0.9012780979407572
6,orthogonal,6,bicycle's wheel,306,0.8122276688615481,0.8440816441392587
6,orthogonal,7,bicycle's saddle,205,0.016463414634146342,0.24468392671608344
6,orthogonal,8,bicycle's handlebar,263,0.40019011406844107,0.9288797673163759
6,orthogonal,9,bicycle's chainwheel,217,0.20682466558871732,0.7533939562154256
6,orthogonal,10,bicycle's headlight,1,1.0,0.9305101037025452
6,orthogonal,11,bird's wing,250,0.37162380999326705,0.7073129368424416
6,orthogonal,12,bird's tail,403,0.4137569424458236,0.8920445086494568
6,orthogonal,13,bird's head,535,0.6285558526482538,0.9174915399506828
6,orthogonal,14,bird's eye,218,0.07891000451844767,0.20020780173437927
6,orthogonal,15,bird's beak,431,0.2671417534489643,0.8718465434045913
6,orthogonal,16,bird's torso,575,0.5568530023616293,0.8300122748120972
6,orthogonal,17,bird's neck,284,0.32811871249700936,0.8582720919446626
6,orthogonal,18,bird's leg,285,0.24964912288021623,0.8650251080069625
6,orthogonal,19,bird's foot,199,0.07768604968061399,0.6134456959950864
6,orthogonal,20,bottle's body,432,0.6179398148217135,0.8277264739973126
6,orthogonal,21,bottle's cap,326,0.24038854817305605,0.6405096587502151
6,orthogonal,22,bus's wheel,233,0.6032188842352879,0.9216476778615698
6,orthogonal,23,bus's headlight,155,0.008333333365378842,0.34746695285843265
6,orthogonal,24,bus's front,183,0.1598360655737705,0.7368801584660681
6,orthogonal,25,bus's side,245,0.20357142857142857,0.7079517515338197
6,orthogonal,26,bus's back,53,0.38207547169811323,0.7305125809221897
6,orthogonal,27,bus's roof,20,0.2458333343267441,0.542130509763956
6,orthogonal,28,bus's mirror,117,0.0,0.3369670877089867
6,orthogonal,29,bus's license plate,4,0.1770833358168602,0.6650225818157196
6,orthogonal,30,bus's door,104,0.354681779558842,0.5933678100745265
6,orthogonal,31,bus's window,261,0.6661877394636015,0.6759889994772915
6,orthogonal,32,car's wheel,515,0.7194521501805018,0.8496836468541217
6,orthogonal,33,car's headlight,289,0.3875720886107547,0.700121736327979
6,orthogonal,34,car's front,365,0.4237051533917858,0.7019816790949809
6,orthogonal,35,car's side,515,0.22823855769865722,0.6356894289116257
6,orthogonal,36,car's back,195,0.4455311357210844,0.8182399669518837
6,orthogonal,37,car's roof,132,0.29104437306523323,0.7159482742462194
6,orthogonal,38,car's mirror,279,0.07231609507273602,0.3473268818664348
6,orthogonal,39,car's license plate,8,0.20000000298023224,0.7038913676515222
6,orthogonal,40,car's door,258,0.48859819221173145,0.7341256190466788
6,orthogonal,41,car's window,548,0.6486661453479833,0.7745447855198035
6,orthogonal,42,cat's tail,332,0.4763374932738672,0.8401817611267184
6,orthogonal,43,cat's head,890,0.5660513643803221,0.7920469304944358
6,orthogonal,44,cat's eye,645,0.4914950185274893,0.9075433843025519
6,orthogonal,45,cat's torso,871,0.7361748947683897,0.7984149837192793
6,orthogonal,46,cat's neck,601,0.3849477065531862,0.7898817200728145
6,orthogonal,47,cat's leg,670,0.4922441365113899,0.7954437853240255
6,orthogonal,48,cat's nose,589,0.12667555995728244,0.8725734793269574
6,orthogonal,49,cat's paw,570,0.633410610650715,0.919061967521383
6,orthogonal,50,cat's ear,848,0.3127639266082419,0.774919912561704
6,orthogonal,51,cow's tail,49,0.21139455814750827,0.7398149691598148
6,orthogonal,52,cow's head,180,0.32028439169128736,0.8340680183635818
6,orthogonal,53,cow's eye,60,0.24059523964921634,0.5160380657762289
6,orthogonal,54,cow's torso,187,0.6644385026737968,0.813558399996018
6,orthogonal,55,cow's neck,81,0.18672839524569335,0.7466127865108443
6,orthogonal,56,cow's leg,142,0.4269366197183099,0.8373193646400747
6,orthogonal,57,cow's ear,138,0.11495859283899916,0.5823723811359294
6,orthogonal,58,cow's muzzle,161,0.6734989662163006,0.8608301465416918
6,orthogonal,59,cow's horn,53,0.0047169811320754715,0.19061161597030904
6,orthogonal,60,dog's tail,367,0.3598060209598463,0.7458781936010523
6,orthogonal,61,dog's head,1010,0.5133132956995823,0.7824718691113561
6,orthogonal,62,dog's eye,641,0.3416536663558665,0.8949772393601175
6,orthogonal,63,dog's torso,981,0.6611256737045557,0.7708017583803543
6,orthogonal,64,dog's neck,454,0.4969320329078494,0.8290084195261748
6,orthogonal,65,dog's leg,810,0.5021252205158457,0.7967461866453106
6,orthogonal,66,dog's nose,815,0.004805725995748321,0.556891774308462
6,orthogonal,67,dog's paw,629,0.4724846704491371,0.8182948339309999
6,orthogonal,68,dog's ear,899,0.4676333497940367,0.8355611949595514
6,orthogonal,69,dog's muzzle,939,0.46980070090268494,0.7791745291985135
6,orthogonal,70,horse's tail,147,0.49031422109830947,0.8839973704445929
6,orthogonal,71,horse's head,282,0.5410460993013484,0.8845882807851683
6,orthogonal,72,horse's eye,104,0.15777243630817303,0.4575527774778983
6,orthogonal,73,horse's torso,293,0.7128839590443686,0.8289752255476782
6,orthogonal,74,horse's neck,233,0.1856223177244735,0.6308797424890964
6,orthogonal,75,horse's leg,265,0.3904761906502382,0.7439784494211089
6,orthogonal,76,horse's ear,223,0.19539291227879546,0.7984960506181545
6,orthogonal,77,horse's muzzle,256,0.5983491455554031,0.8631922990898602
6,orthogonal,78,horse's hoof,127,0.000984251968503937,0.23367373057179094
6,orthogonal,79,motorbike's wheel,244,0.7930327868852459,0.8615719038443487
6,orthogonal,80,motorbike's saddle,8,0.09375,0.6189112141728401
6,orthogonal,81,motorbike's handlebar,11,0.14772727272727273,0.7510903802785006
6,orthogonal,82,motorbike's headlight,113,0.09402654867256637,0.79035389159633
6,orthogonal,83,person's head,1334,0.24808577891589997,0.5711945163315048
6,orthogonal,84,person's eye,585,0.15556573113824568,0.4564831925357063
6,orthogonal,85,person's torso,1273,0.24969232831521945,0.5006673468885181
6,orthogonal,86,person's neck,757,0.15493803915212145,0.4234024018807093
6,orthogonal,87,person's leg,486,0.12023074688857475,0.40668737961538903
6,orthogonal,88,person's foot,135,0.06245149947978832,0.3495319019244225
6,orthogonal,89,person's nose,907,0.1514464228392436,0.5901975048903084
6,orthogonal,90,person's ear,688,0.04384689927534308,0.21677288728925875
6,orthogonal,91,person's eyebrow,432,0.06509314391210123,0.6172711972720679
6,orthogonal,92,person's mouth,712,0.12344335239338741,0.5953303373083891
6,orthogonal,93,person's hair,1082,0.2611708924615009,0.5711375514110774
6,orthogonal,94,person's lower arm,753,0.04861032072291431,0.3440109455795986
6,orthogonal,95,person's upper arm,1043,0.041522850840569454,0.30993720900163785
6,orthogonal,96,person's hand,669,0.08364474361341986,0.34083994478822555
6,orthogonal,97,pottedplant's pot,181,0.6190607735465244,0.8199959467293808
6,orthogonal,98,pottedplant's plant,203,0.5139162563925306,0.740371015601851
6,orthogonal,99,sheep's tail,56,0.09375,0.6401712839558188
6,orthogonal,100,sheep's head,217,0.36132323941052785,0.8566578462513911
6,orthogonal,101,sheep's eye,63,0.20833333333333334,0.5475743763030522
6,orthogonal,102,sheep's torso,236,0.5794491525423728,0.8123025543103783
6,orthogonal,103,sheep's neck,155,0.21678187414523095,0.7291672806585988
6,orthogonal,104,sheep's leg,53,0.39622641509433965,0.8202484795507395
6,orthogonal,105,sheep's ear,174,0.14129036707782197,0.5988626053835127
6,orthogonal,106,sheep's muzzle,177,0.5711528158794015,0.8617334717011216
6,orthogonal,107,sheep's horn,22,0.0,0.19141199346631765
6,orthogonal,108,train's headlight,16,0.0859375,0.5502088628709316
6,orthogonal,109,train's head,209,0.052312599913925645,0.45912121843243614
6,orthogonal,110,train's front,203,0.4692997889125288,0.7786897618341916
6,orthogonal,111,train's side,246,0.056910569105691054,0.44960119120958375
6,orthogonal,112,train's back,24,0.4513888905445735,0.7511997533341249
6,orthogonal,113,train's roof,48,0.010416666666666666,0.26217850755589706
6,orthogonal,114,train's coach,183,0.3681693989071038,0.7111544591257644
6,orthogonal,115,tvmonitor's screen,289,0.4935121107266436,0.7297232595488274
7,linear,0,aeroplane's body,462,0.35443722943722944,0.7898481435654483
7,linear,1,aeroplane's stern,414,0.009541062881117281,0.4030006592868319
7,linear,2,aeroplane's wing,409,0.006112469437652812,0.46953642575985644
7,linear,3,aeroplane's tail,1,0.125,0.8466290831565857
7,linear,4,aeroplane's engine,300,0.08013888890544574,0.5387618843217691
7,linear,5,aeroplane's wheel,226,0.2616940581824927,0.8933710157871246
7,linear,6,bicycle's wheel,306,0.7994281045751634,0.8389562939117158
7,linear,7,bicycle's saddle,205,0.00975609756097561,0.24111228472575907
7,linear,8,bicycle's handlebar,263,0.41064638783269963,0.934007162376955
7,linear,9,bicycle's chainwheel,217,0.2572141764900102,0.8344138345685422
7,linear,10,bicycle's headlight,1,1.0,0.9632180333137512
7,linear,11,bird's wing,250,0.3479238101840019,0.7225591579377652
7,linear,12,bird's tail,403,0.4365945885110434,0.9120445237414121
7,linear,13,bird's head,535,0.6274566096958712,0.9195369697202032
7,linear,14,bird's eye,218,0.1464886418586477,0.2804780360994809
7,linear,15,bird's beak,431,0.32520716061724864,0.9218488464568442
7,linear,16,bird's torso,575,0.5674409939413485,0.8454346279475999
7,linear,17,bird's neck,284,0.35283786100401004,0.8676527677444925
7,linear,18,bird's leg,285,0.27594820396942005,0.8787759808071872
7,linear,19,bird's foot,199,0.10936228833605896,0.7023634647753969
7,linear,20,bottle's body,432,0.6419890873410083,0.8246551235033958
7,linear,21,bottle's cap,326,0.3266615542166072,0.767802984528015
7,linear,22,bus's wheel,233,0.6139842633781515,0.9320185524711282
7,linear,23,bus's headlight,155,0.07446236562344336,0.6113687846929796
7,linear,24,bus's front,183,0.19672131147540983,0.7616791106312653
7,linear,25,bus's side,245,0.2357142857142857,0.7284830645639069
7,linear,26,bus's back,53,0.4410377358490566,0.7524888291954994
7,linear,27,bus's roof,20,0.28041666820645333,0.6180870220065117
7,linear,28,bus's mirror,117,0.003205128205128205,0.36991541668709016
7,linear,29,bus's license plate,4,0.19375000149011612,0.699033796787262
7,linear,30,bus's door,104,0.38284111782335317,0.681700932005277
7,linear,31,bus's window,261,0.717911877394636,0.7397595832402679
7,linear,32,car's wheel,515,0.7274734170402138,0.8848987630559403
7,linear,33,car's headlight,289,0.47185697816441213,0.8521343558820473
7,linear,34,car's front,365,0.3765818656715628,0.6886633793376896
7,linear,35,car's side,515,0.26423948221993676,0.6585217749320188
7,linear,36,car's back,195,0.49642246663570405,0.8318559564841099
7,linear,37,car's roof,132,0.31875000002257753,0.7783501678795526
7,linear,38,car's mirror,279,0.06001024081715546,0.3564593348465192
7,linear,39,car's license plate,8,0.1875000037252903,0.7257122285664082
7,linear,40,car's door,258,0.6025609085264132,0.835671753095564
7,linear,41,car's window,548,0.7001911716630859,0.8201659303430441
7,linear,42,cat's tail,332,0.5003944350384086,0.8880485408905759
7,linear,43,cat's head,890,0.717322097400601,0.82118712945768
7,linear,44,cat's eye,645,0.4839830211197683,0.9380115528670392
7,linear,45,cat's torso,871,0.7766934557979334,0.811720861650225
7,linear,46,cat's neck,601,0.40334561449814954,0.7900967701104239
7,linear,47,cat's leg,670,0.6350621890888285,0.8665669803743932
7,linear,48,cat's nose,589,0.14477524469987646,0.8822225871636629
7,linear,49,cat's paw,570,0.6375814544004307,0.9268138145668465
7,linear,50,cat's ear,848,0.3884265500138391,0.8287304078562642
7,linear,51,cow's tail,49,0.24149659884219266,0.849162366317243
7,linear,52,cow's head,180,0.44593253971801866,0.8766026412447293
7,linear,53,cow's eye,60,0.27944444492459297,0.7950021862983704
7,linear,54,cow's torso,187,0.68048128342246,0.8236803000464159
7,linear,55,cow's neck,81,0.19701646102799308,0.7502531449735901
7,linear,56,cow's leg,142,0.4357394366197183,0.8422110053435178
7,linear,57,cow's ear,138,0.14683402416066846,0.6568751592674981
7,linear,58,cow's muzzle,161,0.6469905362551257,0.8653241835812234
7,linear,59,cow's horn,53,0.0023584905660377358,0.19830618615982668
7,linear,60,dog's tail,367,0.37075061649490115,0.7988546568220253
7,linear,61,dog's head,1010,0.6772289015869103,0.8393642917496733
7,linear,62,dog's eye,641,0.3661596467965479,0.9238337245820651
7,linear,63,dog's torso,981,0.7083005679887127,0.7880773838992998
7,linear,64,dog's neck,454,0.47935022039560493,0.8126877259774881
7,linear,65,dog's leg,810,0.6133686067513477,0.8316054645787787
7,linear,66,dog's nose,815,0.004868536401380059,0.5555011377744148
7,linear,67,dog's paw,629,0.5129608606211901,0.8733629410544526
7,linear,68,dog's ear,899,0.48425499249552195,0.8454834077262773
7,linear,69,dog's muzzle,939,0.5206856341185534,0.7984460914930025
7,linear,70,horse's tail,147,0.5075639782308721,0.9134233434285436
7,linear,71,horse's head,282,0.58359929079071,0.901760386342698
7,linear,72,horse's eye,104,0.23161630103221306,0.7264718101001703
7,linear,73,horse's torso,293,0.7363481228668942,0.8318285282459682
7,linear,74,horse's neck,233,0.22993562233038725,0.6861242113451078
7,linear,75,horse's leg,265,0.44839622642634047,0.7742525967224589
7,linear,76,horse's ear,223,0.21709908217592624,0.8355114309643417
7,linear,77,horse's muzzle,256,0.6278552852454595,0.8813728921231814
7,linear,78,horse's hoof,127,0.001968503937007874,0.266364208385935
7,linear,79,motorbike's wheel,244,0.7996926229508197,0.8592544952865506
7,linear,80,motorbike's saddle,8,0.046875,0.556317362934351
7,linear,81,motorbike's handlebar,11,0.13636363636363635,0.7196696102619171
7,linear,82,motorbike's headlight,113,0.09955752212389381,0.8010038440733884
7,linear,83,person's head,1334,0.24717998205275013,0.5726902532144108
7,linear,84,person's eye,585,0.17934473047399113,0.5399530396948004
7,linear,85,person's torso,1273,0.2739554116296094,0.5466744496660104
7,linear,86,person's neck,757,0.17523432214949847,0.5119383170323561
7,linear,87,person's leg,486,0.11394522854207474,0.45309925641876037
7,linear,88,person's foot,135,0.06002645547743197,0.34431961190507365
7,linear,89,person's nose,907,0.12752795792795726,0.6026814717521158
7,linear,90,person's ear,688,0.0571324753380099,0.2524554085854149
7,linear,91,person's eyebrow,432,0.04051201518073126,0.6239876773238562
7,linear,92,person's mouth,712,0.10912252564945918,0.599045079347306
7,linear,93,person's hair,1082,0.3191774500165541,0.6539782147321768
7,linear,94,person's lower arm,753,0.039647758224729206,0.3313873905984123
7,linear,95,person's upper arm,1043,0.026247546048200943,0.27444209023767213
7,linear,96,person's hand,669,0.07686846085193445,0.34520532764906486
7,linear,97,pottedplant's pot,181,0.6363259669166902,0.8271619977213401
7,linear,98,pottedplant's plant,203,0.4880541874270134,0.730692733574677
7,linear,99,sheep's tail,56,0.15848214285714285,0.726245837818299
7,linear,100,sheep's head,217,0.4026662278834576,0.8742501399209422
7,linear,101,sheep's eye,63,0.254686319402286,0.7508286792371008
7,linear,102,sheep's torso,236,0.6038135593220338,0.8268103953135215
7,linear,103,sheep's neck,155,0.21382488483382808,0.6926164677066188
7,linear,104,sheep's leg,53,0.40849056615019746,0.8246370587708816
7,linear,105,sheep's ear,174,0.15441297251602698,0.6474304964830135
7,linear,106,sheep's muzzle,177,0.5594363754751992,0.8803432944130762
7,linear,107,sheep's horn,22,0.0,0.1779149491339922
7,linear,108,train's headlight,16,0.1015625,0.6499288650229573
7,linear,109,train's head,209,0.07117224880382775,0.5273007102684969
7,linear,110,train's front,203,0.3764367816336636,0.7473482652911412
7,linear,111,train's side,246,0.05589430894308943,0.451600717516934
7,linear,112,train's back,24,0.4084821442763011,0.7469405221442381
7,linear,113,train's roof,48,0.0078125,0.2798500594993432
7,linear,114,train's coach,183,0.3561020037515567,0.7407710516387648
7,linear,115,tvmonitor's screen,289,0.40570934256055363,0.7088494026537172
7,orthogonal,0,aeroplane's body,462,0.2746212121212121,0.7576080219118626
7,orthogonal,1,aeroplane's stern,414,0.013989533023269857,0.4325591468292734
7,orthogonal,2,aeroplane's wing,409,0.02656013516750196,0.5002199308286378
7,orthogonal,3,aeroplane's tail,1,0.125,0.8354974985122681
7,orthogonal,4,aeroplane's engine,300,0.09796825438737869,0.5014608149199437
7,orthogonal,5,aeroplane's wheel,226,0.27822903523930403,0.9014453541124816
7,orthogonal,6,bicycle's wheel,306,0.8147875817090857,0.844333199893727
7,orthogonal,7,bicycle's saddle,205,0.015853658536585366,0.23947388940468067
7,orthogonal,8,bicycle's handlebar,263,0.40209125475285173,0.9301955944684975
7,orthogonal,9,bicycle's chainwheel,217,0.2213517668472457,0.7785885392726841
7,orthogonal,10,bicycle's headlight,1,1.0,0.9305100440979004
7,orthogonal,11,bird's wing,250,0.3670714290142059,0.7005650635883212
7,orthogonal,12,bird's tail,403,0.4177567061064557,0.8948293096448292
7,orthogonal,13,bird's head,535,0.6323742772095672,0.9184232558045432
7,orthogonal,14,bird's eye,218,0.10184578433496143,0.22170240638794703
7,orthogonal,15,bird's beak,431,0.28230858582078444,0.8807801891403519
7,orthogonal,16,bird's torso,575,0.5549855075711789,0.8329062329167906
7,orthogonal,17,bird's neck,284,0.3405809861568498,0.8663650606824479
7,orthogonal,18,bird's leg,285,0.24935672528911054,0.8649595980058636
7,orthogonal,19,bird's foot,199,0.0902668107394597,0.6380631430963775
7,orthogonal,20,bottle's body,432,0.6134259259259259,0.8268306020785261
7,orthogonal,21,bottle's cap,326,0.2635407539690199,0.6784898779737804
7,orthogonal,22,bus's wheel,233,0.6043276110176364,0.9230271618765311
7,orthogonal,23,bus's headlight,155,0.016520737448046285,0.3755362213138611
7,orthogonal,24,bus's front,183,0.16666666666666666,0.7413291709670604
7,orthogonal,25,bus's side,245,0.20408163265306123,0.7087171679856826
7,orthogonal,26,bus's back,53,0.3938679245283019,0.7359745138377514
7,orthogonal,27,bus's roof,20,0.2487500011920929,0.5427340053021907
7,orthogonal,28,bus's mirror,117,0.008547008547008548,0.35205125741851634
7,orthogonal,29,bus's license plate,4,0.19375000149011612,0.6680759638547897
7,orthogonal,30,bus's door,104,0.3899610817718964,0.6130862857859868
7,orthogonal,31,bus's window,261,0.6968390804597702,0.6985670645574957
7,orthogonal,32,car's wheel,515,0.7203097555243854,0.858667523967265
7,orthogonal,33,car's headlight,289,0.4071304999214555,0.727676502412836
7,orthogonal,34,car's front,365,0.4378930204126933,0.7109530936773509
7,orthogonal,35,car's side,515,0.23456773020110083,0.639529729063071
7,orthogonal,36,car's back,195,0.4545054946954434,0.8217425802579292
7,orthogonal,37,car's roof,132,0.2871212128436927,0.7169671689131947
7,orthogonal,38,car's mirror,279,0.0827999660832053,0.36442389196672853
7,orthogonal,39,car's license plate,8,0.2083333358168602,0.6921458607539535
7,orthogonal,40,car's door,258,0.5122739022900892,0.7466420271946478
7,orthogonal,41,car's window,548,0.6680265903527284,0.7916235566737443
7,orthogonal,42,cat's tail,332,0.48772231826042556,0.8502422566329275
7,orthogonal,43,cat's head,890,0.6109082397115364,0.8025191396642267
7,orthogonal,44,cat's eye,645,0.4804946490498476,0.9198468732337157
7,orthogonal,45,cat's torso,871,0.7430361926760931,0.8006399029568607
7,orthogonal,46,cat's neck,601,0.39331471394381784,0.7944930144732884
7,orthogonal,47,cat's leg,670,0.5032338308531846,0.8016581409013094
7,orthogonal,48,cat's nose,589,0.12762349434133702,0.8736549840515863
7,orthogonal,49,cat's paw,570,0.6388847124942562,0.922730479114934
7,orthogonal,50,cat's ear,848,0.3506064693671915,0.8031136210533386
7,orthogonal,51,cow's tail,49,0.22094266329492843,0.763478032142228
7,orthogonal,52,cow's head,180,0.3582010583745109,0.8486578937206003
7,orthogonal,53,cow's eye,60,0.25279762024680774,0.6031236290931702
7,orthogonal,54,cow's torso,187,0.6671122994652406,0.815106107748766
7,orthogonal,55,cow's neck,81,0.1933127573610824,0.7580934564272562
7,orthogonal,56,cow's leg,142,0.42077464788732394,0.8371117310204976
7,orthogonal,57,cow's ear,138,0.14307280986205392,0.6288311665715731
7,orthogonal,58,cow's muzzle,161,0.6717021606908822,0.8617142730664392
7,orthogonal,59,cow's horn,53,0.0023584905660377358,0.19149221295385427
7,orthogonal,60,dog's tail,367,0.36189503094805686,0.7521771188046306
7,orthogonal,61,dog's head,1010,0.547310231183425,0.7945885307127887
7,orthogonal,62,dog's eye,641,0.3493536886252033,0.9066699054237461
7,orthogonal,63,dog's torso,981,0.6739053930954345,0.7770019353772765
7,orthogonal,64,dog's neck,454,0.5030102792159051,0.8291851110132781
7,orthogonal,65,dog's leg,810,0.5159920635414712,0.8016390864863808
7,orthogonal,66,dog's nose,815,0.0051124744620059896,0.5591438659678207
7,orthogonal,67,dog's paw,629,0.4865886902818619,0.8304442724772686
7,orthogonal,68,dog's ear,899,0.48058557177213196,0.8433506814835466
7,orthogonal,69,dog's muzzle,939,0.47766367564249596,0.7821552956574006
7,orthogonal,70,horse's tail,147,0.4936507937251305,0.8865210243126973
7,orthogonal,71,horse's head,282,0.5583966565681687,0.8894821408581226
7,orthogonal,72,horse's eye,104,0.1863438650392569,0.5380823907549851
7,orthogonal,73,horse's torso,293,0.7158703071672355,0.8285398359947644
7,orthogonal,74,horse's neck,233,0.20222767228220664,0.6472630496636481
7,orthogonal,75,horse's leg,265,0.4016397125878424,0.7518242111183563
7,orthogonal,76,horse's ear,223,0.22334507969730102,0.8201099143033604
7,orthogonal,77,horse's muzzle,256,0.6028785353992134,0.8669079993269406
7,orthogonal,78,horse's hoof,127,0.000984251968503937,0.24387901896742856
7,orthogonal,79,motorbike's wheel,244,0.7925204918032787,0.8610817638577007
7,orthogonal,80,motorbike's saddle,8,0.078125,0.599486704915762
7,orthogonal,81,motorbike's handlebar,11,0.14772727272727273,0.7439927187832919
7,orthogonal,82,motorbike's headlight,113,0.09955752212389381,0.7978980683647425
7,orthogonal,83,person's head,1334,0.254280895709634,0.5774534326359124
7,orthogonal,84,person's eye,585,0.1616585275811008,0.4773270345643226
7,orthogonal,85,person's torso,1273,0.2514588715799756,0.5064673812316258
7,orthogonal,86,person's neck,757,0.15535321191957163,0.42782022806482395
7,orthogonal,87,person's leg,486,0.1211934161100368,0.41078051227171725
7,orthogonal,88,person's foot,135,0.06121693154176076,0.3559931364255371
7,orthogonal,89,person's nose,907,0.15271302668301773,0.5945363206472638
7,orthogonal,90,person's ear,688,0.04348352718231983,0.218854625948277
7,orthogonal,91,person's eyebrow,432,0.06422508828755882,0.6134483489289845
7,orthogonal,92,person's mouth,712,0.12028324003383685,0.5939546529971471
7,orthogonal,93,person's hair,1082,0.26253080783952404,0.5764861230268497
7,orthogonal,94,person's lower arm,753,0.04631790307017753,0.34193396547210625
7,orthogonal,95,person's upper arm,1043,0.03420307735125833,0.30149872702200853
7,orthogonal,96,person's hand,669,0.08263755457194574,0.34329820898889113
7,orthogonal,97,pottedplant's pot,181,0.6197513812813311,0.8210556674234116
7,orthogonal,98,pottedplant's plant,203,0.5168308703770191,0.7411297993193119
7,orthogonal,99,sheep's tail,56,0.10044642857142858,0.6567321861761489
7,orthogonal,100,sheep's head,217,0.38839697212942187,0.8669625056504104
7,orthogonal,101,sheep's eye,63,0.22738095242825765,0.619207579819929
7,orthogonal,102,sheep's torso,236,0.5826271186440678,0.8146318581144688
7,orthogonal,103,sheep's neck,155,0.2364055299951184,0.7447157796352141
7,orthogonal,104,sheep's leg,53,0.39858490566037735,0.8233861453690619
7,orthogonal,105,sheep's ear,174,0.15688971027560616,0.6350623574750177
7,orthogonal,106,sheep's muzzle,177,0.5706416499816765,0.8654175355378012
7,orthogonal,107,sheep's horn,22,0.0,0.19301659605381163
7,orthogonal,108,train's headlight,16,0.0859375,0.5680612772703171
7,orthogonal,109,train's head,209,0.05181704290460742,0.4701081673975624
7,orthogonal,110,train's front,203,0.47844827586206895,0.7762465366882644
7,orthogonal,111,train's side,246,0.05233739837398374,0.44676309369686174
7,orthogonal,112,train's back,24,0.4670138905445735,0.7538622779150804
7,orthogonal,113,train's roof,48,0.010416666666666666,0.26061514555476606
7,orthogonal,114,train's coach,183,0.3640710382513661,0.7190384670298119
7,orthogonal,115,tvmonitor's screen,289,0.4744809688581315,0.7246449944469755
8,linear,0,aeroplane's body,462,0.3547077922077922,0.7921186632988773
8,linear,1,aeroplane's stern,414,0.008635265779668007,0.4001494205156386
8,linear,2,aeroplane's wing,409,0.006112469437652812,0.46960026710715447
8,linear,3,aeroplane's tail,1,0.125,0.8466290831565857
8,linear,4,aeroplane's engine,300,0.06797619054714839,0.5287170220414797
8,linear,5,aeroplane's wheel,226,0.26058786349222723,0.8917824193439653
8,linear,6,bicycle's wheel,306,0.7953431372549019,0.8381127142438701
8,linear,7,bicycle's saddle,205,0.00853658536585366,0.23653401150936035
8,linear,8,bicycle's handlebar,263,0.4144486692015209,0.934503992134174
8,linear,9,bicycle's chainwheel,217,0.2633640553956757,0.8478902895604411
8,linear,10,bicycle's headlight,1,1.0,0.9715868830680847
8,linear,11,bird's wing,250,0.3327952393293381,0.7154030495285988
8,linear,12,bird's tail,403,0.43846744676085914,0.913162712275834
8,linear,13,bird's head,535,0.6196239438569434,0.9174266051675115
8,linear,14,bird's eye,218,0.15273045064932708,0.292142942718683
8,linear,15,bird's beak,431,0.3237073261748887,0.9248314563124473
8,linear,16,bird's torso,575,0.5784886129524397,0.8493576236133991
8,linear,17,bird's neck,284,0.35864772002252054,0.8697001402017096
8,linear,18,bird's leg,285,0.2761487052106021,0.8790113112382721
8,linear,19,bird's foot,199,0.11056472930177372,0.7114924363904263
8,linear,20,bottle's body,432,0.646618716970638,0.8242060814604715
8,linear,21,bottle's cap,326,0.3462167689405336,0.7849351712302562
8,linear,22,bus's wheel,233,0.6145207440648468,0.9322175404032924
8,linear,23,bus's headlight,155,0.09366359451124745,0.6513854202724272
8,linear,24,bus's front,183,0.21106557377049182,0.7645317088059389
8,linear,25,bus's side,245,0.22755102040816327,0.7258502508912767
8,linear,26,bus's back,53,0.4528301886792453,0.7572859711242172
8,linear,27,bus's roof,20,0.2845238111913204,0.623492106050253
8,linear,28,bus's mirror,117,0.0024928775353309438,0.366197351541402
8,linear,29,bus's license plate,4,0.19375000149011612,0.699033796787262
8,linear,30,bus's door,104,0.3962339756007378,0.6970522965376194
8,linear,31,bus's window,261,0.7466475095785441,0.7610586709218007
8,linear,32,car's wheel,515,0.7290106339072718,0.8873947738154421
8,linear,33,car's headlight,289,0.4842807713470657,0.8646653594648962
8,linear,34,car's front,365,0.38308871498663133,0.6910951508234625
8,linear,35,car's side,515,0.2642071198491217,0.6560078312760418
8,linear,36,car's back,195,0.5105250307382682,0.835294351593042
8,linear,37,car's roof,132,0.3209866525774652,0.7830172461090665
8,linear,38,car's mirror,279,0.05402799148286115,0.34810922039826286
8,linear,39,car's license plate,8,0.16562500409781933,0.7053028605878353
8,linear,40,car's door,258,0.6175249171580455,0.8424737026640611
8,linear,41,car's window,548,0.7122327948029894,0.830400657874063
8,linear,42,cat's tail,332,0.5073149742850338,0.8908189910363002
8,linear,43,cat's head,890,0.729906367066871,0.8236669509305378
8,linear,44,cat's eye,645,0.4852583994930105,0.9384831489749658
8,linear,45,cat's torso,871,0.7811423650975889,0.8133048224599709
8,linear,46,cat's neck,601,0.40993185963686213,0.7937990318419731
8,linear,47,cat's leg,670,0.6488059701537019,0.8716803374130334
8,linear,48,cat's nose,589,0.14534117564786675,0.8828694156556056
8,linear,49,cat's paw,570,0.6373412705565754,0.926656321789089
8,linear,50,cat's ear,848,0.39759097046236386,0.8343962061939374
8,linear,51,cow's tail,49,0.24744897989594206,0.8633975833654404
8,linear,52,cow's head,180,0.46944444444444444,0.8823360091282262
8,linear,53,cow's eye,60,0.27944444492459297,0.7977363109588623
8,linear,54,cow's torso,187,0.6864973262032086,0.8279918352550364
8,linear,55,cow's neck,81,0.19393004127490668,0.7568458447485794
8,linear,56,cow's leg,142,0.4339788732394366,0.8462739859668302
8,linear,57,cow's ear,138,0.14588509392047275,0.6650966459318347
8,linear,58,cow's muzzle,161,0.6393152919615278,0.8643562130352355
8,linear,59,cow's horn,53,0.0023584905660377358,0.19836899652233664
8,linear,60,dog's tail,367,0.37277150653525987,0.8096017445100101
8,linear,61,dog's head,1010,0.6975895804933983,0.8438698110308978
8,linear,62,dog's eye,641,0.36886375503216445,0.926223141912737
8,linear,63,dog's torso,981,0.7151558177429844,0.7892837750437792
8,linear,64,dog's neck,454,0.4857745962914916,0.8156414067758337
8,linear,65,dog's leg,810,0.625683421558804,0.8347941243262202
8,linear,66,dog's nose,815,0.005175284885921361,0.5586103002535053
8,linear,67,dog's paw,629,0.5135665080126595,0.8756402171378295
8,linear,68,dog's ear,899,0.4849687485196301,0.8456633344905925
8,linear,69,dog's muzzle,939,0.5265860348876419,0.8000849988648749
8,linear,70,horse's tail,147,0.5045027537208026,0.9138779695443555
8,linear,71,horse's head,282,0.5893617021382278,0.9003912075191525
8,linear,72,horse's eye,104,0.23745421320199966,0.7383251036875523
8,linear,73,horse's torso,293,0.7380546075085325,0.8325079908855132
8,linear,74,horse's neck,233,0.2492489270514173,0.6994082404564379
8,linear,75,horse's leg,265,0.45028301887917066,0.7810352882124343
8,linear,76,horse's ear,223,0.21626628260441425,0.833208297867946
8,linear,77,horse's muzzle,256,0.624097844643984,0.8820220926427282
8,linear,78,horse's hoof,127,0.007217847925471509,0.2834634222383574
8,linear,79,motorbike's wheel,244,0.7966188524590164,0.8574667805042423
8,linear,80,motorbike's saddle,8,0.046875,0.5216462016105652
8,linear,81,motorbike's handlebar,11,0.14772727272727273,0.716880202293396
8,linear,82,motorbike's headlight,113,0.10398230088495575,0.8009099092631213
8,linear,83,person's head,1334,0.2560523317113094,0.5779150799314758
8,linear,84,person's eye,585,0.19259869874033153,0.5519468218183671
8,linear,85,person's torso,1273,0.2766543231254849,0.5502888175385631
8,linear,86,person's neck,757,0.17688400456817177,0.5176878110837816
8,linear,87,person's leg,486,0.11273270673712585,0.4601696553896852
8,linear,88,person's foot,135,0.06002645547743197,0.3452588292528634
8,linear,89,person's nose,907,0.13056518173598927,0.6049080903933496
8,linear,90,person's ear,688,0.06436358006714388,0.2689985838707883
8,linear,91,person's eyebrow,432,0.041021825607728074,0.6289520326342123
8,linear,92,person's mouth,712,0.10830156523943617,0.6000566662418698
8,linear,93,person's hair,1082,0.3277011275318987,0.6639892010439132
8,linear,94,person's lower arm,753,0.039102320909341806,0.33069344979474646
8,linear,95,person's upper arm,1043,0.024098297122112287,0.26841602276132037
8,linear,96,person's hand,669,0.07312264256680492,0.34427375187303855
8,linear,97,pottedplant's pot,181,0.6335635359774637,0.8268372102007682
8,linear,98,pottedplant's plant,203,0.48620689678661927,0.7307465415943433
8,linear,99,sheep's tail,56,0.171875,0.7494607511907816
8,linear,100,sheep's head,217,0.416107088121401,0.8780927463061249
8,linear,101,sheep's eye,63,0.2519085416718135,0.7553298006218577
8,linear,102,sheep's torso,236,0.6096398305084746,0.8299740339487286
8,linear,103,sheep's neck,155,0.23274193550309827,0.7115789907593881
8,linear,104,sheep's leg,53,0.41556603784831064,0.8307965870173473
8,linear,105,sheep's ear,174,0.1591543518434996,0.6524841842166651
8,linear,106,sheep's muzzle,177,0.5591740671355846,0.8805152068367113
8,linear,107,sheep's horn,22,0.0,0.18374159254811026
8,linear,108,train's headlight,16,0.1015625,0.6517629129812121
8,linear,109,train's head,209,0.0687799043062201,0.5268622530116276
8,linear,110,train's front,203,0.38435374193003613,0.7532928591878544
8,linear,111,train's side,246,0.05538617886178862,0.44954278931869723
8,linear,112,train's back,24,0.4241071442763011,0.75122095271945
8,linear,113,train's roof,48,0.0078125,0.28033135179430246
8,linear,114,train's coach,183,0.34945355192885375,0.742323953597272
8,linear,115,tvmonitor's screen,289,0.388840830449827,0.7047235618206869
8,orthogonal,0,aeroplane's body,462,0.28544372294372294,0.7639430648772232
8,orthogonal,1,aeroplane's stern,414,0.013687600656120097,0.43500550861519893
8,orthogonal,2,aeroplane's wing,409,0.022004889975550123,0.497647598422244
8,orthogonal,3,aeroplane's tail,1,0.125,0.8354974985122681
8,orthogonal,4,aeroplane's engine,300,0.10194841345151265,0.5069723510711144
8,orthogonal,5,aeroplane's wheel,226,0.27859776678074777,0.9012003210002342
8,orthogonal,6,bicycle's wheel,306,0.8147875817090857,0.844143213594661
8,orthogonal,7,bicycle's saddle,205,0.01524390243902439,0.23472101870106488
8,orthogonal,8,bicycle's handlebar,263,0.40256653992395436,0.9307051613756913
8,orthogonal,9,bicycle's chainwheel,217,0.23734364737563418,0.7951119520147825
8,orthogonal,10,bicycle's headlight,1,1.0,0.9305100440979004
8,orthogonal,11,bird's wing,250,0.36373333382606504,0.7037896485924721
8,orthogonal,12,bird's tail,403,0.41772716549726635,0.8965753705862438
8,orthogonal,13,bird's head,535,0.6373119719674654,0.9198774954983007
8,orthogonal,14,bird's eye,218,0.131613149965575,0.24727504382576418
8,orthogonal,15,bird's beak,431,0.28910065288471787,0.8889472144731513
8,orthogonal,16,bird's torso,575,0.5495962735621825,0.8347152565873187
8,orthogonal,17,bird's neck,284,0.3443326629488401,0.8687056922681735
8,orthogonal,18,bird's leg,285,0.25167502107327444,0.8652639307473835
8,orthogonal,19,bird's foot,199,0.10057430066655029,0.663427948128039
8,orthogonal,20,bottle's body,432,0.6137152777777778,0.8260648106052367
8,orthogonal,21,bottle's cap,326,0.2828659073341112,0.7049334145671019
8,orthogonal,22,bus's wheel,233,0.6070100144511129,0.9237105178730682
8,orthogonal,23,bus's headlight,155,0.021505376408177037,0.40786961965983914
8,orthogonal,24,bus's front,183,0.18032786885245902,0.7465138803414308
8,orthogonal,25,bus's side,245,0.20153061224489796,0.7075461570097475
8,orthogonal,26,bus's back,53,0.4009433962264151,0.738343781598334
8,orthogonal,27,bus's roof,20,0.24821428656578065,0.5443246372044086
8,orthogonal,28,bus's mirror,117,0.008547008547008548,0.34811283759454376
8,orthogonal,29,bus's license plate,4,0.19375000149011612,0.6666807532310486
8,orthogonal,30,bus's door,104,0.3951465225277039,0.6215485815818493
8,orthogonal,31,bus's window,261,0.717911877394636,0.7184438144795282
8,orthogonal,32,car's wheel,515,0.7218515953971344,0.8628708977396916
8,orthogonal,33,car's headlight,289,0.43186274567896105,0.7454488553319475
8,orthogonal,34,car's front,365,0.4536040446121399,0.7167562662738644
8,orthogonal,35,car's side,515,0.23865695812748475,0.641128948996368
8,orthogonal,36,car's back,195,0.46989011008005876,0.8260154898350055
8,orthogonal,37,car's roof,132,0.2942550511974277,0.7138646399094299
8,orthogonal,38,car's mirror,279,0.10470643495359729,0.38670786727373374
8,orthogonal,39,car's license plate,8,0.22619047947227955,0.7213942483067513
8,orthogonal,40,car's door,258,0.5253091550959174,0.7553666752669238
8,orthogonal,41,car's window,548,0.6806656241308163,0.804632983095672
8,orthogonal,42,cat's tail,332,0.49617756773010796,0.8572036464704224
8,orthogonal,43,cat's head,890,0.6544475655542331,0.8114324567274431
8,orthogonal,44,cat's eye,645,0.4772536006315734,0.926090166047793
8,orthogonal,45,cat's torso,871,0.7503348641465369,0.8019472412448526
8,orthogonal,46,cat's neck,601,0.4004476668929895,0.7978498575691375
8,orthogonal,47,cat's leg,670,0.5150053306524434,0.8075719623423334
8,orthogonal,48,cat's nose,589,0.12898374982620944,0.8750397524526042
8,orthogonal,49,cat's paw,570,0.6418943198887925,0.9235724644702777
8,orthogonal,50,cat's ear,848,0.3781179809626543,0.826582025973794
8,orthogonal,51,cow's tail,49,0.23333333371853343,0.778236760738857
8,orthogonal,52,cow's head,180,0.39806216946906514,0.8627203106880188
8,orthogonal,53,cow's eye,60,0.26283730268478395,0.6623324220379193
8,orthogonal,54,cow's torso,187,0.6711229946524064,0.8175931480479113
8,orthogonal,55,cow's neck,81,0.2083333335172983,0.7662790859187091
8,orthogonal,56,cow's leg,142,0.4278169014084507,0.8387024792986857
8,orthogonal,57,cow's ear,138,0.1602225679418315,0.6766759166898935
8,orthogonal,58,cow's muzzle,161,0.6565069521991362,0.8603433014489479
8,orthogonal,59,cow's horn,53,0.0047169811320754715,0.1987208617007676
8,orthogonal,60,dog's tail,367,0.365858959851213,0.7558552891267235
8,orthogonal,61,dog's head,1010,0.5778123528945565,0.8048546967972623
8,orthogonal,62,dog's eye,641,0.355896664646784,0.9121645958672819
8,orthogonal,63,dog's torso,981,0.6801223243443366,0.7797793245795548
8,orthogonal,64,dog's neck,454,0.5094844767832021,0.8296388416235142
8,orthogonal,65,dog's leg,810,0.5300705468213117,0.8064462816457689
8,orthogonal,66,dog's nose,815,0.0054630441534007255,0.5609067889444667
8,orthogonal,67,dog's paw,629,0.49115943754704844,0.8378405370682904
8,orthogonal,68,dog's ear,899,0.49529768571307314,0.849332625864776
8,orthogonal,69,dog's muzzle,939,0.4862683208478779,0.7853631526073074
8,orthogonal,70,horse's tail,147,0.48998218349048067,0.8875033051079634
8,orthogonal,71,horse's head,282,0.5735520094844466,0.8936098544521535
8,orthogonal,72,horse's eye,104,0.20256410338557684,0.5908922952635643
8,orthogonal,73,horse's torso,293,0.7175767918088737,0.8289795440364209
8,orthogonal,74,horse's neck,233,0.21815859414477204,0.6610375600886959
8,orthogonal,75,horse's leg,265,0.4054132974935028,0.7575209668644194
8,orthogonal,76,horse's ear,223,0.22980461373190175,0.8344127408191228
8,orthogonal,77,horse's muzzle,256,0.6035574786365032,0.8686460090684704
8,orthogonal,78,horse's hoof,127,0.000984251968503937,0.24578300005514322
8,orthogonal,79,motorbike's wheel,244,0.788422131147541,0.8597890992389351
8,orthogonal,80,motorbike's saddle,8,0.078125,0.5940966755151749
8,orthogonal,81,motorbike's handlebar,11,0.13636363636363635,0.7411812381310896
8,orthogonal,82,motorbike's headlight,113,0.10730088495575221,0.8057309695049725
8,orthogonal,83,person's head,1334,0.2618976231145001,0.5826066001220656
8,orthogonal,84,person's eye,585,0.1719047627897344,0.4899468172301785
8,orthogonal,85,person's torso,1273,0.2526007188017314,0.5128594647040583
8,orthogonal,86,person's neck,757,0.15329622011754757,0.4328279501218423
8,orthogonal,87,person's leg,486,0.12138937904265683,0.41314201840149706
8,orthogonal,88,person's foot,135,0.06148148168016363,0.35867091266231405
8,orthogonal,89,person's nose,907,0.15194912688537626,0.5950894655768637
8,orthogonal,90,person's ear,688,0.04330184115746687,0.22344761710616673
8,orthogonal,91,person's eyebrow,432,0.06237599219161051,0.6121492633117467
8,orthogonal,92,person's mouth,712,0.11826009929096432,0.5928493691392484
8,orthogonal,93,person's hair,1082,0.26392813208693716,0.5777615754161023
8,orthogonal,94,person's lower arm,753,0.04654714478993637,0.3416554178853345
8,orthogonal,95,person's upper arm,1043,0.03286421961889514,0.29576898203253715
8,orthogonal,96,person's hand,669,0.08234749830178972,0.3434775067543436
8,orthogonal,97,pottedplant's pot,181,0.6197513812813311,0.8218678742317863
8,orthogonal,98,pottedplant's plant,203,0.5119047620026349,0.7423255197300113
8,orthogonal,99,sheep's tail,56,0.109375,0.672515481643911
8,orthogonal,100,sheep's head,217,0.41431863111559697,0.8765437111327176
8,orthogonal,101,sheep's eye,63,0.23626228291836995,0.6497892112958998
8,orthogonal,102,sheep's torso,236,0.5858050847457628,0.8164966679730657
8,orthogonal,103,sheep's neck,155,0.2508064516129032,0.7619846536267189
8,orthogonal,104,sheep's leg,53,0.4009433962264151,0.8246861103008378
8,orthogonal,105,sheep's ear,174,0.1740900387709168,0.6598030570252188
8,orthogonal,106,sheep's muzzle,177,0.568529731304632,0.8659333516922543
8,orthogonal,107,sheep's horn,22,0.0,0.19183686299418862
8,orthogonal,108,train's headlight,16,0.0859375,0.5887859985232353
8,orthogonal,109,train's head,209,0.05173160199913682,0.4737605720393039
8,orthogonal,110,train's front,203,0.47844827586206895,0.7754158142385225
8,orthogonal,111,train's side,246,0.04878048780487805,0.44473801310954053
8,orthogonal,112,train's back,24,0.4618055572112401,0.754310159633557
8,orthogonal,113,train's roof,48,0.0115327388048172,0.2598541322319458
8,orthogonal,114,train's coach,183,0.3587041374275593,0.7257638735686495
8,orthogonal,115,tvmonitor's screen,289,0.4619377162629758,0.7221024671640364
9,linear,0,aeroplane's body,462,0.3541666666666667,0.79331541425867
9,linear,1,aeroplane's stern,414,0.007427536311068973,0.39852396082043073
9,linear,2,aeroplane's wing,409,0.005501222493887531,0.46821277849102955
9,linear,3,aeroplane's tail,1,0.125,0.8466290831565857
9,linear,4,aeroplane's engine,300,0.05451587319374084,0.5201162411272526
9,linear,5,aeroplane's wheel,226,0.26069321536121115,0.8905429478767699
9,linear,6,bicycle's wheel,306,0.7949346405228758,0.8391210524474874
9,linear,7,bicycle's saddle,205,0.00853658536585366,0.23712874054908753
9,linear,8,bicycle's handlebar,263,0.4196768060836502,0.9350520162754639
9,linear,9,bicycle's chainwheel,217,0.27433070018544176,0.8586587650435311
9,linear,10,bicycle's headlight,1,1.0,0.9715868830680847
9,linear,11,bird's wing,250,0.3164285722374916,0.7073041219711304
9,linear,12,bird's tail,403,0.4470489191136348,0.9150298707390542
9,linear,13,bird's head,535,0.6111170457345303,0.914766075535216
9,linear,14,bird's eye,218,0.1542048938230637,0.29945856648915953
9,linear,15,bird's beak,431,0.32440061957128086,0.9269818985476018
9,linear,16,bird's torso,575,0.593799171914225,0.855551757786585
9,linear,17,bird's neck,284,0.3600855136001614,0.8714934615811831
9,linear,18,bird's leg,285,0.27708855485707,0.8798075740797477
9,linear,19,bird's foot,199,0.11059464064974282,0.7120518954704754
9,linear,20,bottle's body,432,0.6515376984521195,0.824337737634778
9,linear,21,bottle's cap,326,0.3592353199431501,0.8008988693447933
9,linear,22,bus's wheel,233,0.6145207440648468,0.9326161581047615
9,linear,23,bus's headlight,155,0.11881720433312078,0.687268907312424
9,linear,24,bus's front,183,0.21653005464480873,0.7674410100517377
9,linear,25,bus's side,245,0.22470845494951522,0.7223775624012461
9,linear,26,bus's back,53,0.46462264150943394,0.7624468615032592
9,linear,27,bus's roof,20,0.29375,0.6304675728082657
9,linear,28,bus's mirror,117,0.004426129480712434,0.3578912740748407
9,linear,29,bus's license plate,4,0.21875,0.7276391237974167
9,linear,30,bus's door,104,0.3969894696313601,0.7031764627362673
9,linear,31,bus's window,261,0.7634099616858238,0.7767887744638655
9,linear,32,car's wheel,515,0.7295284332291594,0.8874623363457838
9,linear,33,car's headlight,289,0.4895575880798089,0.8714908333591936
9,linear,34,car's front,365,0.3898923679573895,0.694552767276764
9,linear,35,car's side,515,0.26126907097483143,0.6528886214332673
9,linear,36,car's back,195,0.5286568989356358,0.8388070260867094
9,linear,37,car's roof,132,0.3183712126179175,0.7824213218056795
9,linear,38,car's mirror,279,0.04656511384953735,0.3305156596779396
9,linear,39,car's license plate,8,0.1346726231276989,0.7211811803281307
9,linear,40,car's door,258,0.6191260613674341,0.8472623495283977
9,linear,41,car's window,548,0.7214394336308005,0.8350097919766702
9,linear,42,cat's tail,332,0.5129267068422703,0.8947920637676515
9,linear,43,cat's head,890,0.7382263242696109,0.8260387073825585
9,linear,44,cat's eye,645,0.4853820613188337,0.9393227352190388
9,linear,45,cat's torso,871,0.7876004592422503,0.8150510167880529
9,linear,46,cat's neck,601,0.41539893833650726,0.7971018992128864
9,linear,47,cat's leg,670,0.6629975124526379,0.8768184291782664
9,linear,48,cat's nose,589,0.14600816571449382,0.8838327935879421
9,linear,49,cat's paw,570,0.6357309948195491,0.9258395383232518
9,linear,50,cat's ear,848,0.4041624551920115,0.8372547512276555
9,linear,51,cow's tail,49,0.24902818306368224,0.872694658077493
9,linear,52,cow's head,180,0.4986111111111111,0.8875373741404877
9,linear,53,cow's eye,60,0.28061507989962897,0.8073413151005904
9,linear,54,cow's torso,187,0.6978609625668449,0.8329845484405916
9,linear,55,cow's neck,81,0.20318930053416592,0.7572601893801748
9,linear,56,cow's leg,142,0.4357394366197183,0.8486071224783508
9,linear,57,cow's ear,138,0.14997412069984103,0.663992126620766
9,linear,58,cow's muzzle,161,0.6356921035865819,0.8640258974216369
9,linear,59,cow's horn,53,0.0023584905660377358,0.19769753851347938
9,linear,60,dog's tail,367,0.3789509537271973,0.8196077108058357
9,linear,61,dog's head,1010,0.7128005658340926,0.8453758443936263
9,linear,62,dog's eye,641,0.37044424685691707,0.9270213762423177
9,linear,63,dog's torso,981,0.7237901073651698,0.7913235728377352
9,linear,64,dog's neck,454,0.4896161107896183,0.817450387099766
9,linear,65,dog's leg,810,0.6357804233645216,0.8385643933290317
9,linear,66,dog's nose,815,0.004810108143859114,0.5600165674291505
9,linear,67,dog's paw,629,0.5141021276458458,0.8780524865835194
9,linear,68,dog's ear,899,0.4881217227430312,0.8460529652466631
9,linear,69,dog's muzzle,939,0.5309561852671214,0.8002909700147197
9,linear,70,horse's tail,147,0.5127632006698725,0.9151197550754969
9,linear,71,horse's head,282,0.5844858156134051,0.898978016794996
9,linear,72,horse's eye,104,0.2295100739082465,0.7504629855259106
9,linear,73,horse's torso,293,0.738481228668942,0.8332866624557117
9,linear,74,horse's neck,233,0.266860821728031,0.7137086645983831
9,linear,75,horse's leg,265,0.46367924528301885,0.7836992917055229
9,linear,76,horse's ear,223,0.21615951344571305,0.8317777179682736
9,linear,77,horse's muzzle,256,0.6248558434308507,0.8827995965839364
9,linear,78,horse's hoof,127,0.010104986978328134,0.3000714243866327
9,linear,79,motorbike's wheel,244,0.7945696721311475,0.856714279192393
9,linear,80,motorbike's saddle,8,0.046875,0.4989659823477268
9,linear,81,motorbike's handlebar,11,0.13636363636363635,0.7177750793370333
9,linear,82,motorbike's headlight,113,0.10508849557522124,0.7998110617684052
9,linear,83,person's head,1334,0.2655127802375017,0.5818343475863137
9,linear,84,person's eye,585,0.19205128303450397,0.5607209882579552
9,linear,85,person's torso,1273,0.2774557670386682,0.5518145937162019
9,linear,86,person's neck,757,0.1816207471462348,0.5239970613224247
9,linear,87,person's leg,486,0.1078850680295332,0.4618762227104892
9,linear,88,person's foot,135,0.05746913629549521,0.35241978745907543
9,linear,89,person's nose,907,0.1348309453819132,0.6053459707112591
9,linear,90,person's ear,688,0.06682758888792853,0.28061840776827857
9,linear,91,person's eyebrow,432,0.04041556448296264,0.6276050323848957
9,linear,92,person's mouth,712,0.1068268461424983,0.5998856646945344
9,linear,93,person's hair,1082,0.3349540101539846,0.6714672471233945
9,linear,94,person's lower arm,753,0.03716562328189809,0.33022641329772545
9,linear,95,person's upper arm,1043,0.022991142802704787,0.2635381517490713
9,linear,96,person's hand,669,0.06987152142820516,0.3382279014271254
9,linear,97,pottedplant's pot,181,0.6328268877709109,0.8273219635802738
9,linear,98,pottedplant's plant,203,0.48497536969302324,0.7278518721167677
9,linear,99,sheep's tail,56,0.1875,0.7667236509067672
9,linear,100,sheep's head,217,0.4272712311162377,0.8790252505359561
9,linear,101,sheep's eye,63,0.2512471659315957,0.7541414405854922
9,linear,102,sheep's torso,236,0.6149364406779662,0.8350306822586868
9,linear,103,sheep's neck,155,0.24608294934995711,0.7188986193749213
9,linear,104,sheep's leg,53,0.4179245284143484,0.8358107400390337
9,linear,105,sheep's ear,174,0.16855500861145983,0.6637909308332821
9,linear,106,sheep's muzzle,177,0.5558851245096175,0.8817790734902614
9,linear,107,sheep's horn,22,0.0,0.1820622399788011
9,linear,108,train's headlight,16,0.1015625,0.6521923840045929
9,linear,109,train's head,209,0.06997607655502393,0.529411094414703
9,linear,110,train's front,203,0.3950328408497308,0.760720157050734
9,linear,111,train's side,246,0.05589430894308943,0.44861420510503336
9,linear,112,train's back,24,0.4241071442763011,0.7487559219201406
9,linear,113,train's roof,48,0.0078125,0.2800029859257241
9,linear,114,train's coach,183,0.3398907105616533,0.7428618127205333
9,linear,115,tvmonitor's screen,289,0.3737024221453287,0.7010863635779252
9,orthogonal,0,aeroplane's body,462,0.29004329004329005,0.7684589573766762
9,orthogonal,1,aeroplane's stern,414,0.013687600656120097,0.43573037110233076
9,orthogonal,2,aeroplane's wing,409,0.018948655256723717,0.4945003232556625
9,orthogonal,3,aeroplane's tail,1,0.125,0.8354974985122681
9,orthogonal,4,aeroplane's engine,300,0.10198809593915939,0.5158348208044966
9,orthogonal,5,aeroplane's wheel,226,0.27583228005508403,0.8996666323030944
9,orthogonal,6,bicycle's wheel,306,0.8146591970538781,0.8442858364067826
9,orthogonal,7,bicycle's saddle,205,0.01524390243902439,0.2285756346292612
9,orthogonal,8,bicycle's handlebar,263,0.40779467680608367,0.9321014747420191
9,orthogonal,9,bicycle's chainwheel,217,0.25186526246609225,0.8143385738683736
9,orthogonal,10,bicycle's headlight,1,1.0,0.9477220177650452
9,orthogonal,11,bird's wing,250,0.3537285721898079,0.698717631816864
9,orthogonal,12,bird's tail,403,0.41882015849757137,0.898306276529066
9,orthogonal,13,bird's head,535,0.6393079666612305,0.9211148513533245
9,orthogonal,14,bird's eye,218,0.14109327233986024,0.25710070357068415
9,orthogonal,15,bird's beak,431,0.2973345496330903,0.8937624364814736
9,orthogonal,16,bird's torso,575,0.5468923397945321,0.8352326884995336
9,orthogonal,17,bird's neck,284,0.3491574451327324,0.8701180404603062
9,orthogonal,18,bird's leg,285,0.25422305783681703,0.8656781221690931
9,orthogonal,19,bird's foot,199,0.10665829217613641,0.6801187010416433
9,orthogonal,20,bottle's body,432,0.6139081790353413,0.8254015971389081
9,orthogonal,21,bottle's cap,326,0.29794770707747686,0.7229131675936693
9,orthogonal,22,bus's wheel,233,0.609155937197894,0.9246704698632203
9,orthogonal,23,bus's headlight,155,0.02914746557512591,0.4372846533213892
9,orthogonal,24,bus's front,183,0.19603825136612021,0.749884421708154
9,orthogonal,25,bus's side,245,0.19693877551020408,0.7086493122334383
9,orthogonal,26,bus's back,53,0.41273584905660377,0.7404360868177324
9,orthogonal,27,bus's roof,20,0.25,0.5483909517526626
9,orthogonal,28,bus's mirror,117,0.008547008547008548,0.3519685027372633
9,orthogonal,29,bus's license plate,4,0.19375000149011612,0.6666807532310486
9,orthogonal,30,bus's door,104,0.402220696497422,0.6425831029908016
9,orthogonal,31,bus's window,261,0.7370689655172413,0.7354227834848609
9,orthogonal,32,car's wheel,515,0.7224433661085888,0.8665283203378175
9,orthogonal,33,car's headlight,289,0.43458148048204537,0.7576015279644449
9,orthogonal,34,car's front,365,0.4597390739068593,0.7207809537240903
9,orthogonal,35,car's side,515,0.24263754064596973,0.6421187108292163
9,orthogonal,36,car's back,195,0.4888461538614371,0.8324239938687056
9,orthogonal,37,car's roof,132,0.29614899070425466,0.7172232683973782
9,orthogonal,38,car's mirror,279,0.10979689401324078,0.40893006373503943
9,orthogonal,39,car's license plate,8,0.2433035746216774,0.7258800938725471
9,orthogonal,40,car's door,258,0.5342008126105449,0.7643661422207374
9,orthogonal,41,car's window,548,0.6919056310107673,0.8159926984540737
9,orthogonal,42,cat's tail,332,0.5049125075070973,0.8616416373161083
9,orthogonal,43,cat's head,890,0.6852207062954313,0.8180197937937265
9,orthogonal,44,cat's eye,645,0.4745459593081659,0.9291156194757584
9,orthogonal,45,cat's torso,871,0.7529181018044016,0.8027045026883466
9,orthogonal,46,cat's neck,601,0.40929997649149175,0.800631507809666
9,orthogonal,47,cat's leg,670,0.5228269369299732,0.812634627810165
9,orthogonal,48,cat's nose,589,0.13075430526798165,0.8755402710725172
9,orthogonal,49,cat's paw,570,0.6424143700746068,0.9247264628347598
9,orthogonal,50,cat's ear,848,0.40331592558408685,0.8404806011690283
9,orthogonal,51,cow's tail,49,0.23707483039826763,0.7855962049216032
9,orthogonal,52,cow's head,180,0.4368518521388372,0.8738333966169093
9,orthogonal,53,cow's eye,60,0.2880753979086876,0.7195826197663943
9,orthogonal,54,cow's torso,187,0.6744652406417112,0.8201253886688202
9,orthogonal,55,cow's neck,81,0.2227366257596899,0.7747641772399714
9,orthogonal,56,cow's leg,142,0.41901408450704225,0.8391616625685088
9,orthogonal,57,cow's ear,138,0.17147170536328052,0.7002070416574893
9,orthogonal,58,cow's muzzle,161,0.654384798977686,0.8610375711682791
9,orthogonal,59,cow's horn,53,0.0047169811320754715,0.20142964229760868
9,orthogonal,60,dog's tail,367,0.36576164564579644,0.7603099934797358
9,orthogonal,61,dog's head,1010,0.602013201509962,0.8135026379239441
9,orthogonal,62,dog's eye,641,0.3586880620714283,0.915558148564861
9,orthogonal,63,dog's torso,981,0.6852410078868953,0.7813088534196704
9,orthogonal,64,dog's neck,454,0.5116504091720224,0.8300410940061582
9,orthogonal,65,dog's leg,810,0.5482804233645215,0.8124346696392254
9,orthogonal,66,dog's nose,815,0.0054922582913030146,0.5626144116093045
9,orthogonal,67,dog's paw,629,0.49514535626186285,0.8449608239749468
9,orthogonal,68,dog's ear,899,0.5063046245971431,0.8547477755152741
9,orthogonal,69,dog's muzzle,939,0.49446599810712505,0.7875871039427127
9,orthogonal,70,horse's tail,147,0.4955701331297557,0.8903508849796795
9,orthogonal,71,horse's head,282,0.5807624113686541,0.896673229252193
9,orthogonal,72,horse's eye,104,0.20706272970598477,0.6210299201417141
9,orthogonal,73,horse's torso,293,0.7192832764505119,0.8293681116997178
9,orthogonal,74,horse's neck,233,0.2368076845939579,0.6785579932925527
9,orthogonal,75,horse's leg,265,0.4103459120359061,0.7640318736715137
9,orthogonal,76,horse's ear,223,0.24044949932215995,0.8489783818545363
9,orthogonal,77,horse's muzzle,256,0.6083240336738527,0.8720663167187013
9,orthogonal,78,horse's hoof,127,0.004593175931239691,0.2515122144094368
9,orthogonal,79,motorbike's wheel,244,0.7863729508196722,0.859161565416172
9,orthogonal,80,motorbike's saddle,8,0.046875,0.5567192509770393
9,orthogonal,81,motorbike's handlebar,11,0.125,0.7307712056420066
9,orthogonal,82,motorbike's headlight,113,0.1161504424778761,0.8103755174484928
9,orthogonal,83,person's head,1334,0.2716079465318834,0.5877587124200906
9,orthogonal,84,person's eye,585,0.17805657412251855,0.49777433609621774
9,orthogonal,85,person's torso,1273,0.2538257963013106,0.5174805998349693
9,orthogonal,86,person's neck,757,0.1552588546370578,0.4376354346204367
9,orthogonal,87,person's leg,486,0.12163433309935738,0.4170709484210813
9,orthogonal,88,person's foot,135,0.060246913852515044,0.35977364068643913
9,orthogonal,89,person's nose,907,0.15519766987618697,0.6016472113085654
9,orthogonal,90,person's ear,688,0.04729893415906401,0.22732595102401276
9,orthogonal,91,person's eyebrow,432,0.06116347014904022,0.6115755323186965
9,orthogonal,92,person's mouth,712,0.11669174724080589,0.5931106646815995
9,orthogonal,93,person's hair,1082,0.2674269438368335,0.5815515234315847
9,orthogonal,94,person's lower arm,753,0.04498355795108623,0.3429585420897609
9,orthogonal,95,person's upper arm,1043,0.03252180079257157,0.29310477868772594
9,orthogonal,96,person's hand,669,0.08176916536996183,0.3442494318039562
9,orthogonal,97,pottedplant's pot,181,0.6225138122205576,0.8232382512882929
9,orthogonal,98,pottedplant's plant,203,0.5137520526430289,0.7429071017013394
9,orthogonal,99,sheep's tail,56,0.12053571428571429,0.6868657151769314
9,orthogonal,100,sheep's head,217,0.4352040823016848,0.8821519782878287
9,orthogonal,101,sheep's eye,63,0.2287037039086932,0.6825496595766809
9,orthogonal,102,sheep's torso,236,0.5873940677966102,0.8183689638972282
9,orthogonal,103,sheep's neck,155,0.267741935483871,0.769803556126933
9,orthogonal,104,sheep's leg,53,0.3938679245283019,0.8245576822532797
9,orthogonal,105,sheep's ear,174,0.1878078823117004,0.6750337013910557
9,orthogonal,106,sheep's muzzle,177,0.5676688219362733,0.8674986814648586
9,orthogonal,107,sheep's horn,22,0.0,0.1929374219511043
9,orthogonal,108,train's headlight,16,0.09375,0.6149291014298797
9,orthogonal,109,train's head,209,0.05314992047382884,0.48059017236152907
9,orthogonal,110,train's front,203,0.4815270935960591,0.7728083918027102
9,orthogonal,111,train's side,246,0.04725609756097561,0.4436701121247881
9,orthogonal,112,train's back,24,0.4395833338300387,0.7494979413847128
9,orthogonal,113,train's roof,48,0.015625,0.2634543111392607
9,orthogonal,114,train's coach,183,0.3620218579234973,0.7278853989526873
9,orthogonal,115,tvmonitor's screen,289,0.44982698961937717,0.7183419991942013
10,linear,0,aeroplane's body,462,0.3555194805194805,0.7931800587546258
10,linear,1,aeroplane's stern,414,0.008232689314130424,0.39687346087561715
10,linear,2,aeroplane's wing,409,0.0047677261686558245,0.4655513243162253
10,linear,3,aeroplane's tail,1,0.125,0.8466290831565857
10,linear,4,aeroplane's engine,300,0.048809523830811184,0.5115252992510796
10,linear,5,aeroplane's wheel,226,0.2601401180160784,0.8896567063257758
10,linear,6,bicycle's wheel,306,0.7965686274509803,0.8393382278143191
10,linear,7,bicycle's saddle,205,0.006707317073170732,0.23760449141263962
10,linear,8,bicycle's handlebar,263,0.4196768060836502,0.9344929857852341
10,linear,9,bicycle's chainwheel,217,0.2756912442533651,0.864105831642854
10,linear,10,bicycle's headlight,1,1.0,0.9785406589508057
10,linear,11,bird's wing,250,0.3026523817181587,0.6997306517958641
10,linear,12,bird's tail,403,0.4526320456645033,0.9160031900364471
10,linear,13,bird's head,535,0.5999265696400794,0.9112172803850235
10,linear,14,bird's eye,218,0.14846548773006563,0.29618655588614556
10,linear,15,bird's beak,431,0.3264086849105884,0.9287776067126932
10,linear,16,bird's torso,575,0.6058178055027257,0.8607062222387479
10,linear,17,bird's neck,284,0.36170355519148667,0.8712709563928591
10,linear,18,bird's leg,285,0.27656223904668237,0.8784396010532713
10,linear,19,bird's foot,199,0.10856664360468112,0.7135735912688413
10,linear,20,bottle's body,432,0.6535631614150824,0.8241291917791521
10,linear,21,bottle's cap,326,0.3679520888654001,0.8105897182838683
10,linear,22,bus's wheel,233,0.6145207440648468,0.9325634351104114
10,linear,23,bus's headlight,155,0.13548387096774195,0.7100115613591287
10,linear,24,bus's front,183,0.22745901639344263,0.769506032023925
10,linear,25,bus's side,245,0.22521865903114785,0.7213984106268202
10,linear,26,bus's back,53,0.49056603773584906,0.7693107547062747
10,linear,27,bus's roof,20,0.3,0.6417058758437634
10,linear,28,bus's mirror,117,0.003357753412336366,0.3433624995219657
10,linear,29,bus's license plate,4,0.2604166716337204,0.7273981422185898
10,linear,30,bus's door,104,0.3914606237354187,0.7116163530601904
10,linear,31,bus's window,261,0.7806513409961686,0.791500817028042
10,linear,32,car's wheel,515,0.7305108649927435,0.8875547829472903
10,linear,33,car's headlight,289,0.49710001701095935,0.8804008905037877
10,linear,34,car's front,365,0.4048923679410595,0.6965163351330038
10,linear,35,car's side,515,0.2590499307924104,0.6504438774967657
10,linear,36,car's back,195,0.5477045179177553,0.8433423875998228
10,linear,37,car's roof,132,0.32693001515034475,0.7856042807300886
10,linear,38,car's mirror,279,0.035577743711437376,0.3052722867110938
10,linear,39,car's license plate,8,0.14687500149011612,0.6921248510479927
10,linear,40,car's door,258,0.6204780362719713,0.8515758913501289
10,linear,41,car's window,548,0.7290775985287054,0.8401294134856359
10,linear,42,cat's tail,332,0.5144327309386558,0.8967659904296139
10,linear,43,cat's head,890,0.7516292134864947,0.8291075552196315
10,linear,44,cat's eye,645,0.48647840686084687,0.9402519735081714
10,linear,45,cat's torso,871,0.7919058553386912,0.8160371797246994
10,linear,46,cat's neck,601,0.41912289045614726,0.7986519566292374
10,linear,47,cat's leg,670,0.6745646766317425,0.8794818709590542
10,linear,48,cat's nose,589,0.14431037284522388,0.8841363258394199
10,linear,49,cat's paw,570,0.6321261494044672,0.924334763147329
10,linear,50,cat's ear,848,0.41104559756745146,0.841008048364014
10,linear,51,cow's tail,49,0.25036443161721134,0.8789793727349262
10,linear,52,cow's head,180,0.5194444444444445,0.8891733050760295
10,linear,53,cow's eye,60,0.2824007940789064,0.8105181525150935
10,linear,54,cow's torso,187,0.7032085561497327,0.8368291858045812
10,linear,55,cow's neck,81,0.20987654320987653,0.762512390996203
10,linear,56,cow's leg,142,0.4357394366197183,0.8497404032190081
10,linear,57,cow's ear,138,0.15642684676508972,0.6677270375624083
10,linear,58,cow's muzzle,161,0.627521444088924,0.8608926174849827
10,linear,59,cow's horn,53,0.0023584905660377358,0.20235499934697487
10,linear,60,dog's tail,367,0.3821331258122213,0.8242653195190495
10,linear,61,dog's head,1010,0.7218646865374971,0.8459142562260132
10,linear,62,dog's eye,641,0.37104041353681716,0.9271582859726666
10,linear,63,dog's torso,981,0.7311938741945954,0.7922896146318599
10,linear,64,dog's neck,454,0.4956733795120853,0.8194992221104154
10,linear,65,dog's leg,810,0.6418224574607095,0.83833306716916
10,linear,66,dog's nose,815,0.005189891973156139,0.5622676323893612
10,linear,67,dog's paw,629,0.5130100691356416,0.8791452540004765
10,linear,68,dog's ear,899,0.492422797987538,0.8463888663603811
10,linear,69,dog's muzzle,939,0.53521983953901,0.8014817253286782
10,linear,70,horse's tail,147,0.5161645612140902,0.915761070642747
10,linear,71,horse's head,282,0.5875886524928376,0.8994590658033993
10,linear,72,horse's eye,104,0.23368818742724565,0.7557653858541296
10,linear,73,horse's torso,293,0.7397610921501706,0.8331962946942235
10,linear,74,horse's neck,233,0.2856376457623658,0.7244646028643514
10,linear,75,horse's leg,265,0.47877358490566035,0.7896953993107912
10,linear,76,horse's ear,223,0.21382126880333563,0.8300693438058476
10,linear,77,horse's muzzle,256,0.6231119816657156,0.8828991687041707
10,linear,78,horse's hoof,127,0.011482939828099229,0.3144627093212811
10,linear,79,motorbike's wheel,244,0.7914959016393442,0.8565636609421402
10,linear,80,motorbike's saddle,8,0.046875,0.4910016357898712
10,linear,81,motorbike's handlebar,11,0.13636363636363635,0.7281272194602273
10,linear,82,motorbike's headlight,113,0.10619469026548672,0.7992972230489275
10,linear,83,person's head,1334,0.2736069474933387,0.584778725125616
10,linear,84,person's eye,585,0.19452177540868776,0.5654317031717963
10,linear,85,person's torso,1273,0.2787855842032961,0.5530836045029094
10,linear,86,person's neck,757,0.18367931162114187,0.5308282861112072
10,linear,87,person's leg,486,0.10870811312532229,0.4654578688696272
10,linear,88,person's foot,135,0.05654321036956928,0.3448868873908564
10,linear,89,person's nose,907,0.13630624330687813,0.6062539453903684
10,linear,90,person's ear,688,0.07784987572407306,0.30107752430093
10,linear,91,person's eyebrow,432,0.04107418442489924,0.6301142781804729
10,linear,92,person's mouth,712,0.10648575462819485,0.5999472805068651
10,linear,93,person's hair,1082,0.3458916477569811,0.6802389552569715
10,linear,94,person's lower arm,753,0.03636090570237057,0.3281821168379074
10,linear,95,person's upper arm,1043,0.02322512903640963,0.25845632318064415
10,linear,96,person's hand,669,0.06480176561972842,0.3346610447135719
10,linear,97,pottedplant's pot,181,0.6348987109753308,0.8280320579175791
10,linear,98,pottedplant's plant,203,0.48312807905262917,0.7268459110204222
10,linear,99,sheep's tail,56,0.19196428571428573,0.7790112154824393
10,linear,100,sheep's head,217,0.43979043235427223,0.8793146677555577
10,linear,101,sheep's eye,63,0.25323129291572266,0.7555886089565262
10,linear,102,sheep's torso,236,0.6165254237288136,0.8380847527819165
10,linear,103,sheep's neck,155,0.2534946236879595,0.7293013293896952
10,linear,104,sheep's leg,53,0.4179245284143484,0.8345635218440361
10,linear,105,sheep's ear,174,0.17674466376674586,0.6763094050017582
10,linear,106,sheep's muzzle,177,0.5542641938742945,0.881235907811903
10,linear,107,sheep's horn,22,0.0,0.18389517280527137
10,linear,108,train's headlight,16,0.109375,0.6577413324266672
10,linear,109,train's head,209,0.07177033492822966,0.5314202184641832
10,linear,110,train's front,203,0.3972495897062894,0.7645023446071324
10,linear,111,train's side,246,0.05233739837398374,0.4462956757080264
10,linear,112,train's back,24,0.4270833333333333,0.7447652717431387
10,linear,113,train's roof,48,0.0078125,0.2799408418747286
10,linear,114,train's coach,183,0.3317395264659423,0.7441029346705786
10,linear,115,tvmonitor's screen,289,0.3559688581314879,0.6971722764952373
10,orthogonal,0,aeroplane's body,462,0.29464285714285715,0.7726844888164367
10,orthogonal,1,aeroplane's stern,414,0.014233954466771389,0.43882202893351585
10,orthogonal,2,aeroplane's wing,409,0.016809290953545233,0.4909407131392099
10,orthogonal,3,aeroplane's tail,1,0.125,0.8354974985122681
10,orthogonal,4,aeroplane's engine,300,0.10207142909367879,0.5193918529028694
10,orthogonal,5,aeroplane's wheel,226,0.27527918270995133,0.8990525259117109
10,orthogonal,6,bicycle's wheel,306,0.813997821383227,0.8438989175300972
10,orthogonal,7,bicycle's saddle,205,0.01524390243902439,0.22571307566107773
10,orthogonal,8,bicycle's handlebar,263,0.40922053231939165,0.9329486117616805
10,orthogonal,9,bicycle's chainwheel,217,0.27906517478452847,0.8275892911693468
10,orthogonal,10,bicycle's headlight,1,1.0,0.9544346928596497
10,orthogonal,11,bird's wing,250,0.3493857146501541,0.6987364602088928
10,orthogonal,12,bird's tail,403,0.42237386284927575,0.9025216395446739
10,orthogonal,13,bird's head,535,0.6385625283016223,0.9209756751762372
10,orthogonal,14,bird's eye,218,0.168512451334284,0.2800800096448682
10,orthogonal,15,bird's beak,431,0.2986548457925668,0.8978767590013845
10,orthogonal,16,bird's torso,575,0.5436293997453606,0.8347026102180066
10,orthogonal,17,bird's neck,284,0.35275821660605955,0.8717445457800174
10,orthogonal,18,bird's leg,285,0.253805346865403,0.8653418324495616
10,orthogonal,19,bird's foot,199,0.11250897418314489,0.7018468048255048
10,orthogonal,20,bottle's body,432,0.6139081790353413,0.8246477598117458
10,orthogonal,21,bottle's cap,326,0.31633435591963904,0.7420393891312593
10,orthogonal,22,bus's wheel,233,0.6096924178845893,0.9262477351360566
10,orthogonal,23,bus's headlight,155,0.036774193567614404,0.46241447041111605
10,orthogonal,24,bus's front,183,0.20423497267759563,0.7528998050533358
10,orthogonal,25,bus's side,245,0.1913265306122449,0.7070723255069888
10,orthogonal,26,bus's back,53,0.41509433962264153,0.7423220930515595
10,orthogonal,27,bus's roof,20,0.2550000011920929,0.5410430394113064
10,orthogonal,28,bus's mirror,117,0.008547008547008548,0.358864545981344
10,orthogonal,29,bus's license plate,4,0.19375000149011612,0.6666807532310486
10,orthogonal,30,bus's door,104,0.4117902935697482,0.6526828167888408
10,orthogonal,31,bus's window,261,0.7523946360153256,0.7515279327544216
10,orthogonal,32,car's wheel,515,0.7260841428076179,0.8703384358833716
10,orthogonal,33,car's headlight,289,0.44464079783037047,0.7731492003251937
10,orthogonal,34,car's front,365,0.46840182665276203,0.7237561608830544
10,orthogonal,35,car's side,515,0.24484049955618034,0.6413636547558516
10,orthogonal,36,car's back,195,0.4971794871947704,0.8365893047589522
10,orthogonal,37,car's roof,132,0.29195526750250295,0.7148921140328501
10,orthogonal,38,car's mirror,279,0.11026625783853633,0.41940635123280107
10,orthogonal,39,car's license plate,8,0.2016369104385376,0.7499504536390305
10,orthogonal,40,car's door,258,0.5441537471704705,0.7704733119801034
10,orthogonal,41,car's window,548,0.6999565520915236,0.8239086127846781
10,orthogonal,42,cat's tail,332,0.5057372349392937,0.8661760255829039
10,orthogonal,43,cat's head,890,0.708782771631573,0.823615546474296
10,orthogonal,44,cat's eye,645,0.47379845085070116,0.9301431128278721
10,orthogonal,45,cat's torso,871,0.7541044776153619,0.802987680591891
10,orthogonal,46,cat's neck,601,0.4130655260579955,0.8028952125304947
10,orthogonal,47,cat's leg,670,0.5306094527689379,0.8175230922094032
10,orthogonal,48,cat's nose,589,0.1309220633502727,0.8755712985790038
10,orthogonal,49,cat's paw,570,0.6423725989565515,0.9253228701520384
10,orthogonal,50,cat's ear,848,0.41982957116275466,0.8508488702464778
10,orthogonal,51,cow's tail,49,0.24659863996262454,0.8072267268993416
10,orthogonal,52,cow's head,180,0.4741203707125452,0.8830945951243242
10,orthogonal,53,cow's eye,60,0.27896825497349104,0.7486003498236339
10,orthogonal,54,cow's torso,187,0.6818181818181818,0.8217945140313337
10,orthogonal,55,cow's neck,81,0.23368606743989168,0.7783575212513959
10,orthogonal,56,cow's leg,142,0.42077464788732394,0.8399363139145811
10,orthogonal,57,cow's ear,138,0.19696342383605847,0.7224494359199551
10,orthogonal,58,cow's muzzle,161,0.6499334533022058,0.8609073805559125
10,orthogonal,59,cow's horn,53,0.0047169811320754715,0.20131710394865499
10,orthogonal,60,dog's tail,367,0.36873621426583636,0.767519038586753
10,orthogonal,61,dog's head,1010,0.6221581802657336,0.8203034980093489
10,orthogonal,62,dog's eye,641,0.3605582797071677,0.9178404474221228
10,orthogonal,63,dog's torso,981,0.6875442940889878,0.7825892338345053
10,orthogonal,64,dog's neck,454,0.5129693728514705,0.8307513821262883
10,orthogonal,65,dog's leg,810,0.5583700765430192,0.8147192677873888
10,orthogonal,66,dog's nose,815,0.005645632524431849,0.5643103534824278
10,orthogonal,67,dog's paw,629,0.5011242341445625,0.8503523203877462
10,orthogonal,68,dog's ear,899,0.5170824728798415,0.859015462080947
10,orthogonal,69,dog's muzzle,939,0.49950808967454746,0.7899078013607488
10,orthogonal,70,horse's tail,147,0.49990281847869456,0.89394786796805
10,orthogonal,71,horse's head,282,0.5896276595956045,0.9001896210173344
10,orthogonal,72,horse's eye,104,0.21055402979254723,0.6456772482846506
10,orthogonal,73,horse's torso,293,0.7171501706484642,0.8296380753759232
10,orthogonal,74,horse's neck,233,0.25631003491100834,0.6914492575331819
10,orthogonal,75,horse's leg,265,0.40374213845100043,0.7672654992988649
10,orthogonal,76,horse's ear,223,0.253555414387998,0.854269928528589
10,orthogonal,77,horse's muzzle,256,0.6109700532397255,0.8733159676776268
10,orthogonal,78,horse's hoof,127,0.013779527559055118,0.2582301607604806
10,orthogonal,79,motorbike's wheel,244,0.7873975409836066,0.8589144630021737
10,orthogonal,80,motorbike's saddle,8,0.046875,0.5633846893906593
10,orthogonal,81,motorbike's handlebar,11,0.125,0.7206360833211378
10,orthogonal,82,motorbike's headlight,113,0.12721238938053098,0.8146246342004928
10,orthogonal,83,person's head,1334,0.2778958740352333,0.5924196895293967
10,orthogonal,84,person's eye,585,0.18142043265522037,0.5109842129378046
10,orthogonal,85,person's torso,1273,0.2563619876554044,0.5230651070484167
10,orthogonal,86,person's neck,757,0.15747939937968236,0.4381485315097577
10,orthogonal,87,person's leg,486,0.11921418807756753,0.4212675720526082
10,orthogonal,88,person's foot,135,0.060246913852515044,0.3613364840754204
10,orthogonal,89,person's nose,907,0.15579225172215813,0.604032561869916
10,orthogonal,90,person's ear,688,0.052360188454216305,0.23039392822254232
10,orthogonal,91,person's eyebrow,432,0.06049382738355133,0.6126469126665378
10,orthogonal,92,person's mouth,712,0.11542603028205674,0.5928882230746852
10,orthogonal,93,person's hair,1082,0.2671848876804609,0.5854351699469326
10,orthogonal,94,person's lower arm,753,0.044314804344696514,0.3420016293569776
10,orthogonal,95,person's upper arm,1043,0.035318221336128844,0.2897944135443162
10,orthogonal,96,person's hand,669,0.08233148296139522,0.34630297367030866
10,orthogonal,97,pottedplant's pot,181,0.6259668508945908,0.8243105421408764
10,orthogonal,98,pottedplant's plant,203,0.5119047620026349,0.7432144336365714
10,orthogonal,99,sheep's tail,56,0.140625,0.7074250499052661
10,orthogonal,100,sheep's head,217,0.45138797521041835,0.8857339905566334
10,orthogonal,101,sheep's eye,63,0.24935752129743968,0.7078232937862002
10,orthogonal,102,sheep's torso,236,0.5858050847457628,0.8202449872584666
10,orthogonal,103,sheep's neck,155,0.27629032259987246,0.7772965398526961
10,orthogonal,104,sheep's leg,53,0.3915094339622642,0.8220057931711089
10,orthogonal,105,sheep's ear,174,0.20399562200938148,0.6902329458416193
10,orthogonal,106,sheep's muzzle,177,0.5692090421578305,0.8685443792913088
10,orthogonal,107,sheep's horn,22,0.0,0.19701079329983753
10,orthogonal,108,train's headlight,16,0.10416666697710752,0.6255510346964002
10,orthogonal,109,train's head,209,0.0529049898733933,0.4869396171073594
10,orthogonal,110,train's front,203,0.48460591133004927,0.7719225987351587
10,orthogonal,111,train's side,246,0.04522357723577236,0.44247730203518054
10,orthogonal,112,train's back,24,0.4322916666666667,0.7441815088192621
10,orthogonal,113,train's roof,48,0.014136905471483866,0.262492565670982
10,orthogonal,114,train's coach,183,0.3617941712746855,0.7306446609764151
10,orthogonal,115,tvmonitor's screen,289,0.435121107266436,0.7146483127633593
11,linear,0,aeroplane's body,462,0.3574134199134199,0.793276693655815
11,linear,1,aeroplane's stern,414,0.007930756946980665,0.39411850163830076
11,linear,2,aeroplane's wing,409,0.004156479224890543,0.4625311866584792
11,linear,3,aeroplane's tail,1,0.125,0.8466290831565857
11,linear,4,aeroplane's engine,300,0.04083333333333333,0.5020782379309336
11,linear,5,aeroplane's wheel,226,0.25815423518683,0.8885414090040511
11,linear,6,bicycle's wheel,306,0.7998366013071896,0.839690518729827
11,linear,7,bicycle's saddle,205,0.00548780487804878,0.23672116515113087
11,linear,8,bicycle's handlebar,263,0.4215779467680608,0.9345570632713376
11,linear,9,bicycle's chainwheel,217,0.276843317986084,0.8666232987757652
11,linear,10,bicycle's headlight,1,1.0,0.9773126840591431
11,linear,11,bird's wing,250,0.284380952835083,0.6915557833909989
11,linear,12,bird's tail,403,0.4583894603379607,0.9191657957752645
11,linear,13,bird's head,535,0.5897307530184772,0.9077041710352647
11,linear,14,bird's eye,218,0.1429827444323706,0.2911829267192734
11,linear,15,bird's beak,431,0.3292150047290076,0.9301476738223343
11,linear,16,bird's torso,575,0.6238095239711844,0.8638591195707735
11,linear,17,bird's neck,284,0.3668175726919107,0.8734737709426964
11,linear,18,bird's leg,285,0.2787844612933042,0.8791884420210855
11,linear,19,bird's foot,199,0.10574898378333854,0.7107355534356443
11,linear,20,bottle's body,432,0.6552992725261936,0.8234486025930555
11,linear,21,bottle's cap,326,0.37715454285313016,0.8185380525384213
11,linear,22,bus's wheel,233,0.6158798284540872,0.9324043917553619
11,linear,23,bus's headlight,155,0.15080645161290324,0.7350650078827335
11,linear,24,bus's front,183,0.23292349726775957,0.7707621883499166
11,linear,25,bus's side,245,0.22173469388971523,0.7182074159991985
11,linear,26,bus's back,53,0.5117924528301887,0.7755728771664062
11,linear,27,bus's roof,20,0.3125,0.6456895060837269
11,linear,28,bus's mirror,117,0.0010683760683760685,0.33248592333661187
11,linear,29,bus's license plate,4,0.2604166716337204,0.7261887639760971
11,linear,30,bus's door,104,0.3896405681108053,0.7207887993695644
11,linear,31,bus's window,261,0.7983716475095786,0.8051709725139699
11,linear,32,car's wheel,515,0.7300601021468061,0.8871971090731111
11,linear,33,car's headlight,289,0.502121437070279,0.8831734098622955
11,linear,34,car's front,365,0.4167318983845515,0.6991102332529956
11,linear,35,car's side,515,0.25648405002158825,0.6480834248285849
11,linear,36,car's back,195,0.5571489623723886,0.8458457778661679
11,linear,37,car's roof,132,0.3283549786517114,0.7893983446287386
11,linear,38,car's mirror,279,0.023536439758047836,0.2808457576005476
11,linear,39,car's license plate,8,0.14687500149011612,0.6412771251052618
11,linear,40,car's door,258,0.6221576229661934,0.8532344009871631
11,linear,41,car's window,548,0.7359119746154242,0.8433849079140129
11,linear,42,cat's tail,332,0.519452811274902,0.8992101528558386
11,linear,43,cat's head,890,0.7633025682541762,0.8325106252319692
11,linear,44,cat's eye,645,0.48704319106515986,0.9401036800859972
11,linear,45,cat's torso,871,0.7995120551090701,0.8173015747822385
11,linear,46,cat's neck,601,0.4224407733627246,0.8002384545997454
11,linear,47,cat's leg,670,0.6832587064869369,0.8804230375521218
11,linear,48,cat's nose,589,0.141541353535976,0.8836452168600668
11,linear,49,cat's paw,570,0.6318233087397458,0.92359278290941
11,linear,50,cat's ear,848,0.4169951708425047,0.8444337032313617
11,linear,51,cow's tail,49,0.2673712345410366,0.8869186323516223
11,linear,52,cow's head,180,0.5423611111111111,0.8928083055549197
11,linear,53,cow's eye,60,0.2824007940789064,0.8162584826350212
11,linear,54,cow's torso,187,0.7152406417112299,0.8413359626410479
11,linear,55,cow's neck,81,0.21450617283950618,0.7664870086275501
11,linear,56,cow's leg,142,0.43838028169014087,0.8511461069886114
11,linear,57,cow's ear,138,0.1591011049306911,0.6727540169613085
11,linear,58,cow's muzzle,161,0.6193433904684849,0.8600870176733281
11,linear,59,cow's horn,53,0.0047169811320754715,0.20287629610524988
11,linear,60,dog's tail,367,0.3888056313147012,0.829557951976233
11,linear,61,dog's head,1010,0.7273632721293091,0.8448321000848076
11,linear,62,dog's eye,641,0.3713598548668595,0.9273388727964738
11,linear,63,dog's torso,981,0.740362118477729,0.794206777540065
11,linear,64,dog's neck,454,0.5003539962521734,0.8205782457989218
11,linear,65,dog's leg,810,0.6436008231507407,0.8381827047853558
11,linear,66,dog's nose,815,0.0059859772767026,0.5650840908654629
11,linear,67,dog's paw,629,0.5108448787694515,0.8797012398727179
11,linear,68,dog's ear,899,0.4985089254989242,0.8477206628301385
11,linear,69,dog's muzzle,939,0.5379722610322304,0.8020162822537846
11,linear,70,horse's tail,147,0.5206997086401699,0.9161467793948797
11,linear,71,horse's head,282,0.5849290780247526,0.89852773879014
11,linear,72,horse's eye,104,0.22977335220919207,0.7580688655949556
11,linear,73,horse's torso,293,0.7436006825938567,0.8364843272511869
11,linear,74,horse's neck,233,0.3009656652360515,0.7355233117490367
11,linear,75,horse's leg,265,0.4849056603773585,0.790449433028698
11,linear,76,horse's ear,223,0.21532137565014073,0.8301884707714945
11,linear,77,horse's muzzle,256,0.6219959097215906,0.8832192051340826
11,linear,78,horse's hoof,127,0.010498687742263313,0.3226046329290848
11,linear,79,motorbike's wheel,244,0.7920081967213115,0.8549491650745517
11,linear,80,motorbike's saddle,8,0.015625,0.4458105079829693
11,linear,81,motorbike's handlebar,11,0.13636363636363635,0.7318238886919889
11,linear,82,motorbike's headlight,113,0.10951327433628319,0.8011029069930051
11,linear,83,person's head,1334,0.28304687028435216,0.588147257614568
11,linear,84,person's eye,585,0.1953561262951957,0.5706869133358073
11,linear,85,person's torso,1273,0.28121703595086894,0.5559720225624509
11,linear,86,person's neck,757,0.18583695131847378,0.5370226334903483
11,linear,87,person's leg,486,0.10819370983314122,0.4663872847356546
11,linear,88,person's foot,135,0.05043209901562443,0.34591024284837424
11,linear,89,person's nose,907,0.1406494469896304,0.6079818271870634
11,linear,90,person's ear,688,0.09022875158332808,0.3148272023827303
11,linear,91,person's eyebrow,432,0.03883653009931246,0.6315927681517443
11,linear,92,person's mouth,712,0.10547752831173077,0.6001058505387621
11,linear,93,person's hair,1082,0.3562131423413643,0.6867284611760089
11,linear,94,person's lower arm,753,0.03514987675554724,0.3282396131081341
11,linear,95,person's upper arm,1043,0.021451399430332568,0.2533152963651821
11,linear,96,person's hand,669,0.06107730118861291,0.3290873961606702
11,linear,97,pottedplant's pot,181,0.6354511972948991,0.8295023464366217
11,linear,98,pottedplant's plant,203,0.48128078841223504,0.7257848223808951
11,linear,99,sheep's tail,56,0.20089285714285715,0.7905496981527124
11,linear,100,sheep's head,217,0.4478549484833045,0.8772432427801844
11,linear,101,sheep's eye,63,0.25521541989984964,0.7586509843194296
11,linear,102,sheep's torso,236,0.618114406779661,0.8405797986660973
11,linear,103,sheep's neck,155,0.25414746547898937,0.7354172745058614
11,linear,104,sheep's leg,53,0.42971698124453706,0.8376580336183872
11,linear,105,sheep's ear,174,0.19019567666725182,0.6942355396418736
11,linear,106,sheep's muzzle,177,0.5545601314407284,0.8838031554626207
11,linear,107,sheep's horn,22,0.0,0.18640702310949564
11,linear,108,train's headlight,16,0.1171875,0.6708419695496559
11,linear,109,train's head,209,0.07117224880382775,0.5337917208003157
11,linear,110,train's front,203,0.4007389163736052,0.7699445885390483
11,linear,111,train's side,246,0.04878048780487805,0.4453475526193293
11,linear,112,train's back,24,0.4188988109429677,0.7443938888609409
11,linear,113,train's roof,48,0.010416666666666666,0.2806092427733044
11,linear,114,train's coach,183,0.33169398908732367,0.7447874090059208
11,linear,115,tvmonitor's screen,289,0.3391003460207612,0.6928185701988973
11,orthogonal,0,aeroplane's body,462,0.29832251082896155,0.7760773016325323
11,orthogonal,1,aeroplane's stern,414,0.013630089732471871,0.4381212755533808
11,orthogonal,2,aeroplane's wing,409,0.014975550122249388,0.4876938968678267
11,orthogonal,3,aeroplane's tail,1,0.125,0.8354974985122681
11,orthogonal,4,aeroplane's engine,300,0.09665476212898891,0.5207897247994939
11,orthogonal,5,aeroplane's wheel,226,0.2747260853648186,0.8986264423722714
11,orthogonal,6,bicycle's wheel,306,0.8163126362305061,0.8438996824563718
11,orthogonal,7,bicycle's saddle,205,0.012804878048780487,0.22422370986967552
11,orthogonal,8,bicycle's handlebar,263,0.4130228136882129,0.9339221419037068
11,orthogonal,9,bicycle's chainwheel,217,0.2929339483036973,0.8405870288473121
11,orthogonal,10,bicycle's headlight,1,1.0,0.9544346928596497
11,orthogonal,11,bird's wing,250,0.3447523810863495,0.6918674552477896
11,orthogonal,12,bird's tail,403,0.42597187774500833,0.9049106982002779
11,orthogonal,13,bird's head,535,0.6399465959484332,0.9212353688812701
11,orthogonal,14,bird's eye,218,0.1742463964934743,0.28849639881983263
11,orthogonal,15,bird's beak,431,0.3007457752100553,0.8996841091913302
11,orthogonal,16,bird's torso,575,0.5428737061438353,0.8348731618083042
11,orthogonal,17,bird's neck,284,0.3544600944913609,0.8732391784990757
11,orthogonal,18,bird's leg,285,0.2562614871744524,0.8642821861986528
11,orthogonal,19,bird's foot,199,0.12231993405663188,0.720850527810691
11,orthogonal,20,bottle's body,432,0.6159336419983042,0.8239110955209644
11,orthogonal,21,bottle's cap,326,0.32668711665583533,0.7515767575041649
11,orthogonal,22,bus's wheel,233,0.6102288985712846,0.9260291594036659
11,orthogonal,23,bus's headlight,155,0.04624423971099238,0.49030352032953695
11,orthogonal,24,bus's front,183,0.2151639344262295,0.7553803187901856
11,orthogonal,25,bus's side,245,0.18928571428571428,0.7049498885261769
11,orthogonal,26,bus's back,53,0.4268867924528302,0.7484178021550179
11,orthogonal,27,bus's roof,20,0.25,0.5375330306589603
11,orthogonal,28,bus's mirror,117,0.004273504273504274,0.3534007454211386
11,orthogonal,29,bus's license plate,4,0.19375000149011612,0.6702203005552292
11,orthogonal,30,bus's door,104,0.43382555045760596,0.6677033471731613
11,orthogonal,31,bus's window,261,0.7691570881226054,0.7670883142400062
11,orthogonal,32,car's wheel,515,0.7287956545364509,0.872991892659259
11,orthogonal,33,car's headlight,289,0.46052891773954807,0.7914015779394179
11,orthogonal,34,car's front,365,0.4771526420361375,0.7276066969518792
11,orthogonal,35,car's side,515,0.2447249192925333,0.6401896610711385
11,orthogonal,36,car's back,195,0.5162820514196005,0.8381377299626668
11,orthogonal,37,car's roof,132,0.2904401159647739,0.7172293245905277
11,orthogonal,38,car's mirror,279,0.12706946675068162,0.4342281950410709
11,orthogonal,39,car's license plate,8,0.1808035746216774,0.7716212347149849
11,orthogonal,40,car's door,258,0.5536406430047612,0.77737296049216
11,orthogonal,41,car's window,548,0.7078793015956444,0.8320673649763539
11,orthogonal,42,cat's tail,332,0.5103987379964575,0.8697932563632368
11,orthogonal,43,cat's head,890,0.7237038524298186,0.8273056108127819
11,orthogonal,44,cat's eye,645,0.4726873396903045,0.9315410284397676
11,orthogonal,45,cat's torso,871,0.756400688866797,0.8034758302805481
11,orthogonal,46,cat's neck,601,0.4156980432458408,0.8053151953240203
11,orthogonal,47,cat's leg,670,0.5393781094853558,0.8231411733289263
11,orthogonal,48,cat's nose,589,0.1318275528771768,0.8756943947188114
11,orthogonal,49,cat's paw,570,0.6457101093572483,0.9269233365069356
11,orthogonal,50,cat's ear,848,0.4389740568146391,0.8597273085758371
11,orthogonal,51,cow's tail,49,0.24914966037078778,0.8160030498188369
11,orthogonal,52,cow's head,180,0.4984259262681007,0.8901056604252922
11,orthogonal,53,cow's eye,60,0.28670634999871253,0.7703005383412044
11,orthogonal,54,cow's torso,187,0.6798128342245989,0.8214584198944709
11,orthogonal,55,cow's neck,81,0.23787477980425328,0.7836238771309088
11,orthogonal,56,cow's leg,142,0.426056338028169,0.8425904000309151
11,orthogonal,57,cow's ear,138,0.20530538379714108,0.7403544655096703
11,orthogonal,58,cow's muzzle,161,0.6494897976054909,0.8611191121734078
11,orthogonal,59,cow's horn,53,0.0023584905660377358,0.20341064526154748
11,orthogonal,60,dog's tail,367,0.371642662978627,0.7717268430051832
11,orthogonal,61,dog's head,1010,0.6370957097057068,0.8258161743457365
11,orthogonal,62,dog's eye,641,0.3611024442868374,0.9202070797847325
11,orthogonal,63,dog's torso,981,0.6915453134691314,0.7836072165955705
11,orthogonal,64,dog's neck,454,0.5156990771842423,0.831398931483734
11,orthogonal,65,dog's leg,810,0.5697207526476294,0.818474994553828
11,orthogonal,66,dog's nose,815,0.0060035057228767065,0.5648202405751117
11,orthogonal,67,dog's paw,629,0.5068778869457579,0.8559401436266156
11,orthogonal,68,dog's ear,899,0.5245100379122776,0.8623585763146004
11,orthogonal,69,dog's muzzle,939,0.5054021512452787,0.7921239556595921
11,orthogonal,70,horse's tail,147,0.5046080338711642,0.8942661961021067
11,orthogonal,71,horse's head,282,0.5951241134857455,0.9019751123925472
11,orthogonal,72,horse's eye,104,0.21792582479807046,0.6754084942826571
11,orthogonal,73,horse's torso,293,0.7188566552901023,0.829400190899193
11,orthogonal,74,horse's neck,233,0.27467811158798283,0.7069565405021921
11,orthogonal,75,horse's leg,265,0.40185534599817024,0.7718775327334989
11,orthogonal,76,horse's ear,223,0.25796498084282127,0.8603296936761103
11,orthogonal,77,horse's muzzle,256,0.6116071440046653,0.8747861995943822
11,orthogonal,78,horse's hoof,127,0.013779527559055118,0.2711431006424305
11,orthogonal,79,motorbike's wheel,244,0.7838114754098361,0.8577630054511007
11,orthogonal,80,motorbike's saddle,8,0.046875,0.5562304966151714
11,orthogonal,81,motorbike's handlebar,11,0.125,0.7228774997321042
11,orthogonal,82,motorbike's headlight,113,0.13495575221238937,0.8197118268076298
11,orthogonal,83,person's head,1334,0.28178946282910083,0.5953487325946674
11,orthogonal,84,person's eye,585,0.18052706664953477,0.5180200935023017
11,orthogonal,85,person's torso,1273,0.2578302105392702,0.5268355362511987
11,orthogonal,86,person's neck,757,0.15911492795893822,0.44591636036656784
11,orthogonal,87,person's leg,486,0.11928522476443539,0.42348573655618255
11,orthogonal,88,person's foot,135,0.06092592621291125,0.36006744125237067
11,orthogonal,89,person's nose,907,0.1535635542744707,0.6053442394098035
11,orthogonal,90,person's ear,688,0.05569455991390833,0.23510511813828786
11,orthogonal,91,person's eyebrow,432,0.061505180990530386,0.609783919564776
11,orthogonal,92,person's mouth,712,0.1140783844369181,0.5929108962784208
11,orthogonal,93,person's hair,1082,0.26751056323155015,0.5882518665525931
11,orthogonal,94,person's lower arm,753,0.04355277309063105,0.34040095933600467
11,orthogonal,95,person's upper arm,1043,0.035164132842852996,0.2863290615876278
11,orthogonal,96,person's hand,669,0.08230479061603546,0.34689531688716246
11,orthogonal,97,pottedplant's pot,181,0.6259668508945908,0.824430692755715
11,orthogonal,98,pottedplant's plant,203,0.5112889984558369,0.7430037316577188
11,orthogonal,99,sheep's tail,56,0.14732142857142858,0.7164950152592999
11,orthogonal,100,sheep's head,217,0.4611531716475289,0.8882104793589236
11,orthogonal,101,sheep's eye,63,0.25398715100591146,0.7283474036625454
11,orthogonal,102,sheep's torso,236,0.5873940677966102,0.8213237103516773
11,orthogonal,103,sheep's neck,155,0.28824884814600793,0.7826694461607164
11,orthogonal,104,sheep's leg,53,0.3915094339622642,0.8248260645371563
11,orthogonal,105,sheep's ear,174,0.21948549613870424,0.7052868633777246
11,orthogonal,106,sheep's muzzle,177,0.5681934381103785,0.8690182112978172
11,orthogonal,107,sheep's horn,22,0.0,0.19654619642956692
11,orthogonal,108,train's headlight,16,0.10416666697710752,0.6401898618787527
11,orthogonal,109,train's head,209,0.05578149940693778,0.49029359085102114
11,orthogonal,110,train's front,203,0.48214285714285715,0.7708644120417205
11,orthogonal,111,train's side,246,0.043191056910569105,0.4411148453146462
11,orthogonal,112,train's back,24,0.4427083333333333,0.7481005825102329
11,orthogonal,113,train's roof,48,0.014136905471483866,0.26284972260085243
11,orthogonal,114,train's coach,183,0.35860655737704916,0.7347791208758381
11,orthogonal,115,tvmonitor's screen,289,0.41998269896193774,0.712173550083563
12,linear,0,aeroplane's body,462,0.35335497835497837,0.7916026113482265
12,linear,1,aeroplane's stern,414,0.007447665152342423,0.39079149114192974
12,linear,2,aeroplane's wing,409,0.003056234718826406,0.4600804543582618
12,linear,3,aeroplane's tail,1,0.125,0.8466290831565857
12,linear,4,aeroplane's engine,300,0.034166666666666665,0.49626962050795553
12,linear,5,aeroplane's wheel,226,0.2576011378416973,0.8885389687740697
12,linear,6,bicycle's wheel,306,0.8022875816993464,0.8403510936335021
12,linear,7,bicycle's saddle,205,0.00548780487804878,0.23608877146389426
12,linear,8,bicycle's handlebar,263,0.42395437262357416,0.9348744168707627
12,linear,9,bicycle's chainwheel,217,0.27611367129785125,0.8711046369119724
12,linear,10,bicycle's headlight,1,1.0,0.973281741142273
12,linear,11,bird's wing,250,0.27562381035089495,0.6836805629134178
12,linear,12,bird's tail,403,0.4632695265132795,0.9202294153699804
12,linear,13,bird's head,535,0.5799087681781466,0.9037496000667599
12,linear,14,bird's eye,218,0.13515181395165418,0.2852299993327998
12,linear,15,bird's beak,431,0.3305104416373711,0.9313334893530317
12,linear,16,bird's torso,575,0.6383126295131186,0.8651227123322695
12,linear,17,bird's neck,284,0.36735831725765283,0.8741034204533822
12,linear,18,bird's leg,285,0.28016290743100014,0.8799455197233903
12,linear,19,bird's foot,199,0.10118449483085518,0.7094350095894468
12,linear,20,bottle's body,432,0.6564566799336009,0.8232978056357415
12,linear,21,bottle's cap,326,0.38559012567521606,0.8263276295930696
12,linear,22,bus's wheel,233,0.6169527896995708,0.9324837296305808
12,linear,23,bus's headlight,155,0.16624423967253776,0.7508049671688387
12,linear,24,bus's front,183,0.24453551912568305,0.7723546282189792
12,linear,25,bus's side,245,0.2193877551020408,0.7157776755946023
12,linear,26,bus's back,53,0.5377358490566038,0.7779035571048845
12,linear,27,bus's roof,20,0.31875,0.6573668949306011
12,linear,28,bus's mirror,117,0.002777777803249848,0.3178792232886339
12,linear,29,bus's license plate,4,0.2604166716337204,0.7302952483296394
12,linear,30,bus's door,104,0.3783653848446332,0.7300528875337198
12,linear,31,bus's window,261,0.8113026819923371,0.8121748682525423
12,linear,32,car's wheel,515,0.7300947762230068,0.886932270937753
12,linear,33,car's headlight,289,0.5061047951655404,0.885627452812599
12,linear,34,car's front,365,0.43058056112838117,0.700558272208253
12,linear,35,car's side,515,0.25141007868410314,0.6453051743287485
12,linear,36,car's back,195,0.5693284495518758,0.8466439458804252
12,linear,37,car's roof,132,0.32590187623193767,0.7917957244948908
12,linear,38,car's mirror,279,0.015424987321258873,0.2602291091805905
12,linear,39,car's license plate,8,0.14687500149011612,0.616256469860673
12,linear,40,car's door,258,0.6251845700565235,0.8545772086164748
12,linear,41,car's window,548,0.738827338020732,0.845676379074363
12,linear,42,cat's tail,332,0.5233971600880823,0.9009036074381277
12,linear,43,cat's head,890,0.7702447833137566,0.8348804575548078
12,linear,44,cat's eye,645,0.4873791082884914,0.9402687884636165
12,linear,45,cat's torso,871,0.8020952927669346,0.8175695831668226
12,linear,46,cat's neck,601,0.42812574284148097,0.8015612869115916
12,linear,47,cat's leg,670,0.690223880601463,0.8831808511445771
12,linear,48,cat's nose,589,0.1391017868583595,0.8819725645013495
12,linear,49,cat's paw,570,0.6299832919449136,0.9231433822920448
12,linear,50,cat's ear,848,0.4239513141120661,0.8473142677882932
12,linear,51,cow's tail,49,0.27040816326530615,0.8874014019966125
12,linear,52,cow's head,180,0.5513888888888889,0.8935037897692786
12,linear,53,cow's eye,60,0.2824007940789064,0.8176269203424453
12,linear,54,cow's torso,187,0.7239304812834224,0.8453879447225581
12,linear,55,cow's neck,81,0.2138888889256819,0.7668365648499241
12,linear,56,cow's leg,142,0.44454225352112675,0.8538720933064609
12,linear,57,cow's ear,138,0.16155969686266305,0.679175784352465
12,linear,58,cow's muzzle,161,0.6183821363663822,0.8619820008413022
12,linear,59,cow's horn,53,0.0023584905660377358,0.2006373807506741
12,linear,60,dog's tail,367,0.38908135468693456,0.8320755238672694
12,linear,61,dog's head,1010,0.7330162660025134,0.8439838975963025
12,linear,62,dog's eye,641,0.3711927053336978,0.9275339568460973
12,linear,63,dog's torso,981,0.7422552305016435,0.7942461649546443
12,linear,64,dog's neck,454,0.502005978631028,0.8207187523925882
12,linear,65,dog's leg,810,0.6461140507165296,0.8379230462290622
12,linear,66,dog's nose,815,0.00616856562945009,0.567233555558269
12,linear,67,dog's paw,629,0.5099174808385073,0.8808224882652157
12,linear,68,dog's ear,899,0.5003959427984458,0.848632030512255
12,linear,69,dog's muzzle,939,0.5384667080463058,0.8022325084811519
12,linear,70,horse's tail,147,0.5283527698646597,0.9172163502801032
12,linear,71,horse's head,282,0.5821513002540203,0.897947333700268
12,linear,72,horse's eye,104,0.2341231690863004,0.7620061657463129
12,linear,73,horse's torso,293,0.7457337883959044,0.8378444358757331
12,linear,74,horse's neck,233,0.31491416309012876,0.7434138461243953
12,linear,75,horse's leg,265,0.49465408808780165,0.7900333241049974
12,linear,76,horse's ear,223,0.21771834343003585,0.830888621943414
12,linear,77,horse's muzzle,256,0.6234095999388956,0.8846417361055501
12,linear,78,horse's hoof,127,0.011951631213736347,0.3303081914782524
12,linear,79,motorbike's wheel,244,0.7920081967213115,0.8542524258621403
12,linear,80,motorbike's saddle,8,0.015625,0.4155217111110687
12,linear,81,motorbike's handlebar,11,0.13636363636363635,0.7320029193704779
12,linear,82,motorbike's headlight,113,0.11283185840707964,0.8026404235742789
12,linear,83,person's head,1334,0.2874964311763622,0.5880003760553438
12,linear,84,person's eye,585,0.19499593096920567,0.5760683323965113
12,linear,85,person's torso,1273,0.2807924670561598,0.5580450778536993
12,linear,86,person's neck,757,0.18527866998389658,0.5410479150061671
12,linear,87,person's leg,486,0.10493582235687554,0.46801469578511184
12,linear,88,person's foot,135,0.054135802719328135,0.3489082262057949
12,linear,89,person's nose,907,0.14666876757092354,0.6097008608632783
12,linear,90,person's ear,688,0.09465323951701786,0.33170003728023295
12,linear,91,person's eyebrow,432,0.038431437513618556,0.630897098486053
12,linear,92,person's mouth,712,0.10427033193828014,0.599115268055224
12,linear,93,person's hair,1082,0.3652132303073534,0.69283062114308
12,linear,94,person's lower arm,753,0.03406374508720312,0.32086598441304065
12,linear,95,person's upper arm,1043,0.019455097522854462,0.2494856451601433
12,linear,96,person's hand,669,0.05946508680312979,0.32562689260149486
12,linear,97,pottedplant's pot,181,0.6354511972948991,0.829563127367536
12,linear,98,pottedplant's plant,203,0.4792282432317734,0.7232484669594342
12,linear,99,sheep's tail,56,0.20982142857142858,0.8009533621370792
12,linear,100,sheep's head,217,0.45073513281510175,0.8755837430327719
12,linear,101,sheep's eye,63,0.25521541989984964,0.7580764760218915
12,linear,102,sheep's torso,236,0.621822033898305,0.8425139321361558
12,linear,103,sheep's neck,155,0.25887096774193546,0.7409320452520924
12,linear,104,sheep's leg,53,0.4344339623766125,0.8400635871122468
12,linear,105,sheep's ear,174,0.1931376578821533,0.7027740593913986
12,linear,106,sheep's muzzle,177,0.5519975807707188,0.883738239942971
12,linear,107,sheep's horn,22,0.0,0.18384477707811378
12,linear,108,train's headlight,16,0.109375,0.6750681307166815
12,linear,109,train's head,209,0.07117224880382775,0.5346094101631755
12,linear,110,train's front,203,0.4069610605098931,0.7724914568398387
12,linear,111,train's side,246,0.048272357723577235,0.4447237762009225
12,linear,112,train's back,24,0.4084821442763011,0.7442928614715735
12,linear,113,train's roof,48,0.0078125,0.2811845960095525
12,linear,114,train's coach,183,0.32964480875945484,0.7447003543051214
12,linear,115,tvmonitor's screen,289,0.3217993079584775,0.6888126386490661
12,orthogonal,0,aeroplane's body,462,0.30211038961684034,0.7796059904611988
12,orthogonal,1,aeroplane's stern,414,0.013630089732471871,0.4377265183462037
12,orthogonal,2,aeroplane's wing,409,0.011919315403422982,0.48445531527322777
12,orthogonal,3,aeroplane's tail,1,0.125,0.8354974985122681
12,orthogonal,4,aeroplane's engine,300,0.09811904788017273,0.5251962937042117
12,orthogonal,5,aeroplane's wheel,226,0.27380425647824214,0.8985953353411329
12,orthogonal,6,bicycle's wheel,306,0.8154956427664538,0.8436954839556825
12,orthogonal,7,bicycle's saddle,205,0.011585365853658536,0.22340829243383756
12,orthogonal,8,bicycle's handlebar,263,0.4120722433460076,0.9347564224507872
12,orthogonal,9,bicycle's chainwheel,217,0.29897410597669366,0.8511096273424439
12,orthogonal,10,bicycle's headlight,1,1.0,0.965823769569397
12,orthogonal,11,bird's wing,250,0.3359142860174179,0.6891018496491015
12,orthogonal,12,bird's tail,403,0.4266956163473224,0.9062935877082957
12,orthogonal,13,bird's head,535,0.6396528709993184,0.9212756873569756
12,orthogonal,14,bird's eye,218,0.17794342571442281,0.2979950163547599
12,orthogonal,15,bird's beak,431,0.3045133147604781,0.9025085381731356
12,orthogonal,16,bird's torso,575,0.5371759836051775,0.8346969133874644
12,orthogonal,17,bird's neck,284,0.3591800809536182,0.8754885363274477
12,orthogonal,18,bird's leg,285,0.2592439433461741,0.8655575389401955
12,orthogonal,19,bird's foot,199,0.12907394242646106,0.7321152557529996
12,orthogonal,20,bottle's body,432,0.6147762345908968,0.8234370534342749
12,orthogonal,21,bottle's cap,326,0.3397239264717863,0.7645395390369409
12,orthogonal,22,bus's wheel,233,0.6113018599446751,0.9264242727101617
12,orthogonal,23,bus's headlight,155,0.06285714295602614,0.5234999564386184
12,orthogonal,24,bus's front,183,0.21653005464480873,0.7577750184496895
12,orthogonal,25,bus's side,245,0.19081632653061226,0.7055604864139946
12,orthogonal,26,bus's back,53,0.4268867924528302,0.7509877722499505
12,orthogonal,27,bus's roof,20,0.25,0.5375330291688443
12,orthogonal,28,bus's mirror,117,0.004273504273504274,0.35686815259420973
12,orthogonal,29,bus's license plate,4,0.21875,0.6714781373739243
12,orthogonal,30,bus's door,104,0.4371909355888,0.6749900795805913
12,orthogonal,31,bus's window,261,0.782088122605364,0.7764103034675349
12,orthogonal,32,car's wheel,515,0.7274364311428904,0.8742160638776219
12,orthogonal,33,car's headlight,289,0.47350057706907134,0.8069862463740329
12,orthogonal,34,car's front,365,0.480759948002149,0.728875004959433
12,orthogonal,35,car's side,515,0.24281784568018125,0.6393727659021766
12,orthogonal,36,car's back,195,0.5252564103939594,0.8407215509659205
12,orthogonal,37,car's roof,132,0.2833423525320761,0.7169499592008916
12,orthogonal,38,car's mirror,279,0.13112732645217662,0.4509685532386852
12,orthogonal,39,car's license plate,8,0.1808035746216774,0.7717696502804756
12,orthogonal,40,car's door,258,0.5664728689909906,0.7862769706073658
12,orthogonal,41,car's window,548,0.7138925097665213,0.8368146930460947
12,orthogonal,42,cat's tail,332,0.5150674126413931,0.8726007865674524
12,orthogonal,43,cat's head,890,0.7354815411098887,0.8301108787401339
12,orthogonal,44,cat's eye,645,0.47278700745845026,0.9328575920400232
12,orthogonal,45,cat's torso,871,0.7589839265246616,0.8042022556271811
12,orthogonal,46,cat's neck,601,0.4203133668855899,0.8089911863827666
12,orthogonal,47,cat's leg,670,0.54684079605252,0.8281822486599879
12,orthogonal,48,cat's nose,589,0.13145969777742753,0.8750795962855042
12,orthogonal,49,cat's paw,570,0.647360067513951,0.9275764083130318
12,orthogonal,50,cat's ear,848,0.45184608060374576,0.8654570303997904
12,orthogonal,51,cow's tail,49,0.24902818306368224,0.8205748896817772
12,orthogonal,52,cow's head,180,0.5296428576111794,0.8968719177775912
12,orthogonal,53,cow's eye,60,0.2904761912922064,0.7918115844329198
12,orthogonal,54,cow's torso,187,0.6838235294117647,0.8240169569212485
12,orthogonal,55,cow's neck,81,0.24426807794306013,0.7875981102755041
12,orthogonal,56,cow's leg,142,0.4278169014084507,0.8440718000203791
12,orthogonal,57,cow's ear,138,0.22537094624578088,0.7562482301955638
12,orthogonal,58,cow's muzzle,161,0.6475155296162789,0.8649472183322314
12,orthogonal,59,cow's horn,53,0.0023584905660377358,0.2110542560628844
12,orthogonal,60,dog's tail,367,0.3753081619008685,0.7782799761681449
12,orthogonal,61,dog's head,1010,0.6557673270011892,0.8311390711086811
12,orthogonal,62,dog's eye,641,0.36181933010889106,0.9213851208619878
12,orthogonal,63,dog's torso,981,0.6959091792990065,0.7845771022816924
12,orthogonal,64,dog's neck,454,0.5148468639882126,0.8323459271095398
12,orthogonal,65,dog's leg,810,0.5791343328945431,0.8217029149701566
12,orthogonal,66,dog's nose,815,0.005974291603258051,0.5655924936745065
12,orthogonal,67,dog's paw,629,0.5118158079908838,0.8615545469361383
12,orthogonal,68,dog's ear,899,0.5328566134970498,0.8646131357938482
12,orthogonal,69,dog's muzzle,939,0.5106496283104117,0.794098820930091
12,orthogonal,70,horse's tail,147,0.5043650794596899,0.8954540132766678
12,orthogonal,71,horse's head,282,0.6004432624219157,0.9044512887584403
12,orthogonal,72,horse's eye,104,0.22811355355840462,0.7006643813533279
12,orthogonal,73,horse's torso,293,0.7188566552901023,0.8297742202165997
12,orthogonal,74,horse's neck,233,0.29307173518663826,0.7186685073401283
12,orthogonal,75,horse's leg,265,0.4084591195830759,0.7755519589866108
12,orthogonal,76,horse's ear,223,0.26271087004732124,0.8651671489124341
12,orthogonal,77,horse's muzzle,256,0.6104073672322556,0.8757049550185911
12,orthogonal,78,horse's hoof,127,0.010826771653543307,0.27658081059087447
12,orthogonal,79,motorbike's wheel,244,0.7853483606557377,0.8566728603155886
12,orthogonal,80,motorbike's saddle,8,0.046875,0.5593119747936726
12,orthogonal,81,motorbike's handlebar,11,0.125,0.7175138890743256
12,orthogonal,82,motorbike's headlight,113,0.1415929203539823,0.8234514488583118
12,orthogonal,83,person's head,1334,0.2871707008182556,0.5979974129873592
12,orthogonal,84,person's eye,585,0.18321733948511956,0.5209977834310351
12,orthogonal,85,person's torso,1273,0.25974825193164675,0.5294232551505583
12,orthogonal,86,person's neck,757,0.16151632447302577,0.44965947390800953
12,orthogonal,87,person's leg,486,0.12001028840924487,0.42688041116559394
12,orthogonal,88,person's foot,135,0.061543210237114516,0.35783162498501714
12,orthogonal,89,person's nose,907,0.15163674163647498,0.6057880745128684
12,orthogonal,90,person's ear,688,0.05898740324516629,0.23829934193866414
12,orthogonal,91,person's eyebrow,432,0.06103119512812959,0.60853285317016
12,orthogonal,92,person's mouth,712,0.11133627635374498,0.59330841886688
12,orthogonal,93,person's hair,1082,0.2680859967184816,0.591507316569586
12,orthogonal,94,person's lower arm,753,0.042457155556792754,0.33977284389492346
12,orthogonal,95,person's upper arm,1043,0.03460256596768234,0.28281997609883547
12,orthogonal,96,person's hand,669,0.08127268870404304,0.34531235307878266
12,orthogonal,97,pottedplant's pot,181,0.627348066364204,0.8252284288077064
12,orthogonal,98,pottedplant's plant,203,0.5082101807218468,0.7427612466031107
12,orthogonal,99,sheep's tail,56,0.15625,0.7287923814728856
12,orthogonal,100,sheep's head,217,0.4698211549339206,0.8886766010028426
12,orthogonal,101,sheep's eye,63,0.25663265373025623,0.737913278715005
12,orthogonal,102,sheep's torso,236,0.5879237288135594,0.8230331066553875
12,orthogonal,103,sheep's neck,155,0.2979262675008466,0.7860942527171104
12,orthogonal,104,sheep's leg,53,0.3938679245283019,0.8288160961753918
12,orthogonal,105,sheep's ear,174,0.22922824408816195,0.7161384611979298
12,orthogonal,106,sheep's muzzle,177,0.5686642478751598,0.869416752535492
12,orthogonal,107,sheep's horn,22,0.0,0.19339467856017026
12,orthogonal,108,train's headlight,16,0.10416666697710752,0.6446925532072783
12,orthogonal,109,train's head,209,0.05773524747510846,0.4982404551562367
12,orthogonal,110,train's front,203,0.4876847290640394,0.7708417022041059
12,orthogonal,111,train's side,246,0.041666666666666664,0.4403512036291564
12,orthogonal,112,train's back,24,0.4427083333333333,0.7498400782545408
12,orthogonal,113,train's roof,48,0.014136905471483866,0.2624572452623397
12,orthogonal,114,train's coach,183,0.35878870681009656,0.7389561284760959
12,orthogonal,115,tvmonitor's screen,289,0.4083044982698962,0.7093892295467812
13,linear,0,aeroplane's body,462,0.3465909090909091,0.7880578592613146
13,linear,1,aeroplane's stern,414,0.0071457327851926645,0.3871638108818715
13,linear,2,aeroplane's wing,409,0.0027506112469437654,0.4593934143522258
13,linear,3,aeroplane's tail,1,0.125,0.8466290831565857
13,linear,4,aeroplane's engine,300,0.031369047661622365,0.4915117233494918
13,linear,5,aeroplane's wheel,226,0.25715339236554846,0.8883606328637199
13,linear,6,bicycle's wheel,306,0.8035130718954249,0.8400861525457669
13,linear,7,bicycle's saddle,205,0.00426829268292683,0.23598197982078645
13,linear,8,bicycle's handlebar,263,0.4268060836501901,0.934921591680766
13,linear,9,bicycle's chainwheel,217,0.2743855606987729,0.8725690577986054
13,linear,10,bicycle's headlight,1,1.0,0.9732818007469177
13,linear,11,bird's wing,250,0.2690714290738106,0.6803953049778938
13,linear,12,bird's tail,403,0.4687669859926399,0.9207481077823686
13,linear,13,bird's head,535,0.5698642644091187,0.8995651179750528
13,linear,14,bird's eye,218,0.1280854093508983,0.27929327219143646
13,linear,15,bird's beak,431,0.33167882080421096,0.932134254591371
13,linear,16,bird's torso,575,0.6469772259048794,0.866394922785137
13,linear,17,bird's neck,284,0.37080399125394686,0.8751420964500014
13,linear,18,bird's leg,285,0.2829908104842169,0.8809759511236559
13,linear,19,bird's foot,199,0.09909069238595627,0.7101900805180995
13,linear,20,bottle's body,432,0.6585648148148148,0.8235092768100677
13,linear,21,bottle's cap,326,0.38827417475497067,0.8329439492541953
13,linear,22,bus's wheel,233,0.6174892703862661,0.9322779009782194
13,linear,23,bus's headlight,155,0.18655913981699174,0.7708813897063655
13,linear,24,bus's front,183,0.24863387978142076,0.7726779801598012
13,linear,25,bus's side,245,0.2171768707888467,0.7154128929790186
13,linear,26,bus's back,53,0.5683962264150944,0.7864776146861742
13,linear,27,bus's roof,20,0.3375,0.6746368326246739
13,linear,28,bus's mirror,117,0.003205128205128205,0.30480083129090124
13,linear,29,bus's license plate,4,0.21875,0.7070124670863152
13,linear,30,bus's door,104,0.37724359032626337,0.7368088956349171
13,linear,31,bus's window,261,0.8218390804597702,0.818068519006287
13,linear,32,car's wheel,515,0.7327646791356281,0.8870483109383908
13,linear,33,car's headlight,289,0.5144999178841865,0.8901274780965182
13,linear,34,car's front,365,0.4395988259413471,0.700714068502596
13,linear,35,car's side,515,0.24963014342831177,0.6410211041425038
13,linear,36,car's back,195,0.579829060114347,0.8481994699973326
13,linear,37,car's roof,132,0.32984307419621584,0.7960439958807194
13,linear,38,car's mirror,279,0.007296467019665626,0.24321333122836913
13,linear,39,car's license plate,8,0.13125000149011612,0.6080881720408797
13,linear,40,car's door,258,0.6222775933123375,0.8545567058893138
13,linear,41,car's window,548,0.7424226631104511,0.8477271197051027
13,linear,42,cat's tail,332,0.5274096386260297,0.9009120862212885
13,linear,43,cat's head,890,0.7766452648833896,0.8362908694307121
13,linear,44,cat's eye,645,0.48773901970811595,0.9416654445924039
13,linear,45,cat's torso,871,0.8065442020665902,0.8179295275758109
13,linear,46,cat's neck,601,0.4304631170437062,0.802463723002575
13,linear,47,cat's leg,670,0.691902985079075,0.8839795927948026
13,linear,48,cat's nose,589,0.13845500866099814,0.8805502813012167
13,linear,49,cat's paw,570,0.6260630746159637,0.9220630017811792
13,linear,50,cat's ear,848,0.42871041116216835,0.8499577705801096
13,linear,51,cow's tail,49,0.2780612244897959,0.8891587257385254
13,linear,52,cow's head,180,0.5555555555555556,0.8931099976930353
13,linear,53,cow's eye,60,0.2824007940789064,0.824502044916153
13,linear,54,cow's torso,187,0.733957219251337,0.8481540457609503
13,linear,55,cow's neck,81,0.22006172843185473,0.7740007741951648
13,linear,56,cow's leg,142,0.4410211267605634,0.8539226298600855
13,linear,57,cow's ear,138,0.17043650841367416,0.697026285275385
13,linear,58,cow's muzzle,161,0.6154170372286198,0.8611223271220737
13,linear,59,cow's horn,53,0.0023584905660377358,0.20260808912088285
13,linear,60,dog's tail,367,0.3914006747894131,0.8343625153524025
13,linear,61,dog's head,1010,0.7379361151026027,0.8429739568714458
13,linear,62,dog's eye,641,0.3711239882917746,0.9274233344378597
13,linear,63,dog's torso,981,0.744409252106232,0.7949544724217492
13,linear,64,dog's neck,454,0.5046019510156783,0.8209307029974618
13,linear,65,dog's leg,810,0.6490461494819617,0.8384599640689514
13,linear,66,dog's nose,815,0.006497224708276292,0.569325745325147
13,linear,67,dog's paw,629,0.5089673710030478,0.8807711193429836
13,linear,68,dog's ear,899,0.5062529797913368,0.8500926445867116
13,linear,69,dog's muzzle,939,0.5427722002085025,0.8031724521471733
13,linear,70,horse's tail,147,0.5316326537099826,0.9172226892543488
13,linear,71,horse's head,282,0.5821513002540203,0.8963765534737431
13,linear,72,horse's eye,104,0.23429487244440958,0.762492710366272
13,linear,73,horse's torso,293,0.7465870307167235,0.8383639302778569
13,linear,74,horse's neck,233,0.3293991416309013,0.750372311588009
13,linear,75,horse's leg,265,0.4993710692198771,0.7900351957611318
13,linear,76,horse's ear,223,0.21818812766149975,0.8309813912272987
13,linear,77,horse's muzzle,256,0.6199916308396496,0.8848016380215995
13,linear,78,horse's hoof,127,0.012354705864050257,0.3458443114490021
13,linear,79,motorbike's wheel,244,0.7945696721311475,0.8537196876084219
13,linear,80,motorbike's saddle,8,0.015625,0.4158147871494293
13,linear,81,motorbike's handlebar,11,0.13636363636363635,0.7296902428973805
13,linear,82,motorbike's headlight,113,0.1172566371681416,0.8040767132708456
13,linear,83,person's head,1334,0.29438852090974976,0.5887587201674057
13,linear,84,person's eye,585,0.19793854394020177,0.5805370162503841
13,linear,85,person's torso,1273,0.28195301763485103,0.5589883799742591
13,linear,86,person's neck,757,0.18685758422907625,0.5429535558560428
13,linear,87,person's leg,486,0.10297619088441747,0.46731635250549747
13,linear,88,person's foot,135,0.05135802494155036,0.3440393249469775
13,linear,89,person's nose,907,0.14864283167606152,0.6110181115154903
13,linear,90,person's ear,688,0.11065545433395824,0.3503799538201176
13,linear,91,person's eyebrow,432,0.039395943697955876,0.6315272055906933
13,linear,92,person's mouth,712,0.10421515538702521,0.5995538446141846
13,linear,93,person's hair,1082,0.37352455852212396,0.6969054597098545
13,linear,94,person's lower arm,753,0.03290330746259348,0.31576989077039036
13,linear,95,person's upper arm,1043,0.01749760312522018,0.24486962722280453
13,linear,96,person's hand,669,0.05396113628229218,0.31940995662379873
13,linear,97,pottedplant's pot,181,0.6382136282341256,0.8300291006736333
13,linear,98,pottedplant's plant,203,0.4792282432317734,0.7216672517469364
13,linear,99,sheep's tail,56,0.21651785714285715,0.8121556527912617
13,linear,100,sheep's head,217,0.45549703756785065,0.8733009516094138
13,linear,101,sheep's eye,63,0.2563869995730264,0.7640580834140853
13,linear,102,sheep's torso,236,0.6255296610169492,0.8426026661517256
13,linear,103,sheep's neck,155,0.26370967741935486,0.7461779742471634
13,linear,104,sheep's leg,53,0.4339622641509434,0.8411586998768572
13,linear,105,sheep's ear,174,0.19889162626417203,0.7123760827870547
13,linear,106,sheep's muzzle,177,0.5540153369054956,0.884806629291362
13,linear,107,sheep's horn,22,0.0,0.18782127208330415
13,linear,108,train's headlight,16,0.1171875,0.6830873843282461
13,linear,109,train's head,209,0.07236842105263158,0.5364656669475387
13,linear,110,train's front,203,0.41276683096815214,0.7776563340807195
13,linear,111,train's side,246,0.04725609756097561,0.4437551509922113
13,linear,112,train's back,24,0.4032738109429677,0.7431501472989718
13,linear,113,train's roof,48,0.010416666666666666,0.28008208734293777
13,linear,114,train's coach,183,0.32964480875945484,0.7463718406815346
13,linear,115,tvmonitor's screen,289,0.3032006920415225,0.684617312412361
13,orthogonal,0,aeroplane's body,462,0.30995670996316066,0.7817614309134937
13,orthogonal,1,aeroplane's stern,414,0.013630089732471871,0.4382572979958737
13,orthogonal,2,aeroplane's wing,409,0.011002444987775062,0.4833754461741389
13,orthogonal,3,aeroplane's tail,1,0.125,0.8354974985122681
13,orthogonal,4,aeroplane's engine,300,0.09505555580059687,0.5255396132792036
13,orthogonal,5,aeroplane's wheel,226,0.2726190478532715,0.898749328160708
13,orthogonal,6,bicycle's wheel,306,0.813044662374297,0.8429000293896869
13,orthogonal,7,bicycle's saddle,205,0.011585365853658536,0.222843064840247
13,orthogonal,8,bicycle's handlebar,263,0.4149239543726236,0.9353949679168005
13,orthogonal,9,bicycle's chainwheel,217,0.30897520338335344,0.8618516176252321
13,orthogonal,10,bicycle's headlight,1,1.0,0.965823769569397
13,orthogonal,11,bird's wing,250,0.3275285716056824,0.6834208716489375
13,orthogonal,12,bird's tail,403,0.430320217576867,0.9085027875734618
13,orthogonal,13,bird's head,535,0.6382510018404399,0.9204583103133139
13,orthogonal,14,bird's eye,218,0.18242136402687895,0.30643007830810653
13,orthogonal,15,bird's beak,431,0.306930174752897,0.9039286786124214
13,orthogonal,16,bird's torso,575,0.535902691664903,0.8348831033447515
13,orthogonal,17,bird's neck,284,0.36042505088196675,0.8763803676767669
13,orthogonal,18,bird's leg,285,0.2597994988424736,0.863078036224633
13,orthogonal,19,bird's foot,199,0.13089255898741622,0.7448469624297702
13,orthogonal,20,bottle's body,432,0.6113040123686746,0.8218074161559343
13,orthogonal,21,bottle's cap,326,0.3516104295392709,0.7768844963034238
13,orthogonal,22,bus's wheel,233,0.6107653792579798,0.9267256619336779
13,orthogonal,23,bus's headlight,155,0.06995391720725644,0.547076031902144
13,orthogonal,24,bus's front,183,0.22472677595628415,0.7596401990762826
13,orthogonal,25,bus's side,245,0.18979591836734694,0.7045153845329674
13,orthogonal,26,bus's back,53,0.42452830188679247,0.7521365539364095
13,orthogonal,27,bus's roof,20,0.25,0.53489780575037
13,orthogonal,28,bus's mirror,117,0.005698005867819501,0.35168494449721444
13,orthogonal,29,bus's license plate,4,0.21875,0.6714781224727631
13,orthogonal,30,bus's door,104,0.43663003768485326,0.6810753669303197
13,orthogonal,31,bus's window,261,0.7916666666666666,0.7849417026243904
13,orthogonal,32,car's wheel,515,0.7278871939888278,0.8754809968607519
13,orthogonal,33,car's headlight,289,0.4787526779315051,0.8185180289522587
13,orthogonal,34,car's front,365,0.4867155904639257,0.7306456281305992
13,orthogonal,35,car's side,515,0.2435113269437864,0.6382221285723946
13,orthogonal,36,car's back,195,0.5380769232144722,0.8432015256239818
13,orthogonal,37,car's roof,132,0.2843524534819704,0.7215610061292396
13,orthogonal,38,car's mirror,279,0.14940689643010444,0.4743654415291804
13,orthogonal,39,car's license plate,8,0.17500000074505806,0.7666919901967049
13,orthogonal,40,car's door,258,0.5731127728787504,0.7940625652324321
13,orthogonal,41,car's window,548,0.7179961767944977,0.839963823284981
13,orthogonal,42,cat's tail,332,0.5191014057182404,0.873782947861466
13,orthogonal,43,cat's head,890,0.7479614768470271,0.8324822464518333
13,orthogonal,44,cat's eye,645,0.4731136962424877,0.9330912047289601
13,orthogonal,45,cat's torso,871,0.7612801377760967,0.8045282893387513
13,orthogonal,46,cat's neck,601,0.42308454190732636,0.8099676190120805
13,orthogonal,47,cat's leg,670,0.5578358209400035,0.8338544067829402
13,orthogonal,48,cat's nose,589,0.1317871292651408,0.8745158055642263
13,orthogonal,49,cat's paw,570,0.6476670850002975,0.9271020700534185
13,orthogonal,50,cat's ear,848,0.46118738790446856,0.869549507450945
13,orthogonal,51,cow's tail,49,0.26105442187007594,0.8367669092757362
13,orthogonal,52,cow's head,180,0.542427249170012,0.900978535744879
13,orthogonal,53,cow's eye,60,0.2918650800983111,0.7989944274226825
13,orthogonal,54,cow's torso,187,0.6811497326203209,0.8247200041849982
13,orthogonal,55,cow's neck,81,0.2522780718626799,0.7909718803417536
13,orthogonal,56,cow's leg,142,0.4295774647887324,0.8438368217206337
13,orthogonal,57,cow's ear,138,0.22421497711236926,0.7593856217420619
13,orthogonal,58,cow's muzzle,161,0.6488760737528713,0.8654641227692551
13,orthogonal,59,cow's horn,53,0.0023584905660377358,0.21180136963935955
13,orthogonal,60,dog's tail,367,0.37688789457813593,0.781672294030844
13,orthogonal,61,dog's head,1010,0.6680091940677992,0.8339803072559362
13,orthogonal,62,dog's eye,641,0.3628073696413204,0.9224696875362426
13,orthogonal,63,dog's torso,981,0.6979479152826966,0.7854173777740787
13,orthogonal,64,dog's neck,454,0.5177968325593924,0.8341761752306627
13,orthogonal,65,dog's leg,810,0.5874676662278764,0.8241225954191185
13,orthogonal,66,dog's nose,815,0.006200701181142608,0.566095256549449
13,orthogonal,67,dog's paw,629,0.5141040204249808,0.8646509576772469
13,orthogonal,68,dog's ear,899,0.5400193339592888,0.8668198667557805
13,orthogonal,69,dog's muzzle,939,0.5183351093524308,0.7970068882892942
13,orthogonal,70,horse's tail,147,0.5052154195957443,0.897398652318789
13,orthogonal,71,horse's head,282,0.6008865248332632,0.905356819959397
13,orthogonal,72,horse's eye,104,0.22664835203725558,0.7134512832674843
13,orthogonal,73,horse's torso,293,0.7209897610921502,0.8304621616931499
13,orthogonal,74,horse's neck,233,0.3102697731982997,0.7292412044280588
13,orthogonal,75,horse's leg,265,0.41600628939439666,0.7777266321317204
13,orthogonal,76,horse's ear,223,0.2658392065309088,0.8676665685235652
13,orthogonal,77,horse's muzzle,256,0.6133277543121949,0.877831973542925
13,orthogonal,78,horse's hoof,127,0.018044619579014817,0.2866395517567715
13,orthogonal,79,motorbike's wheel,244,0.7843237704918032,0.8562698625638837
13,orthogonal,80,motorbike's saddle,8,0.046875,0.5554825030267239
13,orthogonal,81,motorbike's handlebar,11,0.125,0.7212569361383264
13,orthogonal,82,motorbike's headlight,113,0.15597345132743362,0.8282418675654757
13,orthogonal,83,person's head,1334,0.29137841856729857,0.5996539060609706
13,orthogonal,84,person's eye,585,0.18369149499469334,0.5258313003378228
13,orthogonal,85,person's torso,1273,0.2593190070689427,0.5321485337112479
13,orthogonal,86,person's neck,757,0.1596826450945994,0.4549274006532444
13,orthogonal,87,person's leg,486,0.11796737247656403,0.42921902016744234
13,orthogonal,88,person's foot,135,0.06092592621291125,0.3571972549582521
13,orthogonal,89,person's nose,907,0.1491849119995763,0.6056197961636274
13,orthogonal,90,person's ear,688,0.06601259707971367,0.24343131425611805
13,orthogonal,91,person's eyebrow,432,0.06398258399632242,0.609067713519498
13,orthogonal,92,person's mouth,712,0.11020264875018194,0.5932653447367209
13,orthogonal,93,person's hair,1082,0.2699894383687409,0.5952192165134836
13,orthogonal,94,person's lower arm,753,0.04179314493262277,0.33916025940553934
13,orthogonal,95,person's upper arm,1043,0.033288819006396846,0.27538013531739824
13,orthogonal,96,person's hand,669,0.08034735606212075,0.3453337762529874
13,orthogonal,97,pottedplant's pot,181,0.6259668508945908,0.8251909987373247
13,orthogonal,98,pottedplant's plant,203,0.5106732349090388,0.743685556933504
13,orthogonal,99,sheep's tail,56,0.16517857142857142,0.7431575303365078
13,orthogonal,100,sheep's head,217,0.48224160720675774,0.8894835501085229
13,orthogonal,101,sheep's eye,63,0.25874905572051093,0.7474989847294868
13,orthogonal,102,sheep's torso,236,0.5921610169491526,0.8238958280722973
13,orthogonal,103,sheep's neck,155,0.3032258064516129,0.7903272180787979
13,orthogonal,104,sheep's leg,53,0.3915094339622642,0.8304539159783777
13,orthogonal,105,sheep's ear,174,0.23031609308445591,0.7235191270880316
13,orthogonal,106,sheep's muzzle,177,0.5673863360774045,0.8695030506321434
13,orthogonal,107,sheep's horn,22,0.0,0.19393923235210506
13,orthogonal,108,train's headlight,16,0.10416666697710752,0.6489646080881357
13,orthogonal,109,train's head,209,0.06028138557404422,0.5026709870947748
13,orthogonal,110,train's front,203,0.49014778325123154,0.7721731700461927
13,orthogonal,111,train's side,246,0.041666666666666664,0.4404014272055006
13,orthogonal,112,train's back,24,0.4322916666666667,0.7461997258166472
13,orthogonal,113,train's roof,48,0.013020833333333334,0.2617157349207749
13,orthogonal,114,train's coach,183,0.35606947704091096,0.7411821960100059
13,orthogonal,115,tvmonitor's screen,289,0.4013840830449827,0.7074765871346615
14,linear,0,aeroplane's body,462,0.3444264069264069,0.784907199732669
14,linear,1,aeroplane's stern,414,0.0071457327851926645,0.38453128442600154
14,linear,2,aeroplane's wing,409,0.0024449877750611247,0.45851870864848343
14,linear,3,aeroplane's tail,1,0.125,0.8466290831565857
14,linear,4,aeroplane's engine,300,0.027619047661622365,0.48779748504360515
14,linear,5,aeroplane's wheel,226,0.2567846608241047,0.8882739476661766
14,linear,6,bicycle's wheel,306,0.8051470588235294,0.8402107928703034
14,linear,7,bicycle's saddle,205,0.003658536585365854,0.23518184906825787
14,linear,8,bicycle's handlebar,263,0.4306083650190114,0.9352179153790492
14,linear,9,bicycle's chainwheel,217,0.27534562211981567,0.8758346090943033
14,linear,10,bicycle's headlight,1,1.0,0.973281741142273
14,linear,11,bird's wing,250,0.25356666707992553,0.6745913755595684
14,linear,12,bird's tail,403,0.4719514359463533,0.9214548126195855
14,linear,13,bird's head,535,0.5607899430199205,0.8958126334752017
14,linear,14,bird's eye,218,0.11858890431189756,0.2737809576247947
14,linear,15,bird's beak,431,0.33221191102141845,0.9327905423887368
14,linear,16,bird's torso,575,0.654020704186481,0.8661980580506118
14,linear,17,bird's neck,284,0.37461854533200534,0.8759888795952142
14,linear,18,bird's leg,285,0.2847451964491292,0.8823107677593566
14,linear,19,bird's foot,199,0.0983249587030267,0.7066882799693088
14,linear,20,bottle's body,432,0.6605902777777778,0.823663002466438
14,linear,21,bottle's cap,326,0.39221078006584953,0.8381027493603025
14,linear,22,bus's wheel,233,0.6180257510729614,0.9323414740644299
14,linear,23,bus's headlight,155,0.19543010755892723,0.7793660029288261
14,linear,24,bus's front,183,0.2575136612021858,0.7748107535591542
14,linear,25,bus's side,245,0.2171768707888467,0.7135006183264206
14,linear,26,bus's back,53,0.5849056603773585,0.7877055609001303
14,linear,27,bus's roof,20,0.3276785731315613,0.676669517159462
14,linear,28,bus's mirror,117,0.002136752136752137,0.29494371787350404
14,linear,29,bus's license plate,4,0.21875,0.7070124670863152
14,linear,30,bus's door,104,0.3791552201773112,0.7420182574826938
14,linear,31,bus's window,261,0.8290229885057471,0.8223580935563164
14,linear,32,car's wheel,515,0.733284790133967,0.887313802612638
14,linear,33,car's headlight,289,0.5170744771466536,0.8918868180583505
14,linear,34,car's front,365,0.4510958904272889,0.7014608910638992
14,linear,35,car's side,515,0.24335413792179625,0.6365967429668
14,linear,36,car's back,195,0.5894444447297317,0.8492880697433766
14,linear,37,car's roof,132,0.33413600345904176,0.7990475861412106
14,linear,38,car's mirror,279,0.004245605092749374,0.22820494191614263
14,linear,39,car's license plate,8,0.13125000149011612,0.6080881664529443
14,linear,40,car's door,258,0.6188307494040608,0.8555709434341091
14,linear,41,car's window,548,0.7435218983866873,0.8489332992420362
14,linear,42,cat's tail,332,0.5311746988669935,0.9016431621444153
14,linear,43,cat's head,890,0.7797752808988764,0.8378023254904854
14,linear,44,cat's eye,645,0.4862938369429389,0.9416682587633299
14,linear,45,cat's torso,871,0.810849598163031,0.8187489889810198
14,linear,46,cat's neck,601,0.4334343554771284,0.8045787838056758
14,linear,47,cat's leg,670,0.6958208955268361,0.8845565792339951
14,linear,48,cat's nose,589,0.13630244983375983,0.8785201531719473
14,linear,49,cat's paw,570,0.626856725414594,0.9226542220826734
14,linear,50,cat's ear,848,0.4361677336910704,0.8541359684236769
14,linear,51,cow's tail,49,0.28061224489795916,0.8899295780123496
14,linear,52,cow's head,180,0.5604166666666667,0.891974627888865
14,linear,53,cow's eye,60,0.28250000029802325,0.8275384480754534
14,linear,54,cow's torso,187,0.7393048128342246,0.8492664666896198
14,linear,55,cow's neck,81,0.22623456793802757,0.7796949670638567
14,linear,56,cow's leg,142,0.44014084507042256,0.8534503671484934
14,linear,57,cow's ear,138,0.17895962783823843,0.7124840286762818
14,linear,58,cow's muzzle,161,0.6150251414094653,0.8613321910965146
14,linear,59,cow's horn,53,0.0023584905660377358,0.20322238161878767
14,linear,60,dog's tail,367,0.3931458415387437,0.8359495348193016
14,linear,61,dog's head,1010,0.7370308817613243,0.8412289723163784
14,linear,62,dog's eye,641,0.3694320634449142,0.9271818723953831
14,linear,63,dog's torso,981,0.7478896657139762,0.7952481307750083
14,linear,64,dog's neck,454,0.5083779107106414,0.8232247121796209
14,linear,65,dog's leg,810,0.6507436803461593,0.8375463854659486
14,linear,66,dog's nose,815,0.0075708443584617665,0.5713795170462205
14,linear,67,dog's paw,629,0.5086721177368361,0.8807823521415267
14,linear,68,dog's ear,899,0.5127694795739001,0.8521984622329971
14,linear,69,dog's muzzle,939,0.5451239929063378,0.8034301778704277
14,linear,70,horse's tail,147,0.5333333339820914,0.9175444789180139
14,linear,71,horse's head,282,0.5786052009632402,0.8947356574712916
14,linear,72,horse's eye,104,0.23581730832274145,0.7691193750987833
14,linear,73,horse's torso,293,0.7508532423208191,0.8392415249612144
14,linear,74,horse's neck,233,0.34227467811158796,0.7564735009690723
14,linear,75,horse's leg,265,0.5031446541255375,0.7899036008513198
14,linear,76,horse's ear,223,0.22290732481019915,0.8348053429158814
14,linear,77,horse's muzzle,256,0.6177873896085657,0.8872626185184345
14,linear,78,horse's hoof,127,0.012073490915336008,0.35207563703219724
14,linear,79,motorbike's wheel,244,0.7935450819672131,0.8531143032625074
14,linear,80,motorbike's saddle,8,0.015625,0.416331484913826
14,linear,81,motorbike's handlebar,11,0.13636363636363635,0.7332540317015215
14,linear,82,motorbike's headlight,113,0.1172566371681416,0.8035405425898796
14,linear,83,person's head,1334,0.3011119448463956,0.5891944767001073
14,linear,84,person's eye,585,0.19720187324744004,0.5863942574948454
14,linear,85,person's torso,1273,0.28196891559359605,0.558547666814882
14,linear,86,person's neck,757,0.1891913578760671,0.5488364140255823
14,linear,87,person's leg,486,0.09723691985685638,0.4661624205639823
14,linear,88,person's foot,135,0.053209876793402215,0.3406550187341593
14,linear,89,person's nose,907,0.15193731374751115,0.6117621566314771
14,linear,90,person's ear,688,0.1132250141872223,0.3622412109865298
14,linear,91,person's eyebrow,432,0.037624008056742174,0.6324400536401232
14,linear,92,person's mouth,712,0.10371020618365721,0.6014979509335912
14,linear,93,person's hair,1082,0.37816323466640306,0.6996179267995631
14,linear,94,person's lower arm,753,0.02997059385931666,0.31202155027531114
14,linear,95,person's upper arm,1043,0.01606971651229968,0.2426684908604576
14,linear,96,person's hand,669,0.0496245286523494,0.31602072655898483
14,linear,97,pottedplant's pot,181,0.6361418050297057,0.8309253902066478
14,linear,98,pottedplant's plant,203,0.47861247968497533,0.720566265578634
14,linear,99,sheep's tail,56,0.21428571428571427,0.8179339995341641
14,linear,100,sheep's head,217,0.46117511522110705,0.8721225414133291
14,linear,101,sheep's eye,63,0.2558201059462532,0.7638648287171409
14,linear,102,sheep's torso,236,0.6292372881355932,0.8438603163270627
14,linear,103,sheep's neck,155,0.2725806451612903,0.751413457624374
14,linear,104,sheep's leg,53,0.4339622641509434,0.8418459307472661
14,linear,105,sheep's ear,174,0.20492610900566496,0.7233169896677992
14,linear,106,sheep's muzzle,177,0.552333873375661,0.8864933316316982
14,linear,107,sheep's horn,22,0.0,0.18940975991162387
14,linear,108,train's headlight,16,0.1171875,0.6922055892646313
14,linear,109,train's head,209,0.07416267942583732,0.5386963650031665
14,linear,110,train's front,203,0.4205665024630542,0.7847736575480165
14,linear,111,train's side,246,0.047764227642276426,0.4439893659900844
14,linear,112,train's back,24,0.4032738109429677,0.7445960603654385
14,linear,113,train's roof,48,0.010416666666666666,0.28097175744672614
14,linear,114,train's coach,183,0.32691256832229637,0.7454494974000858
14,linear,115,tvmonitor's screen,289,0.27854671280276816,0.6790215149264022
14,orthogonal,0,aeroplane's body,462,0.31259018760093876,0.7840541522804793
14,orthogonal,1,aeroplane's stern,414,0.013630089732471871,0.43966550793912673
14,orthogonal,2,aeroplane's wing,409,0.007640586797066014,0.47905805521168743
14,orthogonal,3,aeroplane's tail,1,0.125,0.8354974985122681
14,orthogonal,4,aeroplane's engine,300,0.09148412714401881,0.5282856825118264
14,orthogonal,5,aeroplane's wheel,226,0.2726190478532715,0.899299942946012
14,orthogonal,6,bicycle's wheel,306,0.8130174292361035,0.8425925794769736
14,orthogonal,7,bicycle's saddle,205,0.011585365853658536,0.22039050707002966
14,orthogonal,8,bicycle's handlebar,263,0.4158745247148289,0.9356317687850488
14,orthogonal,9,bicycle's chainwheel,217,0.3243087558977066,0.8737629867643805
14,orthogonal,10,bicycle's headlight,1,1.0,0.9658237099647522
14,orthogonal,11,bird's wing,250,0.3241666671037674,0.6811935330368578
14,orthogonal,12,bird's tail,403,0.4271800782041573,0.9093872986123817
14,orthogonal,13,bird's head,535,0.636457499416075,0.9200417740601246
14,orthogonal,14,bird's eye,218,0.195238095904709,0.32200912394723213
14,orthogonal,15,bird's beak,431,0.30898795842156335,0.9072237984901791
14,orthogonal,16,bird's torso,575,0.5371387165266535,0.8365948670584222
14,orthogonal,17,bird's neck,284,0.3639713285989325,0.8780206511925224
14,orthogonal,18,bird's leg,285,0.2596825398374022,0.8623018042037361
14,orthogonal,19,bird's foot,199,0.13606724202932424,0.7592302737523563
14,orthogonal,20,bottle's body,432,0.6098572531094154,0.821159665024391
14,orthogonal,21,bottle's cap,326,0.360685071696533,0.7880593289398342
14,orthogonal,22,bus's wheel,233,0.6110974863619252,0.9266111460622288
14,orthogonal,23,bus's headlight,155,0.07688172055828955,0.5706171317446617
14,orthogonal,24,bus's front,183,0.22745901639344263,0.7611515810255145
14,orthogonal,25,bus's side,245,0.18928571428571428,0.7042970251063911
14,orthogonal,26,bus's back,53,0.4481132075471698,0.7555359395326309
14,orthogonal,27,bus's roof,20,0.24375,0.5414582833647728
14,orthogonal,28,bus's mirror,117,0.005698005867819501,0.34962583556134474
14,orthogonal,29,bus's license plate,4,0.21875,0.6741792112588882
14,orthogonal,30,bus's door,104,0.4388850743953998,0.6864239679506192
14,orthogonal,31,bus's window,261,0.7969348659003831,0.7938928054895438
14,orthogonal,32,car's wheel,515,0.7280605643408969,0.8751751759315579
14,orthogonal,33,car's headlight,289,0.48738260030952707,0.8272127780328572
14,orthogonal,34,car's front,365,0.48760273979134755,0.7304644231926904
14,orthogonal,35,car's side,515,0.24205501626417475,0.6368944903021877
14,orthogonal,36,car's back,195,0.5465384615537447,0.8443033209978006
14,orthogonal,37,car's roof,132,0.2873917751465783,0.7228034416382964
14,orthogonal,38,car's mirror,279,0.1467613939956952,0.48890596585461743
14,orthogonal,39,car's license plate,8,0.17500000074505806,0.7743429243564606
14,orthogonal,40,car's door,258,0.5829411224685899,0.800952306724796
14,orthogonal,41,car's window,548,0.7226081859238827,0.8442040128755743
14,orthogonal,42,cat's tail,332,0.5228664659592043,0.8750756489090532
14,orthogonal,43,cat's head,890,0.7574919745158614,0.8349579627050108
14,orthogonal,44,cat's eye,645,0.4735197501358136,0.9337400299229826
14,orthogonal,45,cat's torso,871,0.7622847301985995,0.8044657226989792
14,orthogonal,46,cat's neck,601,0.42757309266612453,0.8131630122165712
14,orthogonal,47,cat's leg,670,0.5695646766851198,0.8406246522246902
14,orthogonal,48,cat's nose,589,0.13103727075462632,0.8733906928064058
14,orthogonal,49,cat's paw,570,0.64885756127667,0.9269171503029372
14,orthogonal,50,cat's ear,848,0.47182586490405054,0.8742091854647646
14,orthogonal,51,cow's tail,49,0.2661564626864025,0.8404764238060737
14,orthogonal,52,cow's head,180,0.56388888930281,0.9055472784572177
14,orthogonal,53,cow's eye,60,0.2898809532324473,0.8051603948076566
14,orthogonal,54,cow's torso,187,0.6811497326203209,0.8259104974767103
14,orthogonal,55,cow's neck,81,0.25823045273621875,0.79709388885969
14,orthogonal,56,cow's leg,142,0.4269366197183099,0.8450246906616319
14,orthogonal,57,cow's ear,138,0.23531746151654617,0.768549917616706
14,orthogonal,58,cow's muzzle,161,0.6451493657153585,0.8655388706959553
14,orthogonal,59,cow's horn,53,0.0023584905660377358,0.21428393936311863
14,orthogonal,60,dog's tail,367,0.37589853409200663,0.7875848972626863
14,orthogonal,61,dog's head,1010,0.6819460162579423,0.8365840329908498
14,orthogonal,62,dog's eye,641,0.3652848973289109,0.9236539320529158
14,orthogonal,63,dog's torso,981,0.7004999758544683,0.7852738574678866
14,orthogonal,64,dog's neck,454,0.5222152298570729,0.8350763425132514
14,orthogonal,65,dog's leg,810,0.5947942386990712,0.8269999058342274
14,orthogonal,66,dog's nose,815,0.0062445224062796754,0.5671403141840835
14,orthogonal,67,dog's paw,629,0.5165644642705948,0.8663286276173516
14,orthogonal,68,dog's ear,899,0.5473369884742911,0.8701157394187469
14,orthogonal,69,dog's muzzle,939,0.5226025670544662,0.7986791583613212
14,orthogonal,70,horse's tail,147,0.5069160998678531,0.8981220461174745
14,orthogonal,71,horse's head,282,0.6065222898379286,0.9064108022349946
14,orthogonal,72,horse's eye,104,0.23099816905764434,0.7242531121636813
14,orthogonal,73,horse's torso,293,0.7209897610921502,0.8312564075705134
14,orthogonal,74,horse's neck,233,0.3235744942027612,0.7424048948313545
14,orthogonal,75,horse's leg,265,0.4174213837340193,0.7802519536243295
14,orthogonal,76,horse's ear,223,0.26979500416148405,0.8712186289140996
14,orthogonal,77,horse's muzzle,256,0.613481214561034,0.8787255001370795
14,orthogonal,78,horse's hoof,127,0.018241469902316416,0.2898473744023973
14,orthogonal,79,motorbike's wheel,244,0.7822745901639344,0.8553846940153935
14,orthogonal,80,motorbike's saddle,8,0.03125,0.5417705774307251
14,orthogonal,81,motorbike's handlebar,11,0.125,0.7137933996590701
14,orthogonal,82,motorbike's headlight,113,0.168141592920354,0.8325990024393639
14,orthogonal,83,person's head,1334,0.2948231246920004,0.6004693988817806
14,orthogonal,84,person's eye,585,0.18537647673207472,0.5317500833811987
14,orthogonal,85,person's torso,1273,0.2610836799511831,0.5349608730560993
14,orthogonal,86,person's neck,757,0.16050512730445382,0.4616660507656683
14,orthogonal,87,person's leg,486,0.11748726270449014,0.4294107416654274
14,orthogonal,88,person's foot,135,0.06092592621291125,0.35637127956444464
14,orthogonal,89,person's nose,907,0.14923085098164085,0.6056243250610629
14,orthogonal,90,person's ear,688,0.06598491174017274,0.24711713268080465
14,orthogonal,91,person's eyebrow,432,0.06264605400738893,0.6094766835460043
14,orthogonal,92,person's mouth,712,0.10896201205722401,0.5937061055662801
14,orthogonal,93,person's hair,1082,0.2693160822315489,0.5977848706080091
14,orthogonal,94,person's lower arm,753,0.04086827301725765,0.33822887541434343
14,orthogonal,95,person's upper arm,1043,0.031427201865846334,0.2695320190840391
14,orthogonal,96,person's hand,669,0.07748950142496905,0.34491412484564543
14,orthogonal,97,pottedplant's pot,181,0.6294198895686239,0.82525324459234
14,orthogonal,98,pottedplant's plant,203,0.5106732349090388,0.7439198357057689
14,orthogonal,99,sheep's tail,56,0.171875,0.7494932933311377
14,orthogonal,100,sheep's head,217,0.4902786931134589,0.8891557885617155
14,orthogonal,101,sheep's eye,63,0.2579554049741654,0.750674751897653
14,orthogonal,102,sheep's torso,236,0.5932203389830508,0.8252875249264604
14,orthogonal,103,sheep's neck,155,0.31290322580645163,0.7958528161048889
14,orthogonal,104,sheep's leg,53,0.3938679245283019,0.8313101979921449
14,orthogonal,105,sheep's ear,174,0.23555692516524215,0.7328551785014141
14,orthogonal,106,sheep's muzzle,177,0.5692695753049042,0.8706696738231149
14,orthogonal,107,sheep's horn,22,0.0,0.18224858814342457
14,orthogonal,108,train's headlight,16,0.10416666697710752,0.6530521921813488
14,orthogonal,109,train's head,209,0.060321258015609815,0.5096535751480235
14,orthogonal,110,train's front,203,0.4907635467980296,0.7703609942765952
14,orthogonal,111,train's side,246,0.041666666666666664,0.4412567470737589
14,orthogonal,112,train's back,24,0.4479166666666667,0.7533570490777493
14,orthogonal,113,train's roof,48,0.015625,0.261255981400609
14,orthogonal,114,train's coach,183,0.3616705699696567,0.7445667550537756
14,orthogonal,115,tvmonitor's screen,289,0.3892733564013841,0.705008988458805
15,linear,0,aeroplane's body,462,0.33820346320346323,0.7810692294335468
15,linear,1,aeroplane's stern,414,0.00728951009431323,0.38131684700144086
15,linear,2,aeroplane's wing,409,0.002139364303178484,0.4575311224224515
15,linear,3,aeroplane's tail,1,0.125,0.8466290831565857
15,linear,4,aeroplane's engine,300,0.024642857164144515,0.4844430566330751
15,linear,5,aeroplane's wheel,226,0.25723240630025357,0.88884552944023
15,linear,6,bicycle's wheel,306,0.8043300653594772,0.8403833122814403
15,linear,7,bicycle's saddle,205,0.003658536585365854,0.23496238640168818
15,linear,8,bicycle's handlebar,263,0.4336185044548811,0.9352315766276516
15,linear,9,bicycle's chainwheel,217,0.27419354838709675,0.8775232920448901
15,linear,10,bicycle's headlight,1,1.0,0.973281741142273
15,linear,11,bird's wing,250,0.2466809532046318,0.674220105201006
15,linear,12,bird's tail,403,0.47558489922554265,0.9220266123267616
15,linear,13,bird's head,535,0.5526613269732378,0.8912770444475044
15,linear,14,bird's eye,218,0.11197029368593059,0.26966814347329215
15,linear,15,bird's beak,431,0.33500165805186033,0.9341670890487817
15,linear,16,bird's torso,575,0.6570807456192763,0.8667021815673165
15,linear,17,bird's neck,284,0.3737759899190614,0.8761661503149171
15,linear,18,bird's leg,285,0.28796157068327854,0.8830164940733659
15,linear,19,bird's foot,199,0.09202560475423707,0.7027349969250473
15,linear,20,bottle's body,432,0.6600115740740741,0.8233966656650106
15,linear,21,bottle's cap,326,0.3944566170313607,0.8413428997198131
15,linear,22,bus's wheel,233,0.619992846966813,0.9326051501757086
15,linear,23,bus's headlight,155,0.20833333336537885,0.7901490407605325
15,linear,24,bus's front,183,0.26434426229508196,0.7764727424402706
15,linear,25,bus's side,245,0.21224489795918366,0.7103422638104886
15,linear,26,bus's back,53,0.5943396226415094,0.7956779059374107
15,linear,27,bus's roof,20,0.35982142984867094,0.6941438108682633
15,linear,28,bus's mirror,117,0.003205128205128205,0.2839900765918259
15,linear,29,bus's license plate,4,0.09375,0.6043613478541374
15,linear,30,bus's door,104,0.3777243595283765,0.7480518508415955
15,linear,31,bus's window,261,0.8333333333333334,0.8232126406668703
15,linear,32,car's wheel,515,0.7338626912496622,0.8873714348066201
15,linear,33,car's headlight,289,0.5209919264778546,0.8936977681404167
15,linear,34,car's front,365,0.4558219178490443,0.7003401503579257
15,linear,35,car's side,515,0.237817845732263,0.6324814883539978
15,linear,36,car's back,195,0.6013797315267416,0.8516702859829633
15,linear,37,car's roof,132,0.34076479133782966,0.8020391362634572
15,linear,38,car's mirror,279,0.0028161802813143713,0.22118495988215597
15,linear,39,car's license plate,8,0.13125000149011612,0.6173083474859595
15,linear,40,car's door,258,0.6186692508500676,0.8548915495937185
15,linear,41,car's window,548,0.7454966117974615,0.8492152627734263
15,linear,42,cat's tail,332,0.5338102410356682,0.9018283642783581
15,linear,43,cat's head,890,0.7834269662921348,0.839181116704693
15,linear,44,cat's eye,645,0.48649870956590935,0.9417715921940267
15,linear,45,cat's torso,871,0.8138633754305397,0.8195781203074516
15,linear,46,cat's neck,601,0.43423658983778834,0.8047329523599088
15,linear,47,cat's leg,670,0.6999253731387765,0.8856901977489243
15,linear,48,cat's nose,589,0.1342206323592084,0.8776207475690566
15,linear,49,cat's paw,570,0.626031746231673,0.9219611305939523
15,linear,50,cat's ear,848,0.4405505953286335,0.8562359626071071
15,linear,51,cow's tail,49,0.2780612244897959,0.8899888323277844
15,linear,52,cow's head,180,0.5660714286069075,0.8903377141389582
15,linear,53,cow's eye,60,0.28250000029802325,0.8309999128182729
15,linear,54,cow's torso,187,0.7399732620320856,0.8495299471094009
15,linear,55,cow's neck,81,0.2339506173207436,0.7833651543399434
15,linear,56,cow's leg,142,0.44014084507042256,0.854001888087098
15,linear,57,cow's ear,138,0.1889147692616435,0.7261327830129776
15,linear,58,cow's muzzle,161,0.615387460274726,0.8610502909290494
15,linear,59,cow's horn,53,0.0023584905660377358,0.20298099124206687
15,linear,60,dog's tail,367,0.394871545463232,0.8363751851692187
15,linear,61,dog's head,1010,0.7392586045336015,0.8394077417947868
15,linear,62,dog's eye,641,0.36966050115185856,0.9270750893724504
15,linear,63,dog's torso,981,0.750844619325177,0.7955852225498808
15,linear,64,dog's neck,454,0.5101872246696035,0.8245065226034971
15,linear,65,dog's leg,810,0.6513609642967766,0.837021200929159
15,linear,66,dog's nose,815,0.007816243116840994,0.5738515053424367
15,linear,67,dog's paw,629,0.5071239308683596,0.8808729729018454
15,linear,68,dog's ear,899,0.5163183963305428,0.8541205133061786
15,linear,69,dog's muzzle,939,0.5476000312481698,0.8031448870302199
15,linear,70,horse's tail,147,0.5372206033492575,0.9180415958470228
15,linear,71,horse's head,282,0.5798505572668204,0.8935644692140268
15,linear,72,horse's eye,104,0.23556547683592027,0.7714283642573998
15,linear,73,horse's torso,293,0.7512798634812287,0.8389023684295778
15,linear,74,horse's neck,233,0.35139484978540775,0.760688443296457
15,linear,75,horse's leg,265,0.5106918239368583,0.7903481393771351
15,linear,76,horse's ear,223,0.22631326110640984,0.8376099163240381
15,linear,77,horse's muzzle,256,0.6170386917074211,0.8872245078673586
15,linear,78,horse's hoof,127,0.010826771770875284,0.35482493928802294
15,linear,79,motorbike's wheel,244,0.7935450819672131,0.8529801106110948
15,linear,80,motorbike's saddle,8,0.015625,0.41364264488220215
15,linear,81,motorbike's handlebar,11,0.125,0.7339412678371776
15,linear,82,motorbike's headlight,113,0.12057522123893805,0.802635854060671
15,linear,83,person's head,1334,0.30519204784458365,0.589453624649395
15,linear,84,person's eye,585,0.19445869054040338,0.589724110169575
15,linear,85,person's torso,1273,0.2818155471419876,0.558580807162718
15,linear,86,person's neck,757,0.18880763771984346,0.5535348105900079
15,linear,87,person's leg,486,0.09149519930528516,0.46667503255875514
15,linear,88,person's foot,135,0.053209876793402215,0.33762783822086123
15,linear,89,person's nose,907,0.15608101099105234,0.6128678896829954
15,linear,90,person's ear,688,0.12526820350958165,0.3833100600391464
15,linear,91,person's eyebrow,432,0.037582672097616725,0.6328447085990639
15,linear,92,person's mouth,712,0.10098147423665844,0.6014479617287374
15,linear,93,person's hair,1082,0.3847108537575674,0.7039785420357693
15,linear,94,person's lower arm,753,0.02908524641319417,0.31087794470208713
15,linear,95,person's upper arm,1043,0.016020636473383223,0.24109290595847688
15,linear,96,person's hand,669,0.04540358771123159,0.31222250874144525
15,linear,97,pottedplant's pot,181,0.637523020499319,0.8318565221122616
15,linear,98,pottedplant's plant,203,0.4761494254977832,0.7177245891813574
15,linear,99,sheep's tail,56,0.21875,0.8232017239289624
15,linear,100,sheep's head,217,0.46117511522110705,0.8701684774341671
15,linear,101,sheep's eye,63,0.2530423282157807,0.7601382118605432
15,linear,102,sheep's torso,236,0.6340042372881356,0.8441305567147368
15,linear,103,sheep's neck,155,0.2725806451612903,0.7525923898143153
15,linear,104,sheep's leg,53,0.4339622641509434,0.8419989336211726
15,linear,105,sheep's ear,174,0.2104132462335729,0.7329105909956598
15,linear,106,sheep's muzzle,177,0.5523002441488417,0.8874630995389432
15,linear,107,sheep's horn,22,0.0,0.18897495097057385
15,linear,108,train's headlight,16,0.1171875,0.6962457410991192
15,linear,109,train's head,209,0.07476076555023924,0.5395702300637818
15,linear,110,train's front,203,0.42631362899770875,0.7912524537059474
15,linear,111,train's side,246,0.047764227642276426,0.4439747520699734
15,linear,112,train's back,24,0.3980654776096344,0.743250792225202
15,linear,113,train's roof,48,0.0078125,0.2805751807366808
15,linear,114,train's coach,183,0.32759562843158596,0.7457018839856966
15,linear,115,tvmonitor's screen,289,0.25821799307958476,0.674369735288785
15,orthogonal,0,aeroplane's body,462,0.31118583798537525,0.782692424694955
15,orthogonal,1,aeroplane's stern,414,0.013630089732471871,0.4417875644521437
15,orthogonal,2,aeroplane's wing,409,0.007029339853300734,0.47536044369262703
15,orthogonal,3,aeroplane's tail,1,0.125,0.832436203956604
15,orthogonal,4,aeroplane's engine,300,0.08628968268632889,0.5224243445197742
15,orthogonal,5,aeroplane's wheel,226,0.27206595050813875,0.8990052372744654
15,orthogonal,6,bicycle's wheel,306,0.8130174292361035,0.8424355000062705
15,orthogonal,7,bicycle's saddle,205,0.00975609756097561,0.21848668005408312
15,orthogonal,8,bicycle's handlebar,263,0.41730038022813687,0.9368059952449436
15,orthogonal,9,bicycle's chainwheel,217,0.3339477730786196,0.8811978092116695
15,orthogonal,10,bicycle's headlight,1,1.0,0.981447696685791
15,orthogonal,11,bird's wing,250,0.3124666671156883,0.6715875662304461
15,orthogonal,12,bird's tail,403,0.4325062037993306,0.9104706381006217
15,orthogonal,13,bird's head,535,0.6328549181468018,0.9192165065313054
15,orthogonal,14,bird's eye,218,0.20640563629909392,0.3325066735814197
15,orthogonal,15,bird's beak,431,0.3092144528218046,0.9088505004508866
15,orthogonal,16,bird's torso,575,0.5377598345279694,0.8374073285123577
15,orthogonal,17,bird's neck,284,0.3684984915168353,0.8793983537913628
15,orthogonal,18,bird's leg,285,0.2620217210890954,0.8610558634264427
15,orthogonal,19,bird's foot,199,0.13841230051601353,0.7650458213671967
15,orthogonal,20,bottle's body,432,0.6072530864427487,0.8205077701282723
15,orthogonal,21,bottle's cap,326,0.369631901931909,0.7978958228111632
15,orthogonal,22,bus's wheel,233,0.6116339670486205,0.9274509483908379
15,orthogonal,23,bus's headlight,155,0.09078341030305431,0.6002903059605629
15,orthogonal,24,bus's front,183,0.23292349726775957,0.762888588540541
15,orthogonal,25,bus's side,245,0.18928571428571428,0.7035003201085694
15,orthogonal,26,bus's back,53,0.455188679245283,0.7636409009683807
15,orthogonal,27,bus's roof,20,0.24375,0.5415794223546981
15,orthogonal,28,bus's mirror,117,0.005698005867819501,0.3420804702063911
15,orthogonal,29,bus's license plate,4,0.21875,0.6741792112588882
15,orthogonal,30,bus's door,104,0.4422504590967527,0.6876510986341879
15,orthogonal,31,bus's window,261,0.8026819923371648,0.7996677507385896
15,orthogonal,32,car's wheel,515,0.7280605643408969,0.8759262656919586
15,orthogonal,33,car's headlight,289,0.49564178648910723,0.8374035430872316
15,orthogonal,34,car's front,365,0.49437377701883445,0.7331336310465042
15,orthogonal,35,car's side,515,0.24132686092436892,0.6353775535393688
15,orthogonal,36,car's back,195,0.5567948718101551,0.8446496857282443
15,orthogonal,37,car's roof,132,0.2827831892804666,0.7249359891495921
15,orthogonal,38,car's mirror,279,0.14472606398939658,0.501886410094584
15,orthogonal,39,car's license plate,8,0.16041666828095913,0.7742063105106354
15,orthogonal,40,car's door,258,0.5982881139877231,0.8063746580435324
15,orthogonal,41,car's window,548,0.7264316132305747,0.8475774617145097
15,orthogonal,42,cat's tail,332,0.5254769077502102,0.8769457703792906
15,orthogonal,43,cat's head,890,0.7649959873952222,0.8364412604883481
15,orthogonal,44,cat's eye,645,0.47355850978877195,0.9340766213834286
15,orthogonal,45,cat's torso,871,0.7627726750861079,0.804359404333834
15,orthogonal,46,cat's neck,601,0.4304433089623634,0.8151077792271599
15,orthogonal,47,cat's leg,670,0.5796393035507914,0.8455517681899355
15,orthogonal,48,cat's nose,589,0.1316436253399517,0.8722172338003213
15,orthogonal,49,cat's paw,570,0.6481787810200139,0.9272266573811833
15,orthogonal,50,cat's ear,848,0.4802616803362122,0.8771139648303671
15,orthogonal,51,cow's tail,49,0.2687074830945657,0.8428944960540655
15,orthogonal,52,cow's head,180,0.5832341277764903,0.9082595188584592
15,orthogonal,53,cow's eye,60,0.2895833340783914,0.8075081845124562
15,orthogonal,54,cow's torso,187,0.6798128342245989,0.8269555171065152
15,orthogonal,55,cow's neck,81,0.25977366261276197,0.80043293075797
15,orthogonal,56,cow's leg,142,0.4251760563380282,0.8455351794689474
15,orthogonal,57,cow's ear,138,0.2528899250471074,0.7851696430125098
15,orthogonal,58,cow's muzzle,161,0.6430346062464743,0.8659814677623489
15,orthogonal,59,cow's horn,53,0.0023584905660377358,0.21833291352849524
15,orthogonal,60,dog's tail,367,0.37846113936290426,0.7913605345245603
15,orthogonal,61,dog's head,1010,0.6920874590773394,0.837910137296018
15,orthogonal,62,dog's eye,641,0.36620979148214583,0.9242129338884875
15,orthogonal,63,dog's torso,981,0.7017984565093004,0.7857142381453611
15,orthogonal,64,dog's neck,454,0.5262901197117856,0.8369205543024687
15,orthogonal,65,dog's leg,810,0.6013374485719352,0.8289949494379538
15,orthogonal,66,dog's nose,815,0.00614227290533803,0.5682555796909917
15,orthogonal,67,dog's paw,629,0.518597169265459,0.868696253113034
15,orthogonal,68,dog's ear,899,0.5555259814947943,0.8721913084039699
15,orthogonal,69,dog's muzzle,939,0.5286652477372823,0.800218514011056
15,orthogonal,70,horse's tail,147,0.5078231293936165,0.9018447932844259
15,orthogonal,71,horse's head,282,0.6084726444372894,0.906153956309278
15,orthogonal,72,horse's eye,104,0.23483287600370553,0.7329660378969632
15,orthogonal,73,horse's torso,293,0.7226962457337884,0.8312651505852722
15,orthogonal,74,horse's neck,233,0.3406652360515021,0.749204911323576
15,orthogonal,75,horse's leg,265,0.4202515724132646,0.7808960566402606
15,orthogonal,76,horse's ear,223,0.27388426334066773,0.873554739950751
15,orthogonal,77,horse's muzzle,256,0.6142950165667571,0.8792266341042705
15,orthogonal,78,horse's hoof,127,0.019685039604742695,0.30139074389507453
15,orthogonal,79,motorbike's wheel,244,0.7802254098360656,0.8545066838870283
15,orthogonal,80,motorbike's saddle,8,0.03125,0.5163139775395393
15,orthogonal,81,motorbike's handlebar,11,0.125,0.7229519757357511
15,orthogonal,82,motorbike's headlight,113,0.1747787610619469,0.8352878982514407
15,orthogonal,83,person's head,1334,0.297509281721519,0.6006248392026126
15,orthogonal,84,person's eye,585,0.18516687154769898,0.5347486727488919
15,orthogonal,85,person's torso,1273,0.26358807532925915,0.5374502399810118
15,orthogonal,86,person's neck,757,0.16414260608359404,0.4675115886349797
15,orthogonal,87,person's leg,486,0.11664952018869267,0.4310971139690651
15,orthogonal,88,person's foot,135,0.06074955938039003,0.35476085113844386
15,orthogonal,89,person's nose,907,0.1478946825700926,0.6047151696651583
15,orthogonal,90,person's ear,688,0.06975532964218495,0.2524136394569596
15,orthogonal,91,person's eyebrow,432,0.06090994289627782,0.6087626838351652
15,orthogonal,92,person's mouth,712,0.10820124425998565,0.5947966812364234
15,orthogonal,93,person's hair,1082,0.271808160362204,0.602455757454196
15,orthogonal,94,person's lower arm,753,0.041303041961246914,0.3390866410510385
15,orthogonal,95,person's upper arm,1043,0.030885038659876626,0.2661089737781735
15,orthogonal,96,person's hand,669,0.0766798352268601,0.3438129196895679
15,orthogonal,97,pottedplant's pot,181,0.6280386740990107,0.8250219110625884
15,orthogonal,98,pottedplant's plant,203,0.5106732349090388,0.7440715779738473
15,orthogonal,99,sheep's tail,56,0.17410714285714285,0.7541804727432984
15,orthogonal,100,sheep's head,217,0.4923140233562839,0.8890446572122486
15,orthogonal,101,sheep's eye,63,0.25874905572051093,0.7587537421357065
15,orthogonal,102,sheep's torso,236,0.5942796610169492,0.8261965269506988
15,orthogonal,103,sheep's neck,155,0.3185483870967742,0.7999658198125901
15,orthogonal,104,sheep's leg,53,0.3898247980846549,0.8308412606986064
15,orthogonal,105,sheep's ear,174,0.2318691854504333,0.7352278305795686
15,orthogonal,106,sheep's muzzle,177,0.5719195616952444,0.8709104759145087
15,orthogonal,107,sheep's horn,22,0.0,0.18341429277577184
15,orthogonal,108,train's headlight,16,0.10267857182770967,0.6513107921928167
15,orthogonal,109,train's head,209,0.06253132844370518,0.5143801312198479
15,orthogonal,110,train's front,203,0.48419540239672354,0.7699307505353331
15,orthogonal,111,train's side,246,0.04217479674796748,0.4404114332746684
15,orthogonal,112,train's back,24,0.4427083333333333,0.7510436289012432
15,orthogonal,113,train's roof,48,0.015625,0.2614016152607898
15,orthogonal,114,train's coach,183,0.35601092899431946,0.7465640299958609
15,orthogonal,115,tvmonitor's screen,289,0.38451557093425603,0.7030348566370439
16,linear,0,aeroplane's body,462,0.332521645021645,0.7761716079531293
16,linear,1,aeroplane's stern,414,0.007088221825551295,0.3783751176715185
16,linear,2,aeroplane's wing,409,0.0024449877750611247,0.4566083541344897
16,linear,3,aeroplane's tail,1,0.125,0.8466290831565857
16,linear,4,aeroplane's engine,300,0.022142857164144516,0.48289046754439674
16,linear,5,aeroplane's wheel,226,0.25715339236554846,0.8893089974875998
16,linear,6,bicycle's wheel,306,0.8026960784313726,0.840279190563688
16,linear,7,bicycle's saddle,205,0.003658536585365854,0.23564053355920606
16,linear,8,bicycle's handlebar,263,0.4355196451392917,0.9360173337813112
16,linear,9,bicycle's chainwheel,217,0.27534562211981567,0.8796532229619092
16,linear,10,bicycle's headlight,1,1.0,0.9732818007469177
16,linear,11,bird's wing,250,0.23701904821395875,0.6705741455852985
16,linear,12,bird's tail,403,0.4777561151064359,0.9226029037541846
16,linear,13,bird's head,535,0.5479172237844111,0.8882602232430026
16,linear,14,bird's eye,218,0.10631826205537953,0.26321597567357874
16,linear,15,bird's beak,431,0.33566180611431184,0.9346135512098083
16,linear,16,bird's torso,575,0.6577971017360688,0.8666544681010039
16,linear,17,bird's neck,284,0.3779049302175851,0.8770269213480429
16,linear,18,bird's leg,285,0.2876399332494066,0.8846989922356188
16,linear,19,bird's foot,199,0.09052404933538868,0.7009122047816688
16,linear,20,bottle's body,432,0.6617476851851852,0.8233734099884276
16,linear,21,bottle's cap,326,0.3967572305282932,0.8440266976281543
16,linear,22,bus's wheel,233,0.6193030862849158,0.9324538050291364
16,linear,23,bus's headlight,155,0.21903225808374344,0.8013559170307651
16,linear,24,bus's front,183,0.2677595628415301,0.7773661869145482
16,linear,25,bus's side,245,0.20816326530612245,0.7091503704080776
16,linear,26,bus's back,53,0.5990566037735849,0.7956904943259258
16,linear,27,bus's roof,20,0.37232142984867095,0.7029560625553131
16,linear,28,bus's mirror,117,0.002136752136752137,0.2734403856671773
16,linear,29,bus's license plate,4,0.09375,0.6043613478541374
16,linear,30,bus's door,104,0.3750801287018336,0.7489324991519635
16,linear,31,bus's window,261,0.8352490421455939,0.8231483950811328
16,linear,32,car's wheel,515,0.7341285258242227,0.8870424417905437
16,linear,33,car's headlight,289,0.5227549846403327,0.8941350508107446
16,linear,34,car's front,365,0.4611545988958176,0.7008972346782685
16,linear,35,car's side,515,0.23398058261107474,0.6297085067311536
16,linear,36,car's back,195,0.6107814409029789,0.8522765330779247
16,linear,37,car's roof,132,0.35077561359062337,0.8078852993520823
16,linear,38,car's mirror,279,0.0023041474883274365,0.21808157935337993
16,linear,39,car's license plate,8,0.14687500149011612,0.6358873089775443
16,linear,40,car's door,258,0.6181847547260366,0.8540573510550713
16,linear,41,car's window,548,0.7469955690912087,0.8502876383803077
16,linear,42,cat's tail,332,0.5349397591079574,0.9023626200316182
16,linear,43,cat's head,890,0.7867174960254284,0.8402525928792324
16,linear,44,cat's eye,645,0.4859745309103367,0.9421049360907817
16,linear,45,cat's torso,871,0.8163851074592118,0.8199946235364942
16,linear,46,cat's neck,601,0.4379506378423751,0.806541208369958
16,linear,47,cat's leg,670,0.701865671641791,0.8851705929681436
16,linear,48,cat's nose,589,0.12949106648741432,0.8755994727028651
16,linear,49,cat's paw,570,0.6242773602667607,0.9213048332354479
16,linear,50,cat's ear,848,0.44590352656636034,0.8591236707947727
16,linear,51,cow's tail,49,0.28061224489795916,0.8908621267396577
16,linear,52,cow's head,180,0.5612103174957964,0.8872092469698853
16,linear,53,cow's eye,60,0.28250000029802325,0.8326120227575302
16,linear,54,cow's torso,187,0.7433155080213903,0.850089527148614
16,linear,55,cow's neck,81,0.230452674958441,0.7808483691863072
16,linear,56,cow's leg,142,0.4392605633802817,0.854352657224091
16,linear,57,cow's ear,138,0.19773982119733008,0.7362601050864095
16,linear,58,cow's muzzle,161,0.6133170668382822,0.8609429966450107
16,linear,59,cow's horn,53,0.0023584905660377358,0.20136169737802362
16,linear,60,dog's tail,367,0.39691189836903557,0.8374014623280442
16,linear,61,dog's head,1010,0.740603489023034,0.8373296552439137
16,linear,62,dog's eye,641,0.3678552861007253,0.9267879327913157
16,linear,63,dog's torso,981,0.7525374982942743,0.7959408465845018
16,linear,64,dog's neck,454,0.5118392070484582,0.8248821754287518
16,linear,65,dog's leg,810,0.6536816579692157,0.8370972812727645
16,linear,66,dog's nose,815,0.008514461067556604,0.5769069291696958
16,linear,67,dog's paw,629,0.5056874104116603,0.8807753864527696
16,linear,68,dog's ear,899,0.5209531757868702,0.8558891672181075
16,linear,69,dog's muzzle,939,0.5493749690988955,0.8036760916542639
16,linear,70,horse's tail,147,0.5345076134010237,0.91762214417563
16,linear,71,horse's head,282,0.5785207700327779,0.8929642547741004
16,linear,72,horse's eye,104,0.23779761977493763,0.7756884387479379
16,linear,73,horse's torso,293,0.7534129692832765,0.8402090033471787
16,linear,74,horse's neck,233,0.3605150214592275,0.7631937404814708
16,linear,75,horse's leg,265,0.5139937107293111,0.7902167641048161
16,linear,76,horse's ear,223,0.22698056838170294,0.8404855224984644
16,linear,77,horse's muzzle,256,0.6156761544989422,0.8870610244339332
16,linear,78,horse's hoof,127,0.010639295216620439,0.3527890728038596
16,linear,79,motorbike's wheel,244,0.7899590163934426,0.8522468699050731
16,linear,80,motorbike's saddle,8,0.015625,0.3951445519924164
16,linear,81,motorbike's handlebar,11,0.125,0.7339412678371776
16,linear,82,motorbike's headlight,113,0.12278761061946902,0.8034278697672144
16,linear,83,person's head,1334,0.31058042512081196,0.5925093935369731
16,linear,84,person's eye,585,0.19155270780763056,0.5919593947000292
16,linear,85,person's torso,1273,0.2825477881545826,0.5591545130357729
16,linear,86,person's neck,757,0.18948072073009245,0.554003400848674
16,linear,87,person's leg,486,0.08917303582645739,0.46617122092610036
16,linear,88,person's foot,135,0.04518518536179154,0.33793308235428954
16,linear,89,person's nose,907,0.15849477695065006,0.614966624810195
16,linear,90,person's ear,688,0.1379706537957455,0.40476856886769297
16,linear,91,person's eyebrow,432,0.03725198425214599,0.6340042881072603
16,linear,92,person's mouth,712,0.10136603815167138,0.6021169111985462
16,linear,93,person's hair,1082,0.3879004938049369,0.706183869092572
16,linear,94,person's lower arm,753,0.02824890920286318,0.3071158433940316
16,linear,95,person's upper arm,1043,0.01521823500226808,0.23916501958683947
16,linear,96,person's hand,669,0.044424870378589776,0.30714712526109095
16,linear,97,pottedplant's pot,181,0.637523020499319,0.8328804357275779
16,linear,98,pottedplant's plant,203,0.47307060776379306,0.715109623454768
16,linear,99,sheep's tail,56,0.22098214285714285,0.8253476587789399
16,linear,100,sheep's head,217,0.4663594470183421,0.8691750248456331
16,linear,101,sheep's eye,63,0.2689153440887966,0.7744706712426648
16,linear,102,sheep's torso,236,0.6350635593220338,0.8435422020443415
16,linear,103,sheep's neck,155,0.275,0.7537207476554378
16,linear,104,sheep's leg,53,0.44339622641509435,0.8437720256031684
16,linear,105,sheep's ear,174,0.2177271488411673,0.7406130562397255
16,linear,106,sheep's muzzle,177,0.5513317213725235,0.8866585355020512
16,linear,107,sheep's horn,22,0.0,0.18982641881501133
16,linear,108,train's headlight,16,0.1171875,0.7011486664414406
16,linear,109,train's head,209,0.07655502392344497,0.5402564388392359
16,linear,110,train's front,203,0.4276917664875538,0.7946112520001792
16,linear,111,train's side,246,0.046239837398373985,0.443642968084754
16,linear,112,train's back,24,0.4104166676600774,0.7450153628985087
16,linear,113,train's roof,48,0.010416666666666666,0.28070814597109955
16,linear,114,train's coach,183,0.32554644810371713,0.7455055549170801
16,linear,115,tvmonitor's screen,289,0.24437716262975778,0.6705129515237874
16,orthogonal,0,aeroplane's body,462,0.31280921460875183,0.783157487549049
16,orthogonal,1,aeroplane's stern,414,0.013328157365322113,0.44380265028004484
16,orthogonal,2,aeroplane's wing,409,0.006723716381418093,0.4729040191488336
16,orthogonal,3,aeroplane's tail,1,0.125,0.832436203956604
16,orthogonal,4,aeroplane's engine,300,0.08222619061668714,0.5183230042954285
16,orthogonal,5,aeroplane's wheel,226,0.27268752660107826,0.8994749121170128
16,orthogonal,6,bicycle's wheel,306,0.8119281045849027,0.8423693855993108
16,orthogonal,7,bicycle's saddle,205,0.009146341463414634,0.21667009588421846
16,orthogonal,8,bicycle's handlebar,263,0.41825095057034223,0.9371480003509232
16,orthogonal,9,bicycle's chainwheel,217,0.3438336628785331,0.8867100797215914
16,orthogonal,10,bicycle's headlight,1,1.0,0.981447696685791
16,orthogonal,11,bird's wing,250,0.31011904817819597,0.668918231818825
16,orthogonal,12,bird's tail,403,0.437460120942989,0.9112330692133892
16,orthogonal,13,bird's head,535,0.6300178020078445,0.9176560600505811
16,orthogonal,14,bird's eye,218,0.2058977725992509,0.33215667807215127
16,orthogonal,15,bird's beak,431,0.3095983882929499,0.9100747116065634
16,orthogonal,16,bird's torso,575,0.5377287786162418,0.8380117399277894
16,orthogonal,17,bird's neck,284,0.3710051983280081,0.8806485246971879
16,orthogonal,18,bird's leg,285,0.2598913952969668,0.8603961609957511
16,orthogonal,19,bird's foot,199,0.13977028092547278,0.772094653853819
16,orthogonal,20,bottle's body,432,0.6049382716279339,0.8194491642147854
16,orthogonal,21,bottle's cap,326,0.37650818002918746,0.804185618675011
16,orthogonal,22,bus's wheel,233,0.612706928422011,0.9276799532732738
16,orthogonal,23,bus's headlight,155,0.1032258064516129,0.6213316691498603
16,orthogonal,24,bus's front,183,0.2424863387978142,0.7642926912490136
16,orthogonal,25,bus's side,245,0.19081632653061226,0.7029039769756551
16,orthogonal,26,bus's back,53,0.46226415094339623,0.769999992875558
16,orthogonal,27,bus's roof,20,0.23625000119209288,0.5451821975409985
16,orthogonal,28,bus's mirror,117,0.004273504400864625,0.3402445600328282
16,orthogonal,29,bus's license plate,4,0.19375000149011612,0.6774485558271408
16,orthogonal,30,bus's door,104,0.4484432249401624,0.6909678423633943
16,orthogonal,31,bus's window,261,0.8136973180076629,0.8088484751310385
16,orthogonal,32,car's wheel,515,0.7282108186228762,0.8765515001581132
16,orthogonal,33,car's headlight,289,0.5055363323655508,0.846555697489981
16,orthogonal,34,car's front,365,0.4975212003678492,0.7327260751838554
16,orthogonal,35,car's side,515,0.23938511335155338,0.6340024727351458
16,orthogonal,36,car's back,195,0.5612820512973345,0.8478208440236557
16,orthogonal,37,car's roof,132,0.2892316019896305,0.7300185869363222
16,orthogonal,38,car's mirror,279,0.1500298701306825,0.5145500640027679
16,orthogonal,39,car's license plate,8,0.16041666828095913,0.77028688788414
16,orthogonal,40,car's door,258,0.6083471762926079,0.8120589379307835
16,orthogonal,41,car's window,548,0.731043622278384,0.8504832812523755
16,orthogonal,42,cat's tail,332,0.5268574297787195,0.8781205197594252
16,orthogonal,43,cat's head,890,0.772632424014338,0.838110829550731
16,orthogonal,44,cat's eye,645,0.4740623857623847,0.9344672586277936
16,orthogonal,45,cat's torso,871,0.7632988901759672,0.8037622866790686
16,orthogonal,46,cat's neck,601,0.43382061663364213,0.8171046383170637
16,orthogonal,47,cat's leg,670,0.5875870647492694,0.8492444581282672
16,orthogonal,48,cat's nose,589,0.13100695301397547,0.8713304359965495
16,orthogonal,49,cat's paw,570,0.6490392657748439,0.9269685522506111
16,orthogonal,50,cat's ear,848,0.48878313138870133,0.8797022074039252
16,orthogonal,51,cow's tail,49,0.2707725948825174,0.847188722418279
16,orthogonal,52,cow's head,180,0.5917526462011867,0.9105438762240939
16,orthogonal,53,cow's eye,60,0.2916666674117247,0.8073326528072358
16,orthogonal,54,cow's torso,187,0.6824866310160428,0.8281551364829196
16,orthogonal,55,cow's neck,81,0.2646237508750256,0.8026616308424208
16,orthogonal,56,cow's leg,142,0.42869718309859156,0.8452278052417326
16,orthogonal,57,cow's ear,138,0.25651311345290445,0.7953460786653601
16,orthogonal,58,cow's muzzle,161,0.6430346062464743,0.8652805630464732
16,orthogonal,59,cow's horn,53,0.0023584905660377358,0.21635900309555373
16,orthogonal,60,dog's tail,367,0.37880173881794516,0.7946593123779959
16,orthogonal,61,dog's head,1010,0.7018694015275134,0.8390315090223114
16,orthogonal,62,dog's eye,641,0.36514189162882926,0.924582455533901
16,orthogonal,63,dog's torso,981,0.7027389448170268,0.7852737930556807
16,orthogonal,64,dog's neck,454,0.529410530882785,0.8373213434993958
16,orthogonal,65,dog's leg,810,0.6070987654320987,0.8299439338806235
16,orthogonal,66,dog's nose,815,0.006234297448872057,0.5699461141612632
16,orthogonal,67,dog's paw,629,0.5201832090633283,0.8695532388641648
16,orthogonal,68,dog's ear,899,0.5611684942437757,0.8735802465173373
16,orthogonal,69,dog's muzzle,939,0.534522542779565,0.802163215522695
16,orthogonal,70,horse's tail,147,0.5052721089854533,0.902811070283254
16,orthogonal,71,horse's head,282,0.61273640668984,0.906403937766738
16,orthogonal,72,horse's eye,104,0.2354052204352159,0.7405005771523485
16,orthogonal,73,horse's torso,293,0.7218430034129693,0.8315320381125493
16,orthogonal,74,horse's neck,233,0.3515736767662441,0.755360897838302
16,orthogonal,75,horse's leg,265,0.43110062901703816,0.7821377112899186
16,orthogonal,76,horse's ear,223,0.27637732336339393,0.875199212855555
16,orthogonal,77,horse's muzzle,256,0.6134672635234892,0.8790792091167532
16,orthogonal,78,horse's hoof,127,0.019685039604742695,0.31365450125510297
16,orthogonal,79,motorbike's wheel,244,0.7797131147540983,0.8541225678608065
16,orthogonal,80,motorbike's saddle,8,0.03125,0.5048215091228485
16,orthogonal,81,motorbike's handlebar,11,0.13636363636363635,0.7298330935564908
16,orthogonal,82,motorbike's headlight,113,0.18694690265486727,0.8402984849119608
16,orthogonal,83,person's head,1334,0.3019454564781918,0.6014978671228273
16,orthogonal,84,person's eye,585,0.1853601967677092,0.5345806441381256
16,orthogonal,85,person's torso,1273,0.2638545998628928,0.5377271689636631
16,orthogonal,86,person's neck,757,0.1680725929444186,0.4725171662774798
16,orthogonal,87,person's leg,486,0.11426611827234182,0.4321999377714769
16,orthogonal,88,person's foot,135,0.06061728420080962,0.35404965000710004
16,orthogonal,89,person's nose,907,0.14781724256612236,0.6074371135220149
16,orthogonal,90,person's ear,688,0.0740517720710053,0.25594000030595937
16,orthogonal,91,person's eyebrow,432,0.06195160956984317,0.6098757459818713
16,orthogonal,92,person's mouth,712,0.10712613726264975,0.5948733367598773
16,orthogonal,93,person's hair,1082,0.27400977106665064,0.6064217457136349
16,orthogonal,94,person's lower arm,753,0.04027540645355564,0.33962669757789726
16,orthogonal,95,person's upper arm,1043,0.029624937336145404,0.2627310634354953
16,orthogonal,96,person's hand,669,0.0762171688279407,0.3443822930796665
16,orthogonal,97,pottedplant's pot,181,0.6294198895686239,0.8248178557137757
16,orthogonal,98,pottedplant's plant,203,0.5106732349090388,0.7448072619552683
16,orthogonal,99,sheep's tail,56,0.17410714285714285,0.7611442584810513
16,orthogonal,100,sheep's head,217,0.5022438017454015,0.8893109541472202
16,orthogonal,101,sheep's eye,63,0.25912698464734213,0.7592148550209545
16,orthogonal,102,sheep's torso,236,0.5953389830508474,0.8273770826852928
16,orthogonal,103,sheep's neck,155,0.3225806451612903,0.8036311057306105
16,orthogonal,104,sheep's leg,53,0.3883647800616498,0.8329378256820282
16,orthogonal,105,sheep's ear,174,0.23566639371987047,0.7406411374779953
16,orthogonal,106,sheep's muzzle,177,0.5759954291716808,0.8728604092036432
16,orthogonal,107,sheep's horn,22,0.0,0.1817056853324175
16,orthogonal,108,train's headlight,16,0.1015625,0.6571435108780861
16,orthogonal,109,train's head,209,0.06244588753823458,0.5203670932773198
16,orthogonal,110,train's front,203,0.4823891626203001,0.7725380747923123
16,orthogonal,111,train's side,246,0.041158536585365856,0.44049177427844305
16,orthogonal,112,train's back,24,0.4427083333333333,0.7452082311113676
16,orthogonal,113,train's roof,48,0.015625,0.262211290653795
16,orthogonal,114,train's coach,183,0.3553278688850299,0.7477520258048844
16,orthogonal,115,tvmonitor's screen,289,0.3771626297577855,0.7018593210456281
17,linear,0,aeroplane's body,462,0.3292748917748918,0.7728294425067448
17,linear,1,aeroplane's stern,414,0.006843800382049763,0.37659407585211424
17,linear,2,aeroplane's wing,409,0.0024449877750611247,0.4567798971036827
17,linear,3,aeroplane's tail,1,0.125,0.8466290831565857
17,linear,4,aeroplane's engine,300,0.01875,0.4806334675351779
17,linear,5,aeroplane's wheel,226,0.2578539823272587,0.8904062243162003
17,linear,6,bicycle's wheel,306,0.803921568627451,0.8409772764623554
17,linear,7,bicycle's saddle,205,0.003048780487804878,0.2352506457305536
17,linear,8,bicycle's handlebar,263,0.4369455006525997,0.9359160741019158
17,linear,9,bicycle's chainwheel,217,0.2736175115207373,0.8801325728541695
17,linear,10,bicycle's headlight,1,1.0,0.9732818007469177
17,linear,11,bird's wing,250,0.23155714344978331,0.6654719831049443
17,linear,12,bird's tail,403,0.48282228550751216,0.9231873339518128
17,linear,13,bird's head,535,0.5402113938443015,0.8855554894622519
17,linear,14,bird's eye,218,0.10146898284144358,0.25757736938262205
17,linear,15,bird's beak,431,0.3381642919820312,0.9353672826442254
17,linear,16,bird's torso,575,0.6593809526122134,0.8665457550857378
17,linear,17,bird's neck,284,0.3809230388470099,0.8793014501234595
17,linear,18,bird's leg,285,0.2906474520239914,0.8879241607691112
17,linear,19,bird's foot,199,0.0900454658209978,0.6998409795102163
17,linear,20,bottle's body,432,0.6640625,0.8233662835770735
17,linear,21,bottle's cap,326,0.39867440844240365,0.8479869070182915
17,linear,22,bus's wheel,233,0.6187666055982205,0.9324738713293117
17,linear,23,bus's headlight,155,0.22870967743858214,0.8102510769521036
17,linear,24,bus's front,183,0.273224043715847,0.7782935332405111
17,linear,25,bus's side,245,0.20714285714285716,0.7070355939621829
17,linear,26,bus's back,53,0.6155660377358491,0.8018133167950612
17,linear,27,bus's roof,20,0.38125,0.7051056861877442
17,linear,28,bus's mirror,117,0.002136752136752137,0.2688757723722702
17,linear,29,bus's license plate,4,0.09375,0.6043613478541374
17,linear,30,bus's door,104,0.36546474408644897,0.7512173291582328
17,linear,31,bus's window,261,0.8395593869731801,0.8243926629367002
17,linear,32,car's wheel,515,0.7348566811640286,0.8872377943645403
17,linear,33,car's headlight,289,0.5277681663683954,0.8960017997088316
17,linear,34,car's front,365,0.46914546648933464,0.7013909177012639
17,linear,35,car's side,515,0.22860841429927975,0.625622845795548
17,linear,36,car's back,195,0.618345543436515,0.852955422951625
17,linear,37,car's roof,132,0.3535263352096081,0.8128014222690554
17,linear,38,car's mirror,279,0.0018561188144923112,0.21475827105603712
17,linear,39,car's license plate,8,0.13125000149011612,0.63675865996629
17,linear,40,car's door,258,0.6167312663539436,0.854386623631152
17,linear,41,car's window,548,0.7502324478360858,0.8497256244988228
17,linear,42,cat's tail,332,0.534563253083861,0.9019864112228514
17,linear,43,cat's head,890,0.7888242375984621,0.8405330752556244
17,linear,44,cat's eye,645,0.48492617350678113,0.9428396653586117
17,linear,45,cat's torso,871,0.8162415942559971,0.8196667702408801
17,linear,46,cat's neck,601,0.43857459790893083,0.8068591092965766
17,linear,47,cat's leg,670,0.7055970149253732,0.8855470418930054
17,linear,48,cat's nose,589,0.12688778409124027,0.8738754877918645
17,linear,49,cat's paw,570,0.6232832082269485,0.9209821365642966
17,linear,50,cat's ear,848,0.45228127813634444,0.8615114053816728
17,linear,51,cow's tail,49,0.2857142857142857,0.8911322343106173
17,linear,52,cow's head,180,0.560515873051352,0.8845756409068902
17,linear,53,cow's eye,60,0.27902777791023253,0.8385726705193519
17,linear,54,cow's torso,187,0.7446524064171123,0.8498608870780404
17,linear,55,cow's neck,81,0.2319958848349842,0.7828087490281941
17,linear,56,cow's leg,142,0.44278169014084506,0.8541702279742335
17,linear,57,cow's ear,138,0.20321773716073105,0.7510563740911691
17,linear,58,cow's muzzle,161,0.6099526776660303,0.8613070121139103
17,linear,59,cow's horn,53,0.0023584905660377358,0.19876447376215234
17,linear,60,dog's tail,367,0.39762877918556533,0.8379149639354739
17,linear,61,dog's head,1010,0.7378371052370213,0.834484998719527
17,linear,62,dog's eye,641,0.3664159427473958,0.9264907724399835
17,linear,63,dog's torso,981,0.7539755352654103,0.7960988558851615
17,linear,64,dog's neck,454,0.51431718061674,0.8257429085278039
17,linear,65,dog's leg,810,0.6550558496404577,0.8360662775827042
17,linear,66,dog's nose,815,0.0088022203533196,0.5787418824397713
17,linear,67,dog's paw,629,0.5032156107440852,0.8803983870271848
17,linear,68,dog's ear,899,0.5270247367750418,0.8590573657705999
17,linear,69,dog's muzzle,939,0.5521755675538279,0.8045851887105563
17,linear,70,horse's tail,147,0.537398769843335,0.9183187087883755
17,linear,71,horse's head,282,0.57505910167246,0.8920204253695535
17,linear,72,horse's eye,104,0.23779761977493763,0.7783285018343192
17,linear,73,horse's torso,293,0.7529863481228669,0.8394982221285231
17,linear,74,horse's neck,233,0.36909871244635195,0.7677190202755989
17,linear,75,horse's leg,265,0.5177672956349715,0.7901957109008195
17,linear,76,horse's ear,223,0.23066944291506114,0.8434668473999597
17,linear,77,horse's muzzle,256,0.6158621661597863,0.8872551569947973
17,linear,78,horse's hoof,127,0.012467191679271187,0.354202660959302
17,linear,79,motorbike's wheel,244,0.788422131147541,0.8514491606686936
17,linear,80,motorbike's saddle,8,0.015625,0.3951445557177067
17,linear,81,motorbike's handlebar,11,0.125,0.7364282228729941
17,linear,82,motorbike's headlight,113,0.12389380530973451,0.8034235819251137
17,linear,83,person's head,1334,0.31207342859150944,0.5921180955088254
17,linear,84,person's eye,585,0.18985348094222892,0.5938442955390574
17,linear,85,person's torso,1273,0.2827797111969526,0.5592502228839239
17,linear,86,person's neck,757,0.19025916933934628,0.5542723124322716
17,linear,87,person's leg,486,0.08755633973903616,0.4669965760774696
17,linear,88,person's foot,135,0.04518518536179154,0.33829041992624603
17,linear,89,person's nose,907,0.15933480431647126,0.6147318286733967
17,linear,90,person's ear,688,0.144649778990898,0.42078266784022184
17,linear,91,person's eyebrow,432,0.03711419766423879,0.6341054686043343
17,linear,92,person's mouth,712,0.10075575190732318,0.6020770220326658
17,linear,93,person's hair,1082,0.39313110735356915,0.7096354300246613
17,linear,94,person's lower arm,753,0.02959274020723771,0.3050124458146157
17,linear,95,person's upper arm,1043,0.015121216313379494,0.2378684150381862
17,linear,96,person's hand,669,0.041259164566950945,0.3026227434771344
17,linear,97,pottedplant's pot,181,0.6368324127645124,0.8326310577972159
17,linear,98,pottedplant's plant,203,0.47183908067019703,0.7149846874214159
17,linear,99,sheep's tail,56,0.22544642857142858,0.8288834552679744
17,linear,100,sheep's head,217,0.4661125741933348,0.8680171702863984
17,linear,101,sheep's eye,63,0.27089947107292356,0.7767458654467075
17,linear,102,sheep's torso,236,0.6350635593220338,0.843198309005317
17,linear,103,sheep's neck,155,0.27661290322580645,0.7539876416806252
17,linear,104,sheep's leg,53,0.44339622641509435,0.8440434792131748
17,linear,105,sheep's ear,174,0.22846880186905807,0.750972623112558
17,linear,106,sheep's muzzle,177,0.5519572259005854,0.8865422128284045
17,linear,107,sheep's horn,22,0.0,0.19341330543499102
17,linear,108,train's headlight,16,0.1171875,0.6977295838296413
17,linear,109,train's head,209,0.07655502392344497,0.5449590754102577
17,linear,110,train's front,203,0.4276917664875538,0.8007889716642831
17,linear,111,train's side,246,0.046747967479674794,0.4434075634169385
17,linear,112,train's back,24,0.4166666666666667,0.7482370175421238
17,linear,113,train's roof,48,0.010416666666666666,0.28198340193678934
17,linear,114,train's coach,183,0.3253642987520968,0.745539783291478
17,linear,115,tvmonitor's screen,289,0.2236159169550173,0.6653893287825337
17,orthogonal,0,aeroplane's body,462,0.3133116883116883,0.7821484283257872
17,orthogonal,1,aeroplane's stern,414,0.013328157365322113,0.4449226255146202
17,orthogonal,2,aeroplane's wing,409,0.007029339853300734,0.47188363845453285
17,orthogonal,3,aeroplane's tail,1,0.125,0.832436203956604
17,orthogonal,4,aeroplane's engine,300,0.0787539684275786,0.5135618000974258
17,orthogonal,5,aeroplane's wheel,226,0.2737937212913437,0.8994057794324065
17,orthogonal,6,bicycle's wheel,306,0.8119281045849027,0.842209706314249
17,orthogonal,7,bicycle's saddle,205,0.009146341463414634,0.21518598916690523
17,orthogonal,8,bicycle's handlebar,263,0.4196768060836502,0.937736091731619
17,orthogonal,9,bicycle's chainwheel,217,0.3488863289081556,0.8910680411872776
17,orthogonal,10,bicycle's headlight,1,1.0,0.9814486503601074
17,orthogonal,11,bird's wing,250,0.2986476193666458,0.6576153888441623
17,orthogonal,12,bird's tail,403,0.43963724482000316,0.9118475487303201
17,orthogonal,13,bird's head,535,0.6267467739704613,0.9160581812958851
17,orthogonal,14,bird's eye,218,0.20945281842979815,0.3349371819816735
17,orthogonal,15,bird's beak,431,0.30920616635866893,0.912580882451927
17,orthogonal,16,bird's torso,575,0.5380082816922146,0.8385218113401661
17,orthogonal,17,bird's neck,284,0.37203219338831767,0.8815226612324026
17,orthogonal,18,bird's leg,285,0.26177109458990266,0.860012961584225
17,orthogonal,19,bird's foot,199,0.14248624159463086,0.7760200668968747
17,orthogonal,20,bottle's body,432,0.6032021605168227,0.8191866461463548
17,orthogonal,21,bottle's cap,326,0.3813394683818876,0.8100792883775352
17,orthogonal,22,bus's wheel,233,0.6132434091087063,0.9279077453418862
17,orthogonal,23,bus's headlight,155,0.1105990783822152,0.6396480210365788
17,orthogonal,24,bus's front,183,0.24795081967213115,0.7653729780449894
17,orthogonal,25,bus's side,245,0.18979591836734694,0.7027078803704709
17,orthogonal,26,bus's back,53,0.4716981132075472,0.7715883016023996
17,orthogonal,27,bus's roof,20,0.23958333432674409,0.5447816096246243
17,orthogonal,28,bus's mirror,117,0.005291005485078208,0.32903497545128196
17,orthogonal,29,bus's license plate,4,0.19375000149011612,0.6774485558271408
17,orthogonal,30,bus's door,104,0.45295329721501243,0.69687305462475
17,orthogonal,31,bus's window,261,0.8184865900383141,0.8124471420985986
17,orthogonal,32,car's wheel,515,0.7292510405038167,0.8770128222272813
17,orthogonal,33,car's headlight,289,0.5133588733763843,0.8552912730195118
17,orthogonal,34,car's front,365,0.49937703862582167,0.7332322905733161
17,orthogonal,35,car's side,515,0.23590614896954842,0.6327237825659873
17,orthogonal,36,car's back,195,0.5683333333486166,0.8503976193758157
17,orthogonal,37,car's roof,132,0.2891414142919309,0.7303946687642372
17,orthogonal,38,car's mirror,279,0.1560291872763719,0.5272551527326946
17,orthogonal,39,car's license plate,8,0.15625000186264515,0.7741759344935417
17,orthogonal,40,car's door,258,0.620039683037488,0.8167585768094359
17,orthogonal,41,car's window,548,0.7375630001082037,0.8530323536400377
17,orthogonal,42,cat's tail,332,0.5290411647902914,0.8793356114751604
17,orthogonal,43,cat's head,890,0.7756554309571727,0.8382622855600347
17,orthogonal,44,cat's eye,645,0.4745219649501549,0.9353210267805776
17,orthogonal,45,cat's torso,871,0.763872942988826,0.8040975100274201
17,orthogonal,46,cat's neck,601,0.43465256331466795,0.8176346481243109
17,orthogonal,47,cat's leg,670,0.5966133618755127,0.8532863090509799
17,orthogonal,48,cat's nose,589,0.1306390978889271,0.8701779878807392
17,orthogonal,49,cat's paw,570,0.6502297420250742,0.9270663338010772
17,orthogonal,50,cat's ear,848,0.495266172701036,0.8819035964332661
17,orthogonal,51,cow's tail,49,0.2738338194939555,0.8533974466275196
17,orthogonal,52,cow's head,180,0.6021362437142266,0.9112522551582919
17,orthogonal,53,cow's eye,60,0.2916666674117247,0.8084191178282102
17,orthogonal,54,cow's torso,187,0.6851604278074866,0.8294745989661804
17,orthogonal,55,cow's neck,81,0.27079659038119847,0.8049825525578157
17,orthogonal,56,cow's leg,142,0.4392605633802817,0.8485920066145104
17,orthogonal,57,cow's ear,138,0.2564441001285677,0.7988236117838086
17,orthogonal,58,cow's muzzle,161,0.6389307905428158,0.8611422732981465
17,orthogonal,59,cow's horn,53,0.0023584905660377358,0.22295102489374155
17,orthogonal,60,dog's tail,367,0.37914233827298605,0.7991626914539844
17,orthogonal,61,dog's head,1010,0.7077923150935975,0.8394526130197072
17,orthogonal,62,dog's eye,641,0.36484102244589145,0.9248347719448405
17,orthogonal,63,dog's torso,981,0.7026394350752311,0.7853199076230252
17,orthogonal,64,dog's neck,454,0.5307321167727399,0.8378555779283793
17,orthogonal,65,dog's leg,810,0.6098765432098765,0.8311162415937877
17,orthogonal,66,dog's nose,815,0.006295647138466864,0.5702655319421569
17,orthogonal,67,dog's paw,629,0.5234555991304318,0.8713549213966618
17,orthogonal,68,dog's ear,899,0.5668070344326891,0.8749378990046307
17,orthogonal,69,dog's muzzle,939,0.5391272387216394,0.8045542307745535
17,orthogonal,70,horse's tail,147,0.5045432460551359,0.9039723668374172
17,orthogonal,71,horse's head,282,0.6094436002961288,0.9062457455599562
17,orthogonal,72,horse's eye,104,0.2304372717268192,0.7461465680971742
17,orthogonal,73,horse's torso,293,0.7218430034129693,0.8320400483982555
17,orthogonal,74,horse's neck,233,0.3662630288897666,0.7609461442979109
17,orthogonal,75,horse's leg,265,0.43034591202465994,0.781532436988826
17,orthogonal,76,horse's ear,223,0.2790198602083018,0.8779693023706765
17,orthogonal,77,horse's muzzle,256,0.614099703845568,0.879243943549227
17,orthogonal,78,horse's hoof,127,0.022637795510254508,0.326384632518207
17,orthogonal,79,motorbike's wheel,244,0.7786885245901639,0.8536487483098859
17,orthogonal,80,motorbike's saddle,8,0.03125,0.5000369399785995
17,orthogonal,81,motorbike's handlebar,11,0.14772727272727273,0.7348375266248529
17,orthogonal,82,motorbike's headlight,113,0.19469026548672566,0.8436343680440852
17,orthogonal,83,person's head,1334,0.30611926245725135,0.6037899505762757
17,orthogonal,84,person's eye,585,0.18798738425104028,0.5386084039918442
17,orthogonal,85,person's torso,1273,0.2646691362546919,0.5397626001792774
17,orthogonal,86,person's neck,757,0.17087186313919536,0.475065720986693
17,orthogonal,87,person's leg,486,0.11542964953576586,0.4349204245408606
17,orthogonal,88,person's foot,135,0.06061728420080962,0.36043182391397377
17,orthogonal,89,person's nose,907,0.15024413400080133,0.6086134598318327
17,orthogonal,90,person's ear,688,0.07480101081607647,0.2591332702262619
17,orthogonal,91,person's eyebrow,432,0.060386353827736994,0.6088932553894766
17,orthogonal,92,person's mouth,712,0.10619816774230324,0.595043878208354
17,orthogonal,93,person's hair,1082,0.2755083187230193,0.6084629183147936
17,orthogonal,94,person's lower arm,753,0.03959558601398392,0.3388619028250742
17,orthogonal,95,person's upper arm,1043,0.027735926660915348,0.25823142314829783
17,orthogonal,96,person's hand,669,0.07663712751883206,0.3453070386138888
17,orthogonal,97,pottedplant's pot,181,0.6294198895686239,0.8246679352133314
17,orthogonal,98,pottedplant's plant,203,0.5106732349090388,0.7456355701599803
17,orthogonal,99,sheep's tail,56,0.17633928571428573,0.7652416999584862
17,orthogonal,100,sheep's head,217,0.5064132113335869,0.8890794392692328
17,orthogonal,101,sheep's eye,63,0.2611111116314691,0.7637425305114852
17,orthogonal,102,sheep's torso,236,0.5963983050847458,0.8295493956844685
17,orthogonal,103,sheep's neck,155,0.32903225806451614,0.80671038973716
17,orthogonal,104,sheep's leg,53,0.3860062894956121,0.8297911896458212
17,orthogonal,105,sheep's ear,174,0.23879310428753667,0.7458451146195675
17,orthogonal,106,sheep's muzzle,177,0.5781611543422365,0.8731509680401975
17,orthogonal,107,sheep's horn,22,0.0,0.18079634569585323
17,orthogonal,108,train's headlight,16,0.10267857182770967,0.659154087305069
17,orthogonal,109,train's head,209,0.06415470500596973,0.5261380392612452
17,orthogonal,110,train's front,203,0.4780377669287433,0.7721395524117747
17,orthogonal,111,train's side,246,0.04014227642276423,0.4404218673584907
17,orthogonal,112,train's back,24,0.4479166666666667,0.746449388563633
17,orthogonal,113,train's roof,48,0.015625,0.26398760157947737
17,orthogonal,114,train's coach,183,0.3553864169316214,0.7492710285173739
17,orthogonal,115,tvmonitor's screen,289,0.37153979238754326,0.7006395072466775
18,linear,0,aeroplane's body,462,0.3246753246753247,0.7698382004385903
18,linear,1,aeroplane's stern,414,0.005578559989802503,0.3748921873092939
18,linear,2,aeroplane's wing,409,0.0024449877750611247,0.4560787523288307
18,linear,3,aeroplane's tail,1,0.0,0.8353472948074341
18,linear,4,aeroplane's engine,300,0.018333333333333333,0.477536941965421
18,linear,5,aeroplane's wheel,226,0.25840707967239146,0.8908847522946586
18,linear,6,bicycle's wheel,306,0.8055555555555556,0.8411892432402941
18,linear,7,bicycle's saddle,205,0.003048780487804878,0.2358304052272948
18,linear,8,bicycle's handlebar,263,0.4336185044548811,0.9359839649254832
18,linear,9,bicycle's chainwheel,217,0.2764976958525346,0.8828399044028076
18,linear,10,bicycle's headlight,1,1.0,0.9732818007469177
18,linear,11,bird's wing,250,0.22636190527677535,0.6638043421246111
18,linear,12,bird's tail,403,0.48640257623000416,0.9239491334476186
18,linear,13,bird's head,535,0.5371428580484657,0.8836472017499053
18,linear,14,bird's eye,218,0.09641218957824445,0.2537162946878907
18,linear,15,bird's beak,431,0.341481604909399,0.9364580123095391
18,linear,16,bird's torso,575,0.6602815737413323,0.8654008684469306
18,linear,17,bird's neck,284,0.38517773361273216,0.8810595797873298
18,linear,18,bird's leg,285,0.2924018379889036,0.8886395164749079
18,linear,19,bird's foot,199,0.08802345080591327,0.6989402866842759
18,linear,20,bottle's body,432,0.6649305555555556,0.8232775618908582
18,linear,21,bottle's cap,326,0.4005915863565141,0.8506404870629676
18,linear,22,bus's wheel,233,0.6200694874120884,0.9329628141141245
18,linear,23,bus's headlight,155,0.2335483871160015,0.8169855273539021
18,linear,24,bus's front,183,0.27937158469945356,0.7788592658407701
18,linear,25,bus's side,245,0.20408163265306123,0.7065118342029805
18,linear,26,bus's back,53,0.6281446544629223,0.8066970081824176
18,linear,27,bus's roof,20,0.375,0.7021208286285401
18,linear,28,bus's mirror,117,0.003205128205128205,0.26570959663034505
18,linear,29,bus's license plate,4,0.09375,0.6043613478541374
18,linear,30,bus's door,104,0.3582532056249105,0.752422572615055
18,linear,31,bus's window,261,0.8419540229885057,0.82446606514326
18,linear,32,car's wheel,515,0.7356657426334122,0.8872303638354089
18,linear,33,car's headlight,289,0.5313107598714762,0.8976559729208996
18,linear,34,car's front,365,0.4783920418318004,0.702954631798888
18,linear,35,car's side,515,0.22498381881459245,0.6234552847239577
18,linear,36,car's back,195,0.6283882785301942,0.855666181521538
18,linear,37,car's roof,132,0.3609397553584792,0.8169350940169711
18,linear,38,car's mirror,279,0.0017921146953405018,0.21168865128103176
18,linear,39,car's license plate,8,0.13125000149011612,0.6412954227998853
18,linear,40,car's door,258,0.6190891474947449,0.8559289360924285
18,linear,41,car's window,548,0.7532260175386485,0.8486540436567943
18,linear,42,cat's tail,332,0.5368222892284393,0.9025882224451347
18,linear,43,cat's head,890,0.7913523274861025,0.8403773070365358
18,linear,44,cat's eye,645,0.48287929264149926,0.9427435778601225
18,linear,45,cat's torso,871,0.8183942923042175,0.8202639768749099
18,linear,46,cat's neck,601,0.44089216388104957,0.8083533043670972
18,linear,47,cat's leg,670,0.7057835820895523,0.8849984724575014
18,linear,48,cat's nose,589,0.12327997424404163,0.8718777943547998
18,linear,49,cat's paw,570,0.620870927525194,0.9203157774973334
18,linear,50,cat's ear,848,0.4608392296183222,0.8647778845690893
18,linear,51,cow's tail,49,0.2857142857142857,0.8951931419421215
18,linear,52,cow's head,180,0.5639880952735742,0.8827251862320635
18,linear,53,cow's eye,60,0.27902777791023253,0.8401382858554522
18,linear,54,cow's torso,187,0.7453208556149733,0.8505013764382684
18,linear,55,cow's neck,81,0.2363315697437451,0.7854506697183774
18,linear,56,cow's leg,142,0.43838028169014087,0.8545968809597929
18,linear,57,cow's ear,138,0.21250000056149304,0.761219812800055
18,linear,58,cow's muzzle,161,0.6096421186783298,0.8623198420040726
18,linear,59,cow's horn,53,0.0023584905660377358,0.19786099963030726
18,linear,60,dog's tail,367,0.3993123136765301,0.838688447624851
18,linear,61,dog's head,1010,0.736841112788361,0.8312875103832471
18,linear,62,dog's eye,641,0.3659219229928045,0.9261067032628052
18,linear,63,dog's torso,981,0.7555980292907427,0.7965299645239424
18,linear,64,dog's neck,454,0.5162444933920705,0.8276484472110933
18,linear,65,dog's leg,810,0.6548721341439235,0.8356984403582267
18,linear,66,dog's nose,815,0.008962898111782192,0.5801719695878175
18,linear,67,dog's paw,629,0.5008384436368942,0.8798510169637033
18,linear,68,dog's ear,899,0.534090788846419,0.8621947384616557
18,linear,69,dog's muzzle,939,0.5548329030712065,0.8046637694366252
18,linear,70,horse's tail,147,0.5409216070864477,0.9181909358927182
18,linear,71,horse's head,282,0.5746158392611125,0.8916602390455016
18,linear,72,horse's eye,104,0.23762591641682845,0.7829423899977253
18,linear,73,horse's torso,293,0.7542662116040956,0.8401178337709896
18,linear,74,horse's neck,233,0.37446351931330474,0.7697649527772813
18,linear,75,horse's leg,265,0.5229559748802545,0.7901000309384094
18,linear,76,horse's ear,223,0.2337924413082311,0.8468007472732142
18,linear,77,horse's muzzle,256,0.6162109384313226,0.8877286958741024
18,linear,78,horse's hoof,127,0.01148293971076725,0.35558572226739305
18,linear,79,motorbike's wheel,244,0.7894467213114754,0.8505479914487385
18,linear,80,motorbike's saddle,8,0.015625,0.38655492663383484
18,linear,81,motorbike's handlebar,11,0.1590909090909091,0.7394300645047968
18,linear,82,motorbike's headlight,113,0.1261061946902655,0.8034769243898645
18,linear,83,person's head,1334,0.3141447142816555,0.5917227068494285
18,linear,84,person's eye,585,0.18936915041035057,0.596103347483704
18,linear,85,person's torso,1273,0.2833931853077305,0.5599779624172588
18,linear,86,person's neck,757,0.19200949957458946,0.5561212304206946
18,linear,87,person's leg,486,0.08377670027591565,0.4699716544997545
18,linear,88,person's foot,135,0.046666666865348816,0.3415721286226202
18,linear,89,person's nose,907,0.1604268398082506,0.6152686510371638
18,linear,90,person's ear,688,0.15036856398246315,0.4350836518986102
18,linear,91,person's eyebrow,432,0.03711419766423879,0.6334062264412986
18,linear,92,person's mouth,712,0.09969067699118947,0.6012799907998925
18,linear,93,person's hair,1082,0.3952105897934952,0.7108245090501427
18,linear,94,person's lower arm,753,0.028079744552077842,0.2990658649436358
18,linear,95,person's upper arm,1043,0.014797059781599365,0.23605206853969957
18,linear,96,person's hand,669,0.03762545397641591,0.30040413771877106
18,linear,97,pottedplant's pot,181,0.6342344122696977,0.8324004059338438
18,linear,98,pottedplant's plant,203,0.47183908067019703,0.7128907079840529
18,linear,99,sheep's tail,56,0.22544642857142858,0.8305132788206849
18,linear,100,sheep's head,217,0.46655145939868714,0.8666211753946296
18,linear,101,sheep's eye,63,0.2691987909021832,0.77834954254684
18,linear,102,sheep's torso,236,0.6393008474576272,0.8435622995435181
18,linear,103,sheep's neck,155,0.2782258064516129,0.756431661305889
18,linear,104,sheep's leg,53,0.4481132075471698,0.8456148117218377
18,linear,105,sheep's ear,174,0.2305555560294239,0.7560175370382166
18,linear,106,sheep's muzzle,177,0.551082864487912,0.8870505107998174
18,linear,107,sheep's horn,22,0.0,0.19234008282761683
18,linear,108,train's headlight,16,0.1171875,0.6991941910237074
18,linear,109,train's head,209,0.07416267942583732,0.5464082221059423
18,linear,110,train's front,203,0.4304187192118227,0.8068412458661742
18,linear,111,train's side,246,0.046747967479674794,0.4425096259247966
18,linear,112,train's back,24,0.4166666666666667,0.7491608647008737
18,linear,113,train's roof,48,0.010416666666666666,0.2813147309546669
18,linear,114,train's coach,183,0.3253642987520968,0.7455126021077724
18,linear,115,tvmonitor's screen,289,0.21453287197231835,0.6619850220255373
18,orthogonal,0,aeroplane's body,462,0.30844155844155846,0.7797030134699046
18,orthogonal,1,aeroplane's stern,414,0.014233954466771389,0.44559390335411264
18,orthogonal,2,aeroplane's wing,409,0.006112469437652812,0.4686292227731066
18,orthogonal,3,aeroplane's tail,1,0.125,0.832436203956604
18,orthogonal,4,aeroplane's engine,300,0.07731349224845568,0.5151406299322844
18,orthogonal,5,aeroplane's wheel,226,0.2733459758151949,0.8992832800192115
18,orthogonal,6,bicycle's wheel,306,0.8119281045849027,0.8419960828778011
18,orthogonal,7,bicycle's saddle,205,0.00853658536585366,0.21437822965587058
18,orthogonal,8,bicycle's handlebar,263,0.4206273764258555,0.9381943621562914
18,orthogonal,9,bicycle's chainwheel,217,0.34992319530880395,0.8930403064198208
18,orthogonal,10,bicycle's headlight,1,1.0,0.9814486503601074
18,orthogonal,11,bird's wing,250,0.29405714309215547,0.6541356362141669
18,orthogonal,12,bird's tail,403,0.4444670923072706,0.9146369618754233
18,orthogonal,13,bird's head,535,0.623713841254466,0.9159872060902765
18,orthogonal,14,bird's eye,218,0.20493665426422697,0.3327790398680426
18,orthogonal,15,bird's beak,431,0.3098663144211205,0.9142891115351233
18,orthogonal,16,bird's torso,575,0.5440331264423287,0.841281883638838
18,orthogonal,17,bird's neck,284,0.37629527189362216,0.8835644141416734
18,orthogonal,18,bird's leg,285,0.25913951564253423,0.8587782378782306
18,orthogonal,19,bird's foot,199,0.14848049861102847,0.7831100003803195
18,orthogonal,20,bottle's body,432,0.6026234568131191,0.8184871364522863
18,orthogonal,21,bottle's cap,326,0.3873466257851548,0.8153237117442982
18,orthogonal,22,bus's wheel,233,0.6143163704820969,0.9282693465124384
18,orthogonal,23,bus's headlight,155,0.1291474654789894,0.66720849938931
18,orthogonal,24,bus's front,183,0.25,0.767235068838453
18,orthogonal,25,bus's side,245,0.186734693877551,0.7017970531570669
18,orthogonal,26,bus's back,53,0.47877358490566035,0.7726116590904739
18,orthogonal,27,bus's roof,20,0.23958333432674409,0.5453356333076954
18,orthogonal,28,bus's mirror,117,0.006410256537616762,0.32560454106802106
18,orthogonal,29,bus's license plate,4,0.19375000149011612,0.6774485558271408
18,orthogonal,30,bus's door,104,0.4559409353308953,0.7029004552616522
18,orthogonal,31,bus's window,261,0.8227969348659003,0.815796002003425
18,orthogonal,32,car's wheel,515,0.7297850210400461,0.8776200620222439
18,orthogonal,33,car's headlight,289,0.5188416546294433,0.8637352204755928
18,orthogonal,34,car's front,365,0.49923026765862555,0.7334847736848544
18,orthogonal,35,car's side,515,0.23614886741615035,0.6311528118779358
18,orthogonal,36,car's back,195,0.5721794871947704,0.8514053544172874
18,orthogonal,37,car's roof,132,0.28630050520102185,0.7301829480989412
18,orthogonal,38,car's mirror,279,0.15933606535944034,0.539798214086949
18,orthogonal,39,car's license plate,8,0.15029762126505375,0.7851848676800728
18,orthogonal,40,car's door,258,0.6306063127956649,0.8262107642006504
18,orthogonal,41,car's window,548,0.7391379913926994,0.8537709600407711
18,orthogonal,42,cat's tail,332,0.5294929719473942,0.8816884317132364
18,orthogonal,43,cat's head,890,0.7784376674153831,0.8392463569058461
18,orthogonal,44,cat's eye,645,0.4744296800258548,0.9357386633118455
18,orthogonal,45,cat's torso,871,0.7647340222081142,0.8040178365124353
18,orthogonal,46,cat's neck,601,0.436857222221457,0.8188035369613603
18,orthogonal,47,cat's leg,670,0.6022974414834336,0.8563512238326357
18,orthogonal,48,cat's nose,589,0.13021464967160962,0.8692050198747671
18,orthogonal,49,cat's paw,570,0.6491729332689653,0.9271471070354445
18,orthogonal,50,cat's ear,848,0.49938510802908326,0.883767065715115
18,orthogonal,51,cow's tail,49,0.27502429576552645,0.8580882366822691
18,orthogonal,52,cow's head,180,0.6076917992697821,0.9119148988690641
18,orthogonal,53,cow's eye,60,0.2916666674117247,0.8183029105265935
18,orthogonal,54,cow's torso,187,0.6878342245989305,0.8298815637030066
18,orthogonal,55,cow's neck,81,0.2754262200108281,0.8078134251229557
18,orthogonal,56,cow's leg,142,0.44014084507042256,0.8502086386294432
18,orthogonal,57,cow's ear,138,0.2593857839271642,0.8008629454002865
18,orthogonal,58,cow's muzzle,161,0.6366755412602276,0.8611244141176251
18,orthogonal,59,cow's horn,53,0.0023584905660377358,0.22282365215766542
18,orthogonal,60,dog's tail,367,0.3811859350032313,0.804033253230256
18,orthogonal,61,dog's head,1010,0.7122147574725718,0.8392546113396046
18,orthogonal,62,dog's eye,641,0.36501374366502864,0.9252833066604067
18,orthogonal,63,dog's torso,981,0.7054875977906977,0.78564641892029
18,orthogonal,64,dog's neck,454,0.5333883996380058,0.8387598355961267
18,orthogonal,65,dog's leg,810,0.6140432098765433,0.8315426887185485
18,orthogonal,66,dog's nose,815,0.006018112810111485,0.5711356815750613
18,orthogonal,67,dog's paw,629,0.5244833074853607,0.8722231745103963
18,orthogonal,68,dog's ear,899,0.5725409186821228,0.8765995861657867
18,orthogonal,69,dog's muzzle,939,0.5447690055900997,0.806724840174087
18,orthogonal,70,horse's tail,147,0.508471007655267,0.90582621077291
18,orthogonal,71,horse's head,282,0.6116894631521076,0.9067689707727297
18,orthogonal,72,horse's eye,104,0.2304372717268192,0.7479167532605621
18,orthogonal,73,horse's torso,293,0.7209897610921502,0.8323106580626842
18,orthogonal,74,horse's neck,233,0.3739270386266094,0.7655796799409031
18,orthogonal,75,horse's leg,265,0.4378930818359807,0.78200872668399
18,orthogonal,76,horse's ear,223,0.27963378270378025,0.8786755773184546
18,orthogonal,77,horse's muzzle,256,0.6129557308740914,0.8790816792170517
18,orthogonal,78,horse's hoof,127,0.020669291455914656,0.33272514201876685
18,orthogonal,79,motorbike's wheel,244,0.7786885245901639,0.8531145712391275
18,orthogonal,80,motorbike's saddle,8,0.03125,0.5004588402807713
18,orthogonal,81,motorbike's handlebar,11,0.14772727272727273,0.7398363351821899
18,orthogonal,82,motorbike's headlight,113,0.20243362831858408,0.8471704935078073
18,orthogonal,83,person's head,1334,0.3097995651782542,0.6045089085944866
18,orthogonal,84,person's eye,585,0.18841269966374097,0.5422690661504673
18,orthogonal,85,person's torso,1273,0.2660821837556709,0.5411747209462561
18,orthogonal,86,person's neck,757,0.17487419084639658,0.48108721252892517
18,orthogonal,87,person's leg,486,0.1148785031381458,0.43499430224448904
18,orthogonal,88,person's foot,135,0.06061728420080962,0.3607574310981565
18,orthogonal,89,person's nose,907,0.1508347781943907,0.6083984528067538
18,orthogonal,90,person's ear,688,0.0791009139096321,0.26610683025738097
18,orthogonal,91,person's eyebrow,432,0.060317460585523536,0.610114970905232
18,orthogonal,92,person's mouth,712,0.10513142081961203,0.5957073124002644
18,orthogonal,93,person's hair,1082,0.27549841650202184,0.611348209733078
18,orthogonal,94,person's lower arm,753,0.03877347771073401,0.33962482213788475
18,orthogonal,95,person's upper arm,1043,0.026621923993555036,0.2545016538199977
18,orthogonal,96,person's hand,669,0.07674389672208082,0.3461947941634754
18,orthogonal,97,pottedplant's pot,181,0.6279926336272645,0.8249463564124555
18,orthogonal,98,pottedplant's plant,203,0.5110837439157693,0.7453460314957966
18,orthogonal,99,sheep's tail,56,0.17857142857142858,0.7664508397823998
18,orthogonal,100,sheep's head,217,0.5075652850663057,0.8884794024690505
18,orthogonal,101,sheep's eye,63,0.2611111116314691,0.7650821382800738
18,orthogonal,102,sheep's torso,236,0.597457627118644,0.8312880285715653
18,orthogonal,103,sheep's neck,155,0.3346774193548387,0.809926474863483
18,orthogonal,104,sheep's leg,53,0.3907232706276876,0.8303376697706726
18,orthogonal,105,sheep's ear,174,0.24025725299256973,0.7518138848673338
18,orthogonal,106,sheep's muzzle,177,0.577078291841146,0.8738104075635389
18,orthogonal,107,sheep's horn,22,0.0,0.1806871589611877
18,orthogonal,108,train's headlight,16,0.10267857182770967,0.6588715966790915
18,orthogonal,109,train's head,209,0.06570972894367419,0.5280914034997447
18,orthogonal,110,train's front,203,0.4738153883535874,0.773596973768596
18,orthogonal,111,train's side,246,0.04014227642276423,0.4399321707404726
18,orthogonal,112,train's back,24,0.4322916666666667,0.7430853048960367
18,orthogonal,113,train's roof,48,0.015625,0.26447458084051806
18,orthogonal,114,train's coach,183,0.35219880319683927,0.7508560073831694
18,orthogonal,115,tvmonitor's screen,289,0.36375432525951557,0.6989946597381447
19,linear,0,aeroplane's body,462,0.31737012987012986,0.7657022161401196
19,linear,1,aeroplane's stern,414,0.004227053140096618,0.3725576785883466
19,linear,2,aeroplane's wing,409,0.002139364303178484,0.45508520585692014
19,linear,3,aeroplane's tail,1,0.0,0.8353472948074341
19,linear,4,aeroplane's engine,300,0.01625,0.4759124468266964
19,linear,5,aeroplane's wheel,226,0.2588126844009467,0.891743869116876
19,linear,6,bicycle's wheel,306,0.8051470588235294,0.8413147671160355
19,linear,7,bicycle's saddle,205,0.003048780487804878,0.23433397276009002
19,linear,8,bicycle's handlebar,263,0.4355196451392917,0.9359770952068808
19,linear,9,bicycle's chainwheel,217,0.27534562211981567,0.8831268127338128
19,linear,10,bicycle's headlight,1,1.0,0.9732818007469177
19,linear,11,bird's wing,250,0.21475238156318666,0.657305289182812
19,linear,12,bird's tail,403,0.48742171837289633,0.9239562103529426
19,linear,13,bird's head,535,0.5318736101979408,0.8810238124471959
19,linear,14,bird's eye,218,0.08830821391092528,0.2455215233745515
19,linear,15,bird's beak,431,0.3420809861402224,0.9374222197070753
19,linear,16,bird's torso,575,0.6609337476543758,0.8644003033638
19,linear,17,bird's neck,284,0.38757126148737653,0.8821259553636044
19,linear,18,bird's leg,285,0.2941562239538159,0.8899349221012048
19,linear,19,bird's foot,199,0.08606125901092836,0.6953381905753409
19,linear,20,bottle's body,432,0.6686921296296297,0.8245528649400782
19,linear,21,bottle's cap,326,0.4025087642706245,0.8521612189435885
19,linear,22,bus's wheel,233,0.6201461275375963,0.9330268967816758
19,linear,23,bus's headlight,155,0.2367741935676144,0.8212835717585779
19,linear,24,bus's front,183,0.28825136612021857,0.7802989736932223
19,linear,25,bus's side,245,0.19693877551020408,0.7049001913897845
19,linear,26,bus's back,53,0.6367924528301887,0.8087319225635169
19,linear,27,bus's roof,20,0.39375,0.7082077018916607
19,linear,28,bus's mirror,117,0.003205128205128205,0.2640223821513673
19,linear,29,bus's license plate,4,0.09375,0.6043613478541374
19,linear,30,bus's door,104,0.35399496440704054,0.7546879686415195
19,linear,31,bus's window,261,0.8472222222222222,0.8241232910489671
19,linear,32,car's wheel,515,0.736393897973218,0.8872913258457646
19,linear,33,car's headlight,289,0.5363774924026641,0.8997424683665735
19,linear,34,car's front,365,0.48582844101402856,0.7038416579161605
19,linear,35,car's side,515,0.2229935275408828,0.6206129790509789
19,linear,36,car's back,195,0.6328754580173737,0.8550211421954326
19,linear,37,car's roof,132,0.3644390336491845,0.821040793801799
19,linear,38,car's mirror,279,0.0017921146953405018,0.20843482877237982
19,linear,39,car's license plate,8,0.13125000149011612,0.646397671662271
19,linear,40,car's door,258,0.6212486160933509,0.8566845609236133
19,linear,41,car's window,548,0.7526459862226552,0.8474679323538703
19,linear,42,cat's tail,332,0.5387048193489212,0.9030847807740232
19,linear,43,cat's head,890,0.7900882825422822,0.8390397087513898
19,linear,44,cat's eye,645,0.48216316117796787,0.9441317499203737
19,linear,45,cat's torso,871,0.8185378055074322,0.8203774429900501
19,linear,46,cat's neck,601,0.44089216388104957,0.8093275160043688
19,linear,47,cat's leg,670,0.7069029850746269,0.8848287670025184
19,linear,48,cat's nose,589,0.12185099857569955,0.8707304391472368
19,linear,49,cat's paw,570,0.6199791146474972,0.9192923979016773
19,linear,50,cat's ear,848,0.4675707548048417,0.8683332533417445
19,linear,51,cow's tail,49,0.2857142857142857,0.8942430737067242
19,linear,52,cow's head,180,0.5653769841624631,0.8805369795196586
19,linear,53,cow's eye,60,0.27902777791023253,0.8409581268827121
19,linear,54,cow's torso,187,0.7446524064171123,0.8501844699370033
19,linear,55,cow's neck,81,0.24404761912646117,0.7930164344516801
19,linear,56,cow's leg,142,0.44190140845070425,0.8550836276000654
19,linear,57,cow's ear,138,0.22323153967010803,0.7674228090091028
19,linear,58,cow's muzzle,161,0.6071058868066125,0.8616970182622071
19,linear,59,cow's horn,53,0.0023584905660377358,0.19592936829013644
19,linear,60,dog's tail,367,0.4013559104067753,0.8398717813173496
19,linear,61,dog's head,1010,0.7353606790009112,0.8279315508385696
19,linear,62,dog's eye,641,0.36291323118667335,0.9260095810741419
19,linear,63,dog's torso,981,0.7563625552846265,0.7965571969504507
19,linear,64,dog's neck,454,0.5184471365638766,0.8290884250914473
19,linear,65,dog's leg,810,0.6548721341439235,0.8357899476900513
19,linear,66,dog's nose,815,0.009627519794768351,0.5827837128215041
19,linear,67,dog's paw,629,0.501226436660665,0.8798141655866027
19,linear,68,dog's ear,899,0.5408151916189905,0.8642231328568284
19,linear,69,dog's muzzle,939,0.5565634675173206,0.8042979498013965
19,linear,70,horse's tail,147,0.5409216070864477,0.918353242178758
19,linear,71,horse's head,282,0.5719562647930274,0.8896777547420339
19,linear,72,horse's eye,104,0.23954899336856145,0.786532101364663
19,linear,73,horse's torso,293,0.7542662116040956,0.8406351237675436
19,linear,74,horse's neck,233,0.38358369098712447,0.773139836834224
19,linear,75,horse's leg,265,0.5248427673330847,0.7903041571659862
19,linear,76,horse's ear,223,0.2380471925163483,0.8494869683756422
19,linear,77,horse's muzzle,256,0.615164621733129,0.8881221605697647
19,linear,78,horse's hoof,127,0.011107986602257557,0.3563803589543489
19,linear,79,motorbike's wheel,244,0.7863729508196722,0.8497156607078724
19,linear,80,motorbike's saddle,8,0.015625,0.38655492290854454
19,linear,81,motorbike's handlebar,11,0.1590909090909091,0.7402724840424277
19,linear,82,motorbike's headlight,113,0.12389380530973451,0.8020808390811481
19,linear,83,person's head,1334,0.31523434787631216,0.5910865444511264
19,linear,84,person's eye,585,0.18944444549389375,0.602352927140414
19,linear,85,person's torso,1273,0.28335484318019644,0.5601873828435809
19,linear,86,person's neck,757,0.18937692744964968,0.5571971980921304
19,linear,87,person's leg,486,0.0806535373867294,0.46624727322961446
19,linear,88,person's foot,135,0.046666666865348816,0.3400512878265646
19,linear,89,person's nose,907,0.16353231569897905,0.617521493442566
19,linear,90,person's ear,688,0.15646456346608872,0.44836210042101515
19,linear,91,person's eyebrow,432,0.036631944554823416,0.6329665934123719
19,linear,92,person's mouth,712,0.09991639932052473,0.6025051885870484
19,linear,93,person's hair,1082,0.3962173234265084,0.7122621249356746
19,linear,94,person's lower arm,753,0.02697622219958945,0.29951421267960276
19,linear,95,person's upper arm,1043,0.013398849481247073,0.23311477999291308
19,linear,96,person's hand,669,0.03299345169634028,0.2951690624920465
19,linear,97,pottedplant's pot,181,0.6349250200045043,0.8331573160972384
19,linear,98,pottedplant's plant,203,0.47307060776379306,0.7111950235927633
19,linear,99,sheep's tail,56,0.22544642857142858,0.8301327255155359
19,linear,100,sheep's head,217,0.46459842016620023,0.8639135905949201
19,linear,101,sheep's eye,63,0.2600718069644201,0.7727371280392011
19,linear,102,sheep's torso,236,0.638771186440678,0.8429672076540479
19,linear,103,sheep's neck,155,0.2814516129032258,0.7571014029364432
19,linear,104,sheep's leg,53,0.44339622641509435,0.8453926539646005
19,linear,105,sheep's ear,174,0.23482484995633707,0.7618210590605078
19,linear,106,sheep's muzzle,177,0.5480562300331848,0.8858440979725897
19,linear,107,sheep's horn,22,0.0,0.19285677178678187
19,linear,108,train's headlight,16,0.1171875,0.699436841532588
19,linear,109,train's head,209,0.07416267942583732,0.5466765691682197
19,linear,110,train's front,203,0.43226600985221675,0.8121735537287049
19,linear,111,train's side,246,0.044715447154471545,0.44216702175818806
19,linear,112,train's back,24,0.4114583333333333,0.7502857185900211
19,linear,113,train's roof,48,0.013020833333333334,0.2815362820401788
19,linear,114,train's coach,183,0.3253642987520968,0.746204860223447
19,linear,115,tvmonitor's screen,289,0.20155709342560554,0.6580107932890987
19,orthogonal,0,aeroplane's body,462,0.3000541125541126,0.7766634409368296
19,orthogonal,1,aeroplane's stern,414,0.014190821328024933,0.4473962242476606
19,orthogonal,2,aeroplane's wing,409,0.005806845965770171,0.46719131915668405
19,orthogonal,3,aeroplane's tail,1,0.125,0.832436203956604
19,orthogonal,4,aeroplane's engine,300,0.07036111121376355,0.5095217675964038
19,orthogonal,5,aeroplane's wheel,226,0.2735040036846051,0.8999750288450612
19,orthogonal,6,bicycle's wheel,306,0.8115196078528766,0.841857021930171
19,orthogonal,7,bicycle's saddle,205,0.00853658536585366,0.21347196941695562
19,orthogonal,8,bicycle's handlebar,263,0.4220532319391635,0.9385907661325578
19,orthogonal,9,bicycle's chainwheel,217,0.3524248409793124,0.8956222469630879
19,orthogonal,10,bicycle's headlight,1,1.0,0.9814486503601074
19,orthogonal,11,bird's wing,250,0.28505714309215546,0.6466585804857313
19,orthogonal,12,bird's tail,403,0.4447772660045411,0.9148208826558466
19,orthogonal,13,bird's head,535,0.6206964848476035,0.9150382662209395
19,orthogonal,14,bird's eye,218,0.2037898652734013,0.33279137785008195
19,orthogonal,15,bird's beak,431,0.30971992171419194,0.9146189928193104
19,orthogonal,16,bird's torso,575,0.5472939960075461,0.8415833163002263
19,orthogonal,17,bird's neck,284,0.3790576797450932,0.8846902779867531
19,orthogonal,18,bird's leg,285,0.2582623226600781,0.8593767419196012
19,orthogonal,19,bird's foot,199,0.15464225980504673,0.7871461034420147
19,orthogonal,20,bottle's body,432,0.6032021605168227,0.8172694287366338
19,orthogonal,21,bottle's cap,326,0.392612474462006,0.8207590363554063
19,orthogonal,22,bus's wheel,233,0.6139842633781515,0.9278906582506941
19,orthogonal,23,bus's headlight,155,0.14124423967253777,0.6900091850949872
19,orthogonal,24,bus's front,183,0.25341530054644806,0.768065056677073
19,orthogonal,25,bus's side,245,0.1836734693877551,0.6996911217971724
19,orthogonal,26,bus's back,53,0.47641509433962265,0.7741783526989648
19,orthogonal,27,bus's roof,20,0.23482142984867097,0.5447820544242858
19,orthogonal,28,bus's mirror,117,0.006410256537616762,0.3225554686644648
19,orthogonal,29,bus's license plate,4,0.1770833358168602,0.6751509755849838
19,orthogonal,30,bus's door,104,0.45488782169727177,0.7038630622510726
19,orthogonal,31,bus's window,261,0.8256704980842912,0.8198418024627642
19,orthogonal,32,car's wheel,515,0.7311927880766322,0.8784885967168414
19,orthogonal,33,car's headlight,289,0.5273438790059007,0.872888019134429
19,orthogonal,34,car's front,365,0.5062589696008866,0.7330948294025578
19,orthogonal,35,car's side,515,0.2363915858627523,0.6292542121942761
19,orthogonal,36,car's back,195,0.5809401710063983,0.8531010844768622
19,orthogonal,37,car's roof,132,0.28422619063745846,0.7301808298763001
19,orthogonal,38,car's mirror,279,0.16532684894659186,0.5532576228295015
19,orthogonal,39,car's license plate,8,0.15029762126505375,0.7959743291139603
19,orthogonal,40,car's door,258,0.6354282027644704,0.8300083758988122
19,orthogonal,41,car's window,548,0.7418730453363735,0.8563131334899116
19,orthogonal,42,cat's tail,332,0.5307121343282332,0.882438643240785
19,orthogonal,43,cat's head,890,0.7828986090890477,0.8397991796055536
19,orthogonal,44,cat's eye,645,0.4751716513273328,0.9359437779111918
19,orthogonal,45,cat's torso,871,0.7660256410370464,0.8041065780768849
19,orthogonal,46,cat's neck,601,0.4400800254301303,0.8204419711068546
19,orthogonal,47,cat's leg,670,0.6081467662951839,0.8586675221350656
19,orthogonal,48,cat's nose,589,0.12918384686896675,0.8681342260744455
19,orthogonal,49,cat's paw,570,0.6500208864086553,0.9273535269394255
19,orthogonal,50,cat's ear,848,0.5036654875982763,0.8852003224475203
19,orthogonal,51,cow's tail,49,0.2775753161736897,0.861886057926684
19,orthogonal,52,cow's head,180,0.6107010586394204,0.9126593237949743
19,orthogonal,53,cow's eye,60,0.2908730166653792,0.819125144680341
19,orthogonal,54,cow's torso,187,0.6905080213903744,0.8310572510176801
19,orthogonal,55,cow's neck,81,0.2766754851665026,0.8112903612631338
19,orthogonal,56,cow's leg,142,0.44014084507042256,0.8512973052934861
19,orthogonal,57,cow's ear,138,0.26434610146975174,0.805881495816984
19,orthogonal,58,cow's muzzle,161,0.6320689160446202,0.8605642448532285
19,orthogonal,59,cow's horn,53,0.0023584905660377358,0.22416686939673042
19,orthogonal,60,dog's tail,367,0.38386207356115126,0.8069004582936498
19,orthogonal,61,dog's head,1010,0.715809759910744,0.8396227864640774
19,orthogonal,62,dog's eye,641,0.36573248671574077,0.9257073491672272
19,orthogonal,63,dog's torso,981,0.7050798505575042,0.7851823798545031
19,orthogonal,64,dog's neck,454,0.5355517099147852,0.8403047540179959
19,orthogonal,65,dog's leg,810,0.6197839506246425,0.8327949426976251
19,orthogonal,66,dog's nose,815,0.006190476242018623,0.5718447871003414
19,orthogonal,67,dog's paw,629,0.5258649412560349,0.8728729509208085
19,orthogonal,68,dog's ear,899,0.5786455852767914,0.8784143511657587
19,orthogonal,69,dog's muzzle,939,0.5470295157739784,0.8081886454766043
19,orthogonal,70,horse's tail,147,0.508471007655267,0.9063520680884926
19,orthogonal,71,horse's head,282,0.6143490376201928,0.9072512636582056
19,orthogonal,72,horse's eye,104,0.23284111788066533,0.7508855743620259
19,orthogonal,73,horse's torso,293,0.7209897610921502,0.8329044207167707
19,orthogonal,74,horse's neck,233,0.3873390557939914,0.7716937400880289
19,orthogonal,75,horse's leg,265,0.4501572327793769,0.7809717601340896
19,orthogonal,76,horse's ear,223,0.2811819357054116,0.8797683958715922
19,orthogonal,77,horse's muzzle,256,0.6140066981315613,0.8801481654518284
19,orthogonal,78,horse's hoof,127,0.022778402867279654,0.34737026758902656
19,orthogonal,79,motorbike's wheel,244,0.7797131147540983,0.8529155542615985
19,orthogonal,80,motorbike's saddle,8,0.015625,0.49025385081768036
19,orthogonal,81,motorbike's handlebar,11,0.14772727272727273,0.7398363351821899
19,orthogonal,82,motorbike's headlight,113,0.21128318584070796,0.8509266405506472
19,orthogonal,83,person's head,1334,0.31293995920820034,0.605514248223407
19,orthogonal,84,person's eye,585,0.19072242707778245,0.5459514135582388
19,orthogonal,85,person's torso,1273,0.2675709804141044,0.5424870951428573
19,orthogonal,86,person's neck,757,0.1780524635527534,0.48663359391841365
19,orthogonal,87,person's leg,486,0.116874877869347,0.43516066297313866
19,orthogonal,88,person's foot,135,0.05969135827488369,0.36337761353287434
19,orthogonal,89,person's nose,907,0.15276159076667015,0.6084362413239272
19,orthogonal,90,person's ear,688,0.08584925270271163,0.2749126588771401
19,orthogonal,91,person's eyebrow,432,0.05727513258655866,0.6108130353936253
19,orthogonal,92,person's mouth,712,0.10498929936229513,0.5952493229192901
19,orthogonal,93,person's hair,1082,0.2793052995408749,0.6165707957218168
19,orthogonal,94,person's lower arm,753,0.03908176836897811,0.34018253367876566
19,orthogonal,95,person's upper arm,1043,0.025041090333450332,0.24981341768084728
19,orthogonal,96,person's hand,669,0.07625097902811874,0.34540524318263
19,orthogonal,97,pottedplant's pot,181,0.6279926336272645,0.8249525984347854
19,orthogonal,98,pottedplant's plant,203,0.5129310345561634,0.7459835853115678
19,orthogonal,99,sheep's tail,56,0.17857142857142858,0.7687227070065481
19,orthogonal,100,sheep's head,217,0.5060566170699036,0.8874355362994331
19,orthogonal,101,sheep's eye,63,0.26970899507166846,0.7730498932420261
19,orthogonal,102,sheep's torso,236,0.6001059322033898,0.8325336793974295
19,orthogonal,103,sheep's neck,155,0.33548387096774196,0.8102308057969616
19,orthogonal,104,sheep's leg,53,0.40959119515598946,0.8344962071135359
19,orthogonal,105,sheep's ear,174,0.24282293441309327,0.7559957354404461
19,orthogonal,106,sheep's muzzle,177,0.5756322333199829,0.8779382220769333
19,orthogonal,107,sheep's horn,22,0.0,0.18385860781100663
19,orthogonal,108,train's headlight,16,0.10267857182770967,0.6567033808678389
19,orthogonal,109,train's head,209,0.06750398731687993,0.5298641500147906
19,orthogonal,110,train's front,203,0.4747830167632972,0.7735286419247759
19,orthogonal,111,train's side,246,0.039634146341463415,0.4392709049388645
19,orthogonal,112,train's back,24,0.4345238109429677,0.7363002722462019
19,orthogonal,113,train's roof,48,0.015625,0.26510484407966334
19,orthogonal,114,train's coach,183,0.34759953170200514,0.7517311335261402
19,orthogonal,115,tvmonitor's screen,289,0.35986159169550175,0.6978743444470799
20,linear,0,aeroplane's body,462,0.31006493506493504,0.7613709632839475
20,linear,1,aeroplane's stern,414,0.003804347833285585,0.3698423066792857
20,linear,2,aeroplane's wing,409,0.002139364303178484,0.4536800698210966
20,linear,3,aeroplane's tail,1,0.0,0.8353473544120789
20,linear,4,aeroplane's engine,300,0.014583333333333334,0.4744061261912187
20,linear,5,aeroplane's wheel,226,0.2595870206709457,0.8924852008313204
20,linear,6,bicycle's wheel,306,0.8080065359477124,0.8406671133695864
20,linear,7,bicycle's saddle,205,0.003048780487804878,0.23369794415264594
20,linear,8,bicycle's handlebar,263,0.43742078582370236,0.9357226438848691
20,linear,9,bicycle's chainwheel,217,0.277073732718894,0.8843497967665097
20,linear,10,bicycle's headlight,1,1.0,0.9732818007469177
20,linear,11,bird's wing,250,0.21090000063180925,0.6593112414814531
20,linear,12,bird's tail,403,0.49095179044431253,0.9245409370208201
20,linear,13,bird's head,535,0.5274365829530163,0.8792212740840198
20,linear,14,bird's eye,218,0.08426714770564246,0.24095840369342664
20,linear,15,bird's beak,431,0.34440117175507157,0.9377809526126512
20,linear,16,bird's torso,575,0.6600952382191367,0.8637404360460198
20,linear,17,bird's neck,284,0.3909372909807823,0.8830225970596075
20,linear,18,bird's leg,285,0.2940100251582631,0.8911676298108018
20,linear,19,bird's foot,199,0.08421871290734066,0.6932247311775409
20,linear,20,bottle's body,432,0.6689814814814815,0.824507940215645
20,linear,21,bottle's cap,326,0.40327563543626865,0.8531785506549423
20,linear,22,bus's wheel,233,0.621065808659971,0.9325207185335938
20,linear,23,bus's headlight,155,0.2400000000192273,0.8247759580612183
20,linear,24,bus's front,183,0.2937158469945355,0.7807695984514684
20,linear,25,bus's side,245,0.1933673469387755,0.7030673318979691
20,linear,26,bus's back,53,0.6462264150943396,0.8123959955179466
20,linear,27,bus's roof,20,0.4,0.7156002953648567
20,linear,28,bus's mirror,117,0.003205128205128205,0.25838593864797527
20,linear,29,bus's license plate,4,0.09375,0.6070745885372162
20,linear,30,bus's door,104,0.3407738105608867,0.7500172492403251
20,linear,31,bus's window,261,0.8481800766283525,0.8245974666085737
20,linear,32,car's wheel,515,0.7382316232306286,0.8871733237528107
20,linear,33,car's headlight,289,0.5370118638120308,0.9006232829139307
20,linear,34,car's front,365,0.4907632094540008,0.7046854188997451
20,linear,35,car's side,515,0.2205663430748634,0.6183596171800373
20,linear,36,car's back,195,0.6367216118635275,0.855709474056195
20,linear,37,car's roof,132,0.3695075764800563,0.8229517065214388
20,linear,38,car's mirror,279,0.0013440860215053765,0.20602854671570936
20,linear,39,car's license plate,8,0.13125000149011612,0.6492165774106979
20,linear,40,car's door,258,0.616791251729163,0.8555473372224689
20,linear,41,car's window,548,0.7541688399212639,0.8463343742922166
20,linear,42,cat's tail,332,0.5390813253730177,0.9029379176671606
20,linear,43,cat's head,890,0.7898073836658778,0.8373399678073572
20,linear,44,cat's eye,645,0.4817054276318513,0.9444243978218053
20,linear,45,cat's torso,871,0.8202394621380434,0.8205332131254413
20,linear,46,cat's neck,601,0.44214008401416105,0.8108907985607915
20,linear,47,cat's leg,670,0.7067164179104478,0.8844606419107808
20,linear,48,cat's nose,589,0.12100210214106458,0.8690709441343674
20,linear,49,cat's paw,570,0.6183855473995209,0.9185847160324716
20,linear,50,cat's ear,848,0.473839005068788,0.8714310826628275
20,linear,51,cow's tail,49,0.2857142857142857,0.8946376077982844
20,linear,52,cow's head,180,0.5661044975121816,0.8795689912305937
20,linear,53,cow's eye,60,0.27069444457689923,0.8403362477819125
20,linear,54,cow's torso,187,0.7446524064171123,0.851240887281729
20,linear,55,cow's neck,81,0.24250440924991795,0.7927712621512236
20,linear,56,cow's leg,142,0.44278169014084506,0.8548847604805315
20,linear,57,cow's ear,138,0.23008971801702527,0.773534502780092
20,linear,58,cow's muzzle,161,0.6054052065433182,0.8616923931639017
20,linear,59,cow's horn,53,0.0023584905660377358,0.19370804206942613
20,linear,60,dog's tail,367,0.40182626202743127,0.8401275086914486
20,linear,61,dog's head,1010,0.7322324376885253,0.824397335393299
20,linear,62,dog's eye,641,0.3628222275403286,0.9258710821035686
20,linear,63,dog's torso,981,0.7571440707592182,0.7969894224927817
20,linear,64,dog's neck,454,0.5202171177590996,0.8292781467578222
20,linear,65,dog's leg,810,0.6542181071307924,0.8358707070718577
20,linear,66,dog's nose,815,0.010489336917736779,0.5844838211507154
20,linear,67,dog's paw,629,0.4978480582822866,0.8791681836183006
20,linear,68,dog's ear,899,0.5473647969914756,0.8675000484746873
20,linear,69,dog's muzzle,939,0.5565482537808637,0.8042209640549965
20,linear,70,horse's tail,147,0.5392209268143388,0.9182641012023907
20,linear,71,horse's head,282,0.568971631216242,0.887366439433808
20,linear,72,horse's eye,104,0.23866758309304714,0.7868164610834076
20,linear,73,horse's torso,293,0.7529863481228669,0.8403362656717821
20,linear,74,horse's neck,233,0.3905579399141631,0.7752478248060005
20,linear,75,horse's leg,265,0.5253144654462922,0.7901834051845209
20,linear,76,horse's ear,223,0.2432788816268134,0.8542529539008846
20,linear,77,horse's muzzle,256,0.6171828509541228,0.8893164742039517
20,linear,78,horse's hoof,127,0.010714285838322377,0.35512248382676304
20,linear,79,motorbike's wheel,244,0.7848360655737705,0.8489398994162435
20,linear,80,motorbike's saddle,8,0.015625,0.38655493408441544
20,linear,81,motorbike's handlebar,11,0.17045454545454544,0.7371901544657621
20,linear,82,motorbike's headlight,113,0.125,0.8017744079100347
20,linear,83,person's head,1334,0.3143544308673674,0.5904038130952187
20,linear,84,person's eye,585,0.1878551089610809,0.6041840310447301
20,linear,85,person's torso,1273,0.28351849853664707,0.5610421619691519
20,linear,86,person's neck,757,0.18800402689562765,0.5591184034884528
20,linear,87,person's leg,486,0.07795169529478246,0.464860767168242
20,linear,88,person's foot,135,0.03925925945794141,0.34000941966142917
20,linear,89,person's nose,907,0.16586207896635313,0.6184659130658745
20,linear,90,person's ear,688,0.15919504531247672,0.4621134768551497
20,linear,91,person's eyebrow,432,0.03634259270297156,0.6344530073563672
20,linear,92,person's mouth,712,0.09979935812899905,0.6022206915730841
20,linear,93,person's hair,1082,0.39809435896589224,0.7132384643589564
20,linear,94,person's lower arm,753,0.023992917293888007,0.2963299257996162
20,linear,95,person's upper arm,1043,0.01332694152057571,0.23144983730438742
20,linear,96,person's hand,669,0.030158730343496497,0.29002117610749506
20,linear,97,pottedplant's pot,181,0.6357537491545493,0.8334297541096725
20,linear,98,pottedplant's plant,203,0.46814449938940883,0.707513830619933
20,linear,99,sheep's tail,56,0.22544642857142858,0.8304369997765336
20,linear,100,sheep's head,217,0.46114219896804354,0.8635248683289998
20,linear,101,sheep's eye,63,0.2593159491107577,0.7718477013210455
20,linear,102,sheep's torso,236,0.6398305084745762,0.8430964279983003
20,linear,103,sheep's neck,155,0.2806451612903226,0.7579100293497886
20,linear,104,sheep's leg,53,0.4481132075471698,0.8458651419518128
20,linear,105,sheep's ear,174,0.24061302729379172,0.7675517752081499
20,linear,106,sheep's muzzle,177,0.5481907471088366,0.8855560610523332
20,linear,107,sheep's horn,22,0.0,0.19121211174536834
20,linear,108,train's headlight,16,0.1171875,0.6924008708447218
20,linear,109,train's head,209,0.07595693779904306,0.5474958993209321
20,linear,110,train's front,203,0.4341133004926108,0.8178755199087078
20,linear,111,train's side,246,0.04369918699186992,0.4421536281583755
20,linear,112,train's back,24,0.4114583333333333,0.7498455780247847
20,linear,113,train's roof,48,0.010416666666666666,0.2800937563491364
20,linear,114,train's coach,183,0.32468123864280724,0.746161929570912
20,linear,115,tvmonitor's screen,289,0.18641868512110726,0.6532984803395288
20,orthogonal,0,aeroplane's body,462,0.29274891774891776,0.7722662801156829
20,orthogonal,1,aeroplane's stern,414,0.012942834176878998,0.4486888096564346
20,orthogonal,2,aeroplane's wing,409,0.00519559902200489,0.4643275439010564
20,orthogonal,3,aeroplane's tail,1,0.125,0.832436203956604
20,orthogonal,4,aeroplane's engine,300,0.06746031766136487,0.5056054664651553
20,orthogonal,5,aeroplane's wheel,226,0.2730562582084563,0.9000888354746641
20,orthogonal,6,bicycle's wheel,306,0.8119553377230962,0.8418988361467723
20,orthogonal,7,bicycle's saddle,205,0.007926829268292683,0.21292334387942058
20,orthogonal,8,bicycle's handlebar,263,0.4230038022813688,0.9384902423325601
20,orthogonal,9,bicycle's chainwheel,217,0.35599078341013823,0.8979738442579173
20,orthogonal,10,bicycle's headlight,1,1.0,0.977587103843689
20,orthogonal,11,bird's wing,250,0.2774428572654724,0.6408922200836241
20,orthogonal,12,bird's tail,403,0.4466117217804007,0.915108696328795
20,orthogonal,13,bird's head,535,0.6185247003475082,0.9143681558214616
20,orthogonal,14,bird's eye,218,0.201583661685843,0.33173780891736715
20,orthogonal,15,bird's beak,431,0.310059663107113,0.9157854763233468
20,orthogonal,16,bird's torso,575,0.5469937889731449,0.8423302717830824
20,orthogonal,17,bird's neck,284,0.38163564752944756,0.8854079571565692
20,orthogonal,18,bird's leg,285,0.25945279880573874,0.8579082781808418
20,orthogonal,19,bird's foot,199,0.1564010537449439,0.7945393159910662
20,orthogonal,20,bottle's body,432,0.6037808642205265,0.8174062769308135
20,orthogonal,21,bottle's cap,326,0.39864519430450135,0.826738412966209
20,orthogonal,22,bus's wheel,233,0.6139842633781515,0.9275747656566391
20,orthogonal,23,bus's headlight,155,0.14930875580157002,0.7058152991917825
20,orthogonal,24,bus's front,183,0.25614754098360654,0.7688125306791295
20,orthogonal,25,bus's side,245,0.1834548105998915,0.698890538604892
20,orthogonal,26,bus's back,53,0.4882075471698113,0.7768309933115851
20,orthogonal,27,bus's roof,20,0.23482142984867097,0.5507120996713638
20,orthogonal,28,bus's mirror,117,0.006410256537616762,0.3228988385417013
20,orthogonal,29,bus's license plate,4,0.1770833358168602,0.6751509755849838
20,orthogonal,30,bus's door,104,0.4549565031551398,0.7090249011436334
20,orthogonal,31,bus's window,261,0.8299808429118773,0.8232136271694154
20,orthogonal,32,car's wheel,515,0.7316782249698361,0.878841973269738
20,orthogonal,33,car's headlight,289,0.5348615920151806,0.8767416542685981
20,orthogonal,34,car's front,365,0.5073613830625194,0.7329197158552196
20,orthogonal,35,car's side,515,0.23498381891296904,0.6276414003765699
20,orthogonal,36,car's back,195,0.5854273504935779,0.854052113264035
20,orthogonal,37,car's roof,132,0.28138528154654935,0.730385832714312
20,orthogonal,38,car's mirror,279,0.16794674969061302,0.5608264584808633
20,orthogonal,39,car's license plate,8,0.15029762126505375,0.8016258925199509
20,orthogonal,40,car's door,258,0.6439184204552525,0.8353861213423485
20,orthogonal,41,car's window,548,0.7437282763693455,0.8572537909350256
20,orthogonal,42,cat's tail,332,0.5333476764969078,0.883612653442535
20,orthogonal,43,cat's head,890,0.7844435529092725,0.8402419668067707
20,orthogonal,44,cat's eye,645,0.4761646376330723,0.9360316105880017
20,orthogonal,45,cat's torso,871,0.7658821278338317,0.8038640068982964
20,orthogonal,46,cat's neck,601,0.4424926710257713,0.8224389450423134
20,orthogonal,47,cat's leg,670,0.6160358920693397,0.8614882862834788
20,orthogonal,48,cat's nose,589,0.1279105022170143,0.866755303280058
20,orthogonal,49,cat's paw,570,0.651342941454628,0.9272093173443225
20,orthogonal,50,cat's ear,848,0.5080202719688697,0.8866882594126575
20,orthogonal,51,cow's tail,49,0.2791545193414299,0.8677425986650039
20,orthogonal,52,cow's head,180,0.6129497359196345,0.9123779378831387
20,orthogonal,53,cow's eye,60,0.2876984136799971,0.823538526892662
20,orthogonal,54,cow's torso,187,0.6931818181818182,0.8322066233199548
20,orthogonal,55,cow's neck,81,0.27645502653386855,0.8136702165191556
20,orthogonal,56,cow's leg,142,0.44190140845070425,0.8517727889645268
20,orthogonal,57,cow's ear,138,0.2653726712949034,0.8086072527196096
20,orthogonal,58,cow's muzzle,161,0.6300354937774054,0.8601446345402217
20,orthogonal,59,cow's horn,53,0.0023584905660377358,0.2253927648735215
20,orthogonal,60,dog's tail,367,0.3853542234657246,0.8093707638637896
20,orthogonal,61,dog's head,1010,0.7210254600732633,0.8396793289349811
20,orthogonal,62,dog's eye,641,0.3660574997085119,0.9258973703555495
20,orthogonal,63,dog's torso,981,0.7061271298369136,0.7851958262461649
20,orthogonal,64,dog's neck,454,0.5379903505223963,0.8411519569447388
20,orthogonal,65,dog's leg,810,0.6213477366500431,0.8340080896277486
20,orthogonal,66,dog's nose,815,0.0063029506820842535,0.5724228636253099
20,orthogonal,67,dog's paw,629,0.5282610346147101,0.8743220962145749
20,orthogonal,68,dog's ear,899,0.582932094147261,0.8800033841435451
20,orthogonal,69,dog's muzzle,939,0.5506884234147077,0.8095423155826248
20,orthogonal,70,horse's tail,147,0.5090945904352226,0.9062862532073949
20,orthogonal,71,horse's head,282,0.6154255319571664,0.9071104142894136
20,orthogonal,72,horse's eye,104,0.2330700555959573,0.7520304552207773
20,orthogonal,73,horse's torso,293,0.7201365187713311,0.8329929540588588
20,orthogonal,74,horse's neck,233,0.39431330472103004,0.7752079927230597
20,orthogonal,75,horse's leg,265,0.4572327044774901,0.781808516903306
20,orthogonal,76,horse's ear,223,0.28127268945689693,0.8802670312235173
20,orthogonal,77,horse's muzzle,256,0.6160016757203266,0.8807923554559238
20,orthogonal,78,horse's hoof,127,0.024550056598317906,0.36136504003088776
20,orthogonal,79,motorbike's wheel,244,0.7792008196721312,0.8525969427628596
20,orthogonal,80,motorbike's saddle,8,0.015625,0.4744168855249882
20,orthogonal,81,motorbike's handlebar,11,0.14772727272727273,0.7390932711687955
20,orthogonal,82,motorbike's headlight,113,0.21902654867256638,0.8538712009919428
20,orthogonal,83,person's head,1334,0.31687192184322777,0.6061523239422559
20,orthogonal,84,person's eye,585,0.1919739533438642,0.5465232961508645
20,orthogonal,85,person's torso,1273,0.2696208813039693,0.5433567476472382
20,orthogonal,86,person's neck,757,0.1806771726872836,0.4886526044789096
20,orthogonal,87,person's leg,486,0.1164364104346974,0.43825085587040696
20,orthogonal,88,person's foot,135,0.05969135827488369,0.36129421269590106
20,orthogonal,89,person's nose,907,0.15276815337277824,0.6082384590205326
20,orthogonal,90,person's ear,688,0.08812811474727336,0.2800513193996753
20,orthogonal,91,person's eyebrow,432,0.05701884951580454,0.6121349187569985
20,orthogonal,92,person's mouth,712,0.10539559952998429,0.5955234297872992
20,orthogonal,93,person's hair,1082,0.28002706707184943,0.6184896817783758
20,orthogonal,94,person's lower arm,753,0.03728735866457976,0.33996061993896426
20,orthogonal,95,person's upper arm,1043,0.024115418013424567,0.24645588785715308
20,orthogonal,96,person's hand,669,0.0752046412282995,0.3455555102675151
20,orthogonal,97,pottedplant's pot,181,0.6273020258924579,0.8255632066924269
20,orthogonal,98,pottedplant's plant,203,0.5116995074625673,0.7456343976661489
20,orthogonal,99,sheep's tail,56,0.18080357142857142,0.7697682272908943
20,orthogonal,100,sheep's head,217,0.5063364064226502,0.8867633837846017
20,orthogonal,101,sheep's eye,63,0.269860166642401,0.7727904271275278
20,orthogonal,102,sheep's torso,236,0.6001059322033898,0.8339362609184394
20,orthogonal,103,sheep's neck,155,0.3370967741935484,0.8121528237096725
20,orthogonal,104,sheep's leg,53,0.41194968572202717,0.8362353469403285
20,orthogonal,105,sheep's ear,174,0.24607279759713974,0.7578338835945074
20,orthogonal,106,sheep's muzzle,177,0.5721011598736553,0.8780436377740849
20,orthogonal,107,sheep's horn,22,0.0,0.18701387484642593
20,orthogonal,108,train's headlight,16,0.11049107182770967,0.6586678978055716
20,orthogonal,109,train's head,209,0.06714513569927671,0.5342833838964763
20,orthogonal,110,train's front,203,0.4755747126681464,0.7749622867906035
20,orthogonal,111,train's side,246,0.04014227642276423,0.43987332460114625
20,orthogonal,112,train's back,24,0.4293154776096344,0.7322791318098704
20,orthogonal,113,train's roof,48,0.015625,0.26749275733406347
20,orthogonal,114,train's coach,183,0.34910226397501315,0.7520878054405171
20,orthogonal,115,tvmonitor's screen,289,0.35423875432525953,0.6966084040778731
21,linear,0,aeroplane's body,462,0.3008658008658009,0.7567930634403641
21,linear,1,aeroplane's stern,414,0.003804347833285585,0.3685388221328961
21,linear,2,aeroplane's wing,409,0.0024449877750611247,0.453499060570465
21,linear,3,aeroplane's tail,1,0.0,0.8353473544120789
21,linear,4,aeroplane's engine,300,0.01375,0.4728300655881564
21,linear,5,aeroplane's wheel,226,0.25903392332581293,0.8927677110233138
21,linear,6,bicycle's wheel,306,0.8063725490196079,0.8403357230370341
21,linear,7,bicycle's saddle,205,0.003048780487804878,0.23364183410275274
21,linear,8,bicycle's handlebar,263,0.43647021548149706,0.9348540236968051
21,linear,9,bicycle's chainwheel,217,0.27764976958525345,0.8854053264938742
21,linear,10,bicycle's headlight,1,1.0,0.9732818007469177
21,linear,11,bird's wing,250,0.21169523870944976,0.6610722309984267
21,linear,12,bird's tail,403,0.49312300632520584,0.9249114412675721
21,linear,13,bird's head,535,0.5219136634441179,0.8776056396069928
21,linear,14,bird's eye,218,0.07722258684011775,0.2328400980048907
21,linear,15,bird's beak,431,0.3444426036558682,0.938138221885378
21,linear,16,bird's torso,575,0.6587908903930498,0.862349045743113
21,linear,17,bird's neck,284,0.3907360835919078,0.8840057548975021
21,linear,18,bird's leg,285,0.2973433584497686,0.892896675958968
21,linear,19,bird's foot,199,0.08279492732268481,0.6939344057934967
21,linear,20,bottle's body,432,0.6698495370370371,0.8246392637353253
21,linear,21,bottle's cap,326,0.4072633654884765,0.8565760708065486
21,linear,22,bus's wheel,233,0.6207592484137531,0.9332101306690167
21,linear,23,bus's headlight,155,0.24806451614825956,0.8325520849996998
21,linear,24,bus's front,183,0.30327868852459017,0.7814124584849415
21,linear,25,bus's side,245,0.19285714285714287,0.7012765597323982
21,linear,26,bus's back,53,0.6580188679245284,0.81538251604674
21,linear,27,bus's roof,20,0.40625,0.7094061829149723
21,linear,28,bus's mirror,117,0.003205128205128205,0.2561888315866136
21,linear,29,bus's license plate,4,0.09375,0.6089838892221451
21,linear,30,bus's door,104,0.33121566015940446,0.7496216331536953
21,linear,31,bus's window,261,0.8481800766283525,0.8241142500406025
21,linear,32,car's wheel,515,0.7391539533740108,0.8866747543649766
21,linear,33,car's headlight,289,0.5431743287400803,0.9032704670845844
21,linear,34,car's front,365,0.494530332741672,0.7051498736420723
21,linear,35,car's side,515,0.21812297739450215,0.6162550638022932
21,linear,36,car's back,195,0.6394993895903612,0.8563685342287406
21,linear,37,car's roof,132,0.3746031750783776,0.8233459169665972
21,linear,38,car's mirror,279,0.0013440860215053765,0.20259299273953163
21,linear,39,car's license plate,8,0.13125000149011612,0.6568208485841751
21,linear,40,car's door,258,0.6171373202241668,0.8561238477858462
21,linear,41,car's window,548,0.753126087224614,0.8450028342024906
21,linear,42,cat's tail,332,0.5420933735657887,0.9035299061292625
21,linear,43,cat's head,890,0.7912118780479003,0.8350182204517755
21,linear,44,cat's eye,645,0.48046327184799104,0.9440757686835389
21,linear,45,cat's torso,871,0.8206700017476876,0.8208473210835703
21,linear,46,cat's neck,601,0.4417241106364572,0.8112105248176714
21,linear,47,cat's leg,670,0.7061567164179104,0.8845116817684316
21,linear,48,cat's nose,589,0.12057765392374709,0.868865287263446
21,linear,49,cat's paw,570,0.6170697579258366,0.9176435849907105
21,linear,50,cat's ear,848,0.481005727893339,0.8738780855640488
21,linear,51,cow's tail,49,0.2857142857142857,0.8941385527046359
21,linear,52,cow's head,180,0.5661044975121816,0.878263707458973
21,linear,53,cow's eye,60,0.27029761920372647,0.8393468171358108
21,linear,54,cow's torso,187,0.7451298702209391,0.8509736649970957
21,linear,55,cow's neck,81,0.24537037037037038,0.7944273036203267
21,linear,56,cow's leg,142,0.4480633802816901,0.8551417030918766
21,linear,57,cow's ear,138,0.2354554873013842,0.7799848833161852
21,linear,58,cow's muzzle,161,0.6055235147291089,0.8621482805852194
21,linear,59,cow's horn,53,0.0023584905660377358,0.19291100791602764
21,linear,60,dog's tail,367,0.40169002225353545,0.839847842947014
21,linear,61,dog's head,1010,0.7292208865432456,0.8201610487286407
21,linear,62,dog's eye,641,0.3606548551324749,0.925388241427923
21,linear,63,dog's torso,981,0.7574292511264361,0.7970133579500346
21,linear,64,dog's neck,454,0.521908433065803,0.829742279281175
21,linear,65,dog's leg,810,0.6541740154042656,0.8357565592100591
21,linear,66,dog's nose,815,0.011279579411986415,0.5867577858132087
21,linear,67,dog's paw,629,0.49625823316304973,0.8785051514523396
21,linear,68,dog's ear,899,0.5540759575545987,0.8697816347983045
21,linear,69,dog's muzzle,939,0.5571796244230515,0.8036873856870829
21,linear,70,horse's tail,147,0.5392209268143388,0.9188345594166898
21,linear,71,horse's head,282,0.5658687943368094,0.8860339959885212
21,linear,72,horse's eye,104,0.23384844382795003,0.7886646948038385
21,linear,73,horse's torso,293,0.7529863481228669,0.840444479430088
21,linear,74,horse's neck,233,0.39860515021459225,0.7770435327879861
21,linear,75,horse's leg,265,0.5267295597859148,0.7902371862868093
21,linear,76,horse's ear,223,0.24573457234376214,0.8560961361289559
21,linear,77,horse's muzzle,256,0.6162062884541228,0.8895212494535372
21,linear,78,horse's hoof,127,0.010714285838322377,0.3561223034607613
21,linear,79,motorbike's wheel,244,0.7838114754098361,0.8480238400277544
21,linear,80,motorbike's saddle,8,0.015625,0.3741455674171448
21,linear,81,motorbike's handlebar,11,0.17045454545454544,0.7446283400058746
21,linear,82,motorbike's headlight,113,0.12831858407079647,0.8022898171855285
21,linear,83,person's head,1334,0.31706646772875063,0.5898599512819229
21,linear,84,person's eye,585,0.1875722438097,0.6065654984022626
21,linear,85,person's torso,1273,0.2830116344032003,0.5608175528509717
21,linear,86,person's neck,757,0.1873844131099028,0.5594113082151314
21,linear,87,person's leg,486,0.07925729987062054,0.4653380311251361
21,linear,88,person's foot,135,0.03925925945794141,0.3364756055314232
21,linear,89,person's nose,907,0.16646059853042236,0.6188471051022336
21,linear,90,person's ear,688,0.16534987637816473,0.47186515401428847
21,linear,91,person's eyebrow,432,0.0356674383704861,0.6329009373741293
21,linear,92,person's mouth,712,0.09903859035268928,0.6024589356207655
21,linear,93,person's hair,1082,0.4001562372814044,0.7143091010020154
21,linear,94,person's lower arm,753,0.022023019147109225,0.2939949898874192
21,linear,95,person's upper arm,1043,0.012735698318550022,0.2289688725288768
21,linear,96,person's hand,669,0.02754466527424229,0.28586369283603136
21,linear,97,pottedplant's pot,181,0.6378255723589692,0.8337591010562623
21,linear,98,pottedplant's plant,203,0.4656814452022167,0.7052111853042553
21,linear,99,sheep's tail,56,0.22767857142857142,0.8308824710547924
21,linear,100,sheep's head,217,0.4599901252353246,0.8616056929810256
21,linear,101,sheep's eye,63,0.25506424832911717,0.7662297079250926
21,linear,102,sheep's torso,236,0.6393008474576272,0.8421607571890799
21,linear,103,sheep's neck,155,0.2838709677419355,0.759282971389832
21,linear,104,sheep's leg,53,0.44339622641509435,0.8456605093659095
21,linear,105,sheep's ear,174,0.2481390260930719,0.7721590696052573
21,linear,106,sheep's muzzle,177,0.5481907471088366,0.885253510906198
21,linear,107,sheep's horn,22,0.0,0.188493772494522
21,linear,108,train's headlight,16,0.1171875,0.6932919304817915
21,linear,109,train's head,209,0.0735645933014354,0.5485435480064753
21,linear,110,train's front,203,0.4316502463054187,0.8210186917206337
21,linear,111,train's side,246,0.043191056910569105,0.4417763280916989
21,linear,112,train's back,24,0.4052083343267441,0.7477424430350462
21,linear,113,train's roof,48,0.010416666666666666,0.2803087909705937
21,linear,114,train's coach,183,0.32604735886138647,0.7463859964589603
21,linear,115,tvmonitor's screen,289,0.17214532871972318,0.6486779764346186
21,orthogonal,0,aeroplane's body,462,0.28165584415584416,0.7654074025683073
21,orthogonal,1,aeroplane's stern,414,0.012580515321902032,0.449523707896759
21,orthogonal,2,aeroplane's wing,409,0.00519559902200489,0.46127443999270645
21,orthogonal,3,aeroplane's tail,1,0.125,0.832436203956604
21,orthogonal,4,aeroplane's engine,300,0.06373015880584716,0.502439922640721
21,orthogonal,5,aeroplane's wheel,226,0.27360935555358906,0.900309206242055
21,orthogonal,6,bicycle's wheel,306,0.8123638344551224,0.8421315404714322
21,orthogonal,7,bicycle's saddle,205,0.007317073170731708,0.21193730387745835
21,orthogonal,8,bicycle's handlebar,263,0.4215779467680608,0.9386347364563452
21,orthogonal,9,bicycle's chainwheel,217,0.3588709677419355,0.9001920929152845
21,orthogonal,10,bicycle's headlight,1,1.0,0.977587103843689
21,orthogonal,11,bird's wing,250,0.2731285717487335,0.6350284630097449
21,orthogonal,12,bird's tail,403,0.44913446784906885,0.9154768160939513
21,orthogonal,13,bird's head,535,0.6160057861949796,0.9129352054584806
21,orthogonal,14,bird's eye,218,0.2023427268370576,0.33540948367583645
21,orthogonal,15,bird's beak,431,0.3098000233383577,0.9169729867141927
21,orthogonal,16,bird's torso,575,0.5500372672340145,0.8433129552136297
21,orthogonal,17,bird's neck,284,0.38297283728147896,0.8862795842103135
21,orthogonal,18,bird's leg,285,0.25901420231451067,0.8574935145545424
21,orthogonal,19,bird's foot,199,0.15757358306316874,0.8032841736347831
21,orthogonal,20,bottle's body,432,0.6052276234797858,0.8168846410871656
21,orthogonal,21,bottle's cap,326,0.40094580780143385,0.8307172199196976
21,orthogonal,22,bus's wheel,233,0.6145207440648468,0.9281762995689212
21,orthogonal,23,bus's headlight,155,0.16129032258064516,0.7196999249919769
21,orthogonal,24,bus's front,183,0.26434426229508196,0.7703062300799323
21,orthogonal,25,bus's side,245,0.18600583100805476,0.6977738079976062
21,orthogonal,26,bus's back,53,0.5047169811320755,0.7799399946376963
21,orthogonal,27,bus's roof,20,0.23482142984867097,0.5525715313851833
21,orthogonal,28,bus's mirror,117,0.00747863260599283,0.3286338751960514
21,orthogonal,29,bus's license plate,4,0.19375000149011612,0.6852120459079742
21,orthogonal,30,bus's door,104,0.453136447387246,0.7154645535808343
21,orthogonal,31,bus's window,261,0.8323754789272031,0.8256993985724175
21,orthogonal,32,car's wheel,515,0.7313546003357878,0.8790766342100009
21,orthogonal,33,car's headlight,289,0.5406368432057358,0.8813808034963674
21,orthogonal,34,car's front,365,0.51181343785704,0.7341014603637669
21,orthogonal,35,car's side,515,0.23292880272402347,0.6265866034528584
21,orthogonal,36,car's back,195,0.5879914530576804,0.856214303848071
21,orthogonal,37,car's roof,132,0.2774621213250088,0.7292401538879583
21,orthogonal,38,car's mirror,279,0.175866189609719,0.5773780846527667
21,orthogonal,39,car's license plate,8,0.15029762126505375,0.80460574477911
21,orthogonal,40,car's door,258,0.6544804360515387,0.8378938161009966
21,orthogonal,41,car's window,548,0.7452207164172708,0.8585168677959999
21,orthogonal,42,cat's tail,332,0.5344771945691971,0.8855512007532349
21,orthogonal,43,cat's head,890,0.7856326914905163,0.8403257470284955
21,orthogonal,44,cat's eye,645,0.47644887541153635,0.9357030125840228
21,orthogonal,45,cat's torso,871,0.765308075020973,0.8033696410645026
21,orthogonal,46,cat's neck,601,0.4432057682021882,0.8236865474658084
21,orthogonal,47,cat's leg,670,0.6246002133435278,0.8646805824850923
21,orthogonal,48,cat's nose,589,0.12735871952944175,0.8653560808032802
21,orthogonal,49,cat's paw,570,0.650079365780479,0.9269436587105717
21,orthogonal,50,cat's ear,848,0.5110105011120157,0.8876605057069715
21,orthogonal,51,cow's tail,49,0.2791545193414299,0.8694945871829987
21,orthogonal,52,cow's head,180,0.6168518523375194,0.9128777367373307
21,orthogonal,53,cow's eye,60,0.2897817470133305,0.8240190282464027
21,orthogonal,54,cow's torso,187,0.69451871657754,0.8345924526612389
21,orthogonal,55,cow's neck,81,0.27799823641041177,0.815207161285259
21,orthogonal,56,cow's leg,142,0.44454225352112675,0.8525321303119122
21,orthogonal,57,cow's ear,138,0.2657953766377076,0.8094435045900552
21,orthogonal,58,cow's muzzle,161,0.6271887028254337,0.8598606843061699
21,orthogonal,59,cow's horn,53,0.0023584905660377358,0.22469263325252062
21,orthogonal,60,dog's tail,367,0.38739782019596986,0.8140243986971697
21,orthogonal,61,dog's head,1010,0.7233946255823173,0.838783247060705
21,orthogonal,62,dog's eye,641,0.3662376497492961,0.9262086955507907
21,orthogonal,63,dog's torso,981,0.704980340846088,0.7846475630983422
21,orthogonal,64,dog's neck,454,0.5397393541320306,0.8414711285924071
21,orthogonal,65,dog's leg,810,0.6236625514648578,0.8348186739248994
21,orthogonal,66,dog's nose,815,0.006463628440546843,0.5726318439091641
21,orthogonal,67,dog's paw,629,0.5295896741705214,0.8749943772398989
21,orthogonal,68,dog's ear,899,0.5865617884743598,0.8808843678441541
21,orthogonal,69,dog's muzzle,939,0.5536829971245175,0.8107110043874564
21,orthogonal,70,horse's tail,147,0.5090945904352226,0.9064975093011143
21,orthogonal,71,horse's head,282,0.616755319191209,0.9069237553692878
21,orthogonal,72,horse's eye,104,0.2340430409575884,0.7574575483942261
21,orthogonal,73,horse's torso,293,0.7197098976109215,0.8328573047707919
21,orthogonal,74,horse's neck,233,0.4055793991416309,0.7803082207113888
21,orthogonal,75,horse's leg,265,0.46084905660377357,0.7820931840477124
21,orthogonal,76,horse's ear,223,0.2826179809233533,0.8809025041391497
21,orthogonal,77,horse's muzzle,256,0.6142578142462298,0.8811041946173646
21,orthogonal,78,horse's hoof,127,0.031111736349233494,0.3672973477670292
21,orthogonal,79,motorbike's wheel,244,0.7781762295081968,0.8518893049388635
21,orthogonal,80,motorbike's saddle,8,0.015625,0.48063014820218086
21,orthogonal,81,motorbike's handlebar,11,0.1379870135675777,0.7408998337658969
21,orthogonal,82,motorbike's headlight,113,0.2345132743362832,0.859016562985108
21,orthogonal,83,person's head,1334,0.3197883207691663,0.6067197981105162
21,orthogonal,84,person's eye,585,0.1932214096061185,0.5477043939316566
21,orthogonal,85,person's torso,1273,0.2716997724439062,0.5442753396567999
21,orthogonal,86,person's neck,757,0.1812213004580262,0.4914115893253454
21,orthogonal,87,person's leg,486,0.11497893435842216,0.43956946090837257
21,orthogonal,88,person's foot,135,0.05969135827488369,0.35820862207285786
21,orthogonal,89,person's nose,907,0.15348873927351395,0.6090681059717261
21,orthogonal,90,person's ear,688,0.09179644254144541,0.28642064109776266
21,orthogonal,91,person's eyebrow,432,0.05628858054815619,0.6119692257693883
21,orthogonal,92,person's mouth,712,0.10430042828652966,0.5964306574157868
21,orthogonal,93,person's hair,1082,0.2800743780107463,0.6207515898181294
21,orthogonal,94,person's lower arm,753,0.035129324136027304,0.3374044768553064
21,orthogonal,95,person's upper arm,1043,0.02287700320821709,0.24262441512356198
21,orthogonal,96,person's hand,669,0.07488433375219593,0.3454989737139177
21,orthogonal,97,pottedplant's pot,181,0.6279926336272645,0.8254667405265471
21,orthogonal,98,pottedplant's plant,203,0.5135467981029613,0.7459649943145625
21,orthogonal,99,sheep's tail,56,0.18080357142857142,0.7710173623636365
21,orthogonal,100,sheep's head,217,0.5067972358882702,0.8863853252565805
21,orthogonal,101,sheep's eye,63,0.269860166642401,0.7731204821713387
21,orthogonal,102,sheep's torso,236,0.6022245762711864,0.83497473408105
21,orthogonal,103,sheep's neck,155,0.3387096774193548,0.8134626440463527
21,orthogonal,104,sheep's leg,53,0.41666666685410264,0.8383817068248425
21,orthogonal,105,sheep's ear,174,0.25181992403392134,0.7614253782506647
21,orthogonal,106,sheep's muzzle,177,0.5708568767134079,0.8779781427087083
21,orthogonal,107,sheep's horn,22,0.0,0.18615769713439725
21,orthogonal,108,train's headlight,16,0.11049107182770967,0.6586678922176361
21,orthogonal,109,train's head,209,0.0667065391272449,0.5370340295955895
21,orthogonal,110,train's front,203,0.4780377668553385,0.7770974001126923
21,orthogonal,111,train's side,246,0.04014227642276423,0.43991869706206205
21,orthogonal,112,train's back,24,0.4241071442763011,0.7296927322944006
21,orthogonal,113,train's roof,48,0.015625,0.2680205791257322
21,orthogonal,114,train's coach,183,0.34400208180393677,0.7524059639602411
21,orthogonal,115,tvmonitor's screen,289,0.34558823529411764,0.6952794141629163
22,linear,0,aeroplane's body,462,0.29274891774891776,0.7528336680296696
22,linear,1,aeroplane's stern,414,0.003804347833285585,0.36788950457377134
22,linear,2,aeroplane's wing,409,0.0024449877750611247,0.4539235537020093
22,linear,3,aeroplane's tail,1,0.0,0.8353472948074341
22,linear,4,aeroplane's engine,300,0.0125,0.47216028238336244
22,linear,5,aeroplane's wheel,226,0.2596660346056508,0.8933893982815532
22,linear,6,bicycle's wheel,306,0.8088235294117647,0.8406045421276217
22,linear,7,bicycle's saddle,205,0.003658536585365854,0.23318109866685985
22,linear,8,bicycle's handlebar,263,0.4345690747970864,0.9343136708772681
22,linear,9,bicycle's chainwheel,217,0.27764976958525345,0.886514169005205
22,linear,10,bicycle's headlight,1,1.0,0.973281741142273
22,linear,11,bird's wing,250,0.2087095245718956,0.6622557681836188
22,linear,12,bird's tail,403,0.4972586556714463,0.925342035796447
22,linear,13,bird's head,535,0.5153693822221221,0.8753372326632527
22,linear,14,bird's eye,218,0.0666721281381922,0.22281095638461068
22,linear,15,bird's beak,431,0.346605348096093,0.938933910702608
22,linear,16,bird's torso,575,0.6581076605682787,0.8615958639590636
22,linear,17,bird's neck,284,0.3909247152927056,0.8842037264782359
22,linear,18,bird's leg,285,0.29690476195854054,0.8938434733633409
22,linear,19,bird's foot,199,0.07680067030628722,0.6910854919471933
22,linear,20,bottle's body,432,0.6704282407407407,0.8243658539873583
22,linear,21,bottle's cap,326,0.4084136722369428,0.8581605866048599
22,linear,22,bus's wheel,233,0.6202227677270579,0.9332917938928236
22,linear,23,bus's headlight,155,0.2502688172363466,0.8351966846373773
22,linear,24,bus's front,183,0.3128415300546448,0.7820502636862583
22,linear,25,bus's side,245,0.1826530612244898,0.6981851774819043
22,linear,26,bus's back,53,0.6650943396226415,0.8144585687034535
22,linear,27,bus's roof,20,0.4125,0.7151260651648045
22,linear,28,bus's mirror,117,0.003205128205128205,0.2552389226790167
22,linear,29,bus's license plate,4,0.09375,0.6089838892221451
22,linear,30,bus's door,104,0.31759386566969067,0.7451988728000567
22,linear,31,bus's window,261,0.8496168582375478,0.8251566457565717
22,linear,32,car's wheel,515,0.7406079524350397,0.8871641979923526
22,linear,33,car's headlight,289,0.5451721867166176,0.9042095430066429
22,linear,34,car's front,365,0.49658512726222,0.7045133895253481
22,linear,35,car's side,515,0.2137540453556672,0.6141983076496031
22,linear,36,car's back,195,0.641697191962829,0.8562703134157719
22,linear,37,car's roof,132,0.3789682551992662,0.8284057877732046
22,linear,38,car's mirror,279,0.0013440860215053765,0.2011026358181831
22,linear,39,car's license plate,8,0.2875000014901161,0.6859056130051613
22,linear,40,car's door,258,0.6190753047202908,0.8560146728689356
22,linear,41,car's window,548,0.7532890172824808,0.8439072866237511
22,linear,42,cat's tail,332,0.5428463856139815,0.9025899502168219
22,linear,43,cat's head,890,0.790308988764045,0.8303191206240085
22,linear,44,cat's eye,645,0.47830011197762895,0.9439346162905526
22,linear,45,cat's torso,871,0.8206905035556527,0.8210307117786801
22,linear,46,cat's neck,601,0.4448835274542429,0.8133216750701137
22,linear,47,cat's leg,670,0.7074626865671642,0.8841871055649287
22,linear,48,cat's nose,589,0.11760651640252467,0.8675490418395284
22,linear,49,cat's paw,570,0.6171950712015755,0.9175498728166547
22,linear,50,cat's ear,848,0.48969002704153647,0.8775033591982891
22,linear,51,cow's tail,49,0.2821428572036782,0.8931811378926647
22,linear,52,cow's head,180,0.5609788361522886,0.8769041845368014
22,linear,53,cow's eye,60,0.26946428592006366,0.8408037096261978
22,linear,54,cow's torso,187,0.7491405654081049,0.8520369390673178
22,linear,55,cow's neck,81,0.24537037037037038,0.7971101866828071
22,linear,56,cow's leg,142,0.44366197183098594,0.8549922574573839
22,linear,57,cow's ear,138,0.24252933134203372,0.7887416946283285
22,linear,58,cow's muzzle,161,0.6042221245928581,0.861628504018791
22,linear,59,cow's horn,53,0.0023584905660377358,0.1933638407093174
22,linear,60,dog's tail,367,0.40169326599677185,0.8403800595602482
22,linear,61,dog's head,1010,0.7243941538699783,0.8155835269553826
22,linear,62,dog's eye,641,0.3575904468617834,0.9251052114223355
22,linear,63,dog's torso,981,0.7575202661126882,0.796935974002249
22,linear,64,dog's neck,454,0.5216331026693273,0.8308848202523944
22,linear,65,dog's leg,810,0.6546369783672286,0.8357094061227492
22,linear,66,dog's nose,815,0.011586327878244084,0.5885326009952218
22,linear,67,dog's paw,629,0.49427095176400365,0.8782928740821886
22,linear,68,dog's ear,899,0.5615021983561447,0.8724556985301887
22,linear,69,dog's muzzle,939,0.5570629856393488,0.8032525771350081
22,linear,70,horse's tail,147,0.5417719472225021,0.920241978957134
22,linear,71,horse's head,282,0.5627659574573767,0.8829735506933631
22,linear,72,horse's eye,104,0.2302999089543636,0.7924095511866304
22,linear,73,horse's torso,293,0.753839590443686,0.8401562836491614
22,linear,74,horse's neck,233,0.40565603926713883,0.7793506946686511
22,linear,75,horse's leg,265,0.5253144654462922,0.7903011572529685
22,linear,76,horse's ear,223,0.2487241089210382,0.8588235096947494
22,linear,77,horse's muzzle,256,0.6143926718505099,0.8895365234930068
22,linear,78,horse's hoof,127,0.00973003386981844,0.3551100255760152
22,linear,79,motorbike's wheel,244,0.7807377049180327,0.8474570103600377
22,linear,80,motorbike's saddle,8,0.015625,0.37190601974725723
22,linear,81,motorbike's handlebar,11,0.17045454545454544,0.7373885295607827
22,linear,82,motorbike's headlight,113,0.12831858407079647,0.8021462145632348
22,linear,83,person's head,1334,0.3175421226574206,0.5903974356551444
22,linear,84,person's eye,585,0.1877574288437509,0.6073354400917251
22,linear,85,person's torso,1273,0.2825777137714957,0.5612913170794299
22,linear,86,person's neck,757,0.1861672023485957,0.5597180649761204
22,linear,87,person's leg,486,0.071237507517691,0.4626115367636698
22,linear,88,person's foot,135,0.038862434250337106,0.3356074972147191
22,linear,89,person's nose,907,0.16753688342910356,0.6192289690975852
22,linear,90,person's ear,688,0.1693729244952285,0.48198563451432014
22,linear,91,person's eyebrow,432,0.03547453711292258,0.6327483106439037
22,linear,92,person's mouth,712,0.09868746675718366,0.6024066405396993
22,linear,93,person's hair,1082,0.4029629885076154,0.7167230899968183
22,linear,94,person's lower arm,753,0.02162461271719787,0.2917621895481658
22,linear,95,person's upper arm,1043,0.01301534036719102,0.2278921371147265
22,linear,96,person's hand,669,0.02622962501373348,0.28431398076351916
22,linear,97,pottedplant's pot,181,0.6385161800937758,0.8342176417290177
22,linear,98,pottedplant's plant,203,0.46383415456182264,0.7039067612896706
22,linear,99,sheep's tail,56,0.22767857142857142,0.8325117778565202
22,linear,100,sheep's head,217,0.4572196622048655,0.8603328522723941
22,linear,101,sheep's eye,63,0.25506424832911717,0.7680341541057542
22,linear,102,sheep's torso,236,0.638771186440678,0.8421123455894195
22,linear,103,sheep's neck,155,0.2911290322580645,0.7634293817704724
22,linear,104,sheep's leg,53,0.4481132075471698,0.8461263947329432
22,linear,105,sheep's ear,174,0.25170361293458393,0.7781758452283924
22,linear,106,sheep's muzzle,177,0.5448614491917992,0.8851506827914782
22,linear,107,sheep's horn,22,0.0,0.19318463991988788
22,linear,108,train's headlight,16,0.1171875,0.6935127917677164
22,linear,109,train's head,209,0.07416267942583732,0.5536211474874373
22,linear,110,train's front,203,0.4304187192118227,0.8222045903575832
22,linear,111,train's side,246,0.043191056910569105,0.44080180184143347
22,linear,112,train's back,24,0.4270833333333333,0.7527816481888294
22,linear,113,train's roof,48,0.010416666666666666,0.28038188178713125
22,linear,114,train's coach,183,0.32604735886138647,0.7465918363769197
22,linear,115,tvmonitor's screen,289,0.16003460207612458,0.6440714728151639
22,orthogonal,0,aeroplane's body,462,0.2727272727272727,0.7605778037921175
22,orthogonal,1,aeroplane's stern,414,0.011674718220452756,0.452701423569146
22,orthogonal,2,aeroplane's wing,409,0.004584352078239609,0.45920143624389664
22,orthogonal,3,aeroplane's tail,1,0.125,0.8324362635612488
22,orthogonal,4,aeroplane's engine,300,0.06198412711421648,0.4972773081064224
22,orthogonal,5,aeroplane's wheel,226,0.27345132794791616,0.903448720157674
22,orthogonal,6,bicycle's wheel,306,0.8135893246512008,0.8422393481326259
22,orthogonal,7,bicycle's saddle,205,0.006707317073170732,0.2103221215852877
22,orthogonal,8,bicycle's handlebar,263,0.4206273764258555,0.9383196382014923
22,orthogonal,9,bicycle's chainwheel,217,0.36059907834101385,0.9027130506280381
22,orthogonal,10,bicycle's headlight,1,1.0,0.977587103843689
22,orthogonal,11,bird's wing,250,0.2621285717487335,0.6288951063193381
22,orthogonal,12,bird's tail,403,0.45014770192188897,0.9155306156456618
22,orthogonal,13,bird's head,535,0.611633289556637,0.9118213892818612
22,orthogonal,14,bird's eye,218,0.19685452246884688,0.3317924293373293
22,orthogonal,15,bird's beak,431,0.30983593095344625,0.9177803083943104
22,orthogonal,16,bird's torso,575,0.5537329194079275,0.84455921297488
22,orthogonal,17,bird's neck,284,0.38649396404204234,0.8872854029366248
22,orthogonal,18,bird's leg,285,0.2604135339720207,0.8577854506802141
22,orthogonal,19,bird's foot,199,0.1624192398546928,0.8059082020766771
22,orthogonal,20,bottle's body,432,0.6040702160723783,0.8161569645076439
22,orthogonal,21,bottle's cap,326,0.4040132924640106,0.834093579508227
22,orthogonal,22,bus's wheel,233,0.615057224751542,0.9282267550286305
22,orthogonal,23,bus's headlight,155,0.17096774193548386,0.735364937301605
22,orthogonal,24,bus's front,183,0.27117486338797814,0.7725476765893197
22,orthogonal,25,bus's side,245,0.18549562692642213,0.6968155320809812
22,orthogonal,26,bus's back,53,0.5094339622641509,0.7811801394201675
22,orthogonal,27,bus's roof,20,0.22857142984867096,0.5521435149013996
22,orthogonal,28,bus's mirror,117,0.006868132031880892,0.33134586539151323
22,orthogonal,29,bus's license plate,4,0.19375000149011612,0.6970713138580322
22,orthogonal,30,bus's door,104,0.4518200551661161,0.7185434305037444
22,orthogonal,31,bus's window,261,0.835727969348659,0.8287511618658044
22,orthogonal,32,car's wheel,515,0.7311118818891859,0.8792517740677283
22,orthogonal,33,car's headlight,289,0.5466633714915972,0.8865147399036117
22,orthogonal,34,car's front,365,0.5153326811039285,0.7351907010356041
22,orthogonal,35,car's side,515,0.2302588998114021,0.6247970718492581
22,orthogonal,36,car's back,195,0.5950427351089624,0.8573794979315538
22,orthogonal,37,car's roof,132,0.2828282830164288,0.7301966625858437
22,orthogonal,38,car's mirror,279,0.1796296305660706,0.5846758396081012
22,orthogonal,39,car's license plate,8,0.15446428768336773,0.8027728721499443
22,orthogonal,40,car's door,258,0.6616602069878763,0.8414058780600858
22,orthogonal,41,car's window,548,0.7462091591127598,0.8586063145992965
22,orthogonal,42,cat's tail,332,0.5333476764969078,0.8866486211408333
22,orthogonal,43,cat's head,890,0.7868967364343364,0.8407002458872085
22,orthogonal,44,cat's eye,645,0.47724806336007375,0.9365500084940315
22,orthogonal,45,cat's torso,871,0.7660256410370464,0.8035461849925438
22,orthogonal,46,cat's neck,601,0.44674154191267074,0.8260873352330854
22,orthogonal,47,cat's leg,670,0.6307835821117928,0.8672843922207605
22,orthogonal,48,cat's nose,589,0.12611569261814015,0.8638406246141586
22,orthogonal,49,cat's paw,570,0.6494256481528282,0.9267148866465217
22,orthogonal,50,cat's ear,848,0.5134532234438185,0.8886697822654585
22,orthogonal,51,cow's tail,49,0.27842565610700726,0.8703154368059975
22,orthogonal,52,cow's head,180,0.6165542334318161,0.9126662597060203
22,orthogonal,53,cow's eye,60,0.2897817470133305,0.8242198725541433
22,orthogonal,54,cow's torso,187,0.69451871657754,0.835667333739964
22,orthogonal,55,cow's neck,81,0.279541446286955,0.8165964789596605
22,orthogonal,56,cow's leg,142,0.44190140845070425,0.8537433613354052
22,orthogonal,57,cow's ear,138,0.26947895167530445,0.8118103946680608
22,orthogonal,58,cow's muzzle,161,0.6257098506881583,0.8598053819320587
22,orthogonal,59,cow's horn,53,0.0023584905660377358,0.2252728557917026
22,orthogonal,60,dog's tail,367,0.3857629428280147,0.8154366350547494
22,orthogonal,61,dog's head,1010,0.7257142861290733,0.838337747103507
22,orthogonal,62,dog's eye,641,0.3665013745915313,0.926337568789674
22,orthogonal,63,dog's torso,981,0.7060506772496771,0.784492091058348
22,orthogonal,64,dog's neck,454,0.5415748899991292,0.8429686076249845
22,orthogonal,65,dog's leg,810,0.6258230452920184,0.8346660686679829
22,orthogonal,66,dog's nose,815,0.006638913286244211,0.572702393429411
22,orthogonal,67,dog's paw,629,0.5305303207025619,0.8754946466991367
22,orthogonal,68,dog's ear,899,0.5897054931644072,0.8819321737406118
22,orthogonal,69,dog's muzzle,939,0.5575865927183082,0.8123742730472796
22,orthogonal,70,horse's tail,147,0.5068108197174915,0.9069559687659854
22,orthogonal,71,horse's head,282,0.6168186424154762,0.9065713239899764
22,orthogonal,72,horse's eye,104,0.23387133759947923,0.7586512087772672
22,orthogonal,73,horse's torso,293,0.7192832764505119,0.8325822728689213
22,orthogonal,74,horse's neck,233,0.411480686695279,0.7833896278695487
22,orthogonal,75,horse's leg,265,0.4696540880878017,0.7815222995882889
22,orthogonal,76,horse's ear,223,0.28341874947996953,0.8814511413731917
22,orthogonal,77,horse's muzzle,256,0.6126534615177661,0.8812076157773845
22,orthogonal,78,horse's hoof,127,0.02835583076702328,0.3700947479352238
22,orthogonal,79,motorbike's wheel,244,0.7776639344262295,0.8518801109224069
22,orthogonal,80,motorbike's saddle,8,0.015625,0.4746040999889374
22,orthogonal,81,motorbike's handlebar,11,0.12662337720394135,0.740907300602306
22,orthogonal,82,motorbike's headlight,113,0.24668141592920353,0.8637889866280345
22,orthogonal,83,person's head,1334,0.32205325983900357,0.6068943375660486
22,orthogonal,84,person's eye,585,0.19181929312200627,0.5492782234938608
22,orthogonal,85,person's torso,1273,0.27076179315888405,0.5444144698535512
22,orthogonal,86,person's neck,757,0.18373278080629704,0.49465270728042626
22,orthogonal,87,person's leg,486,0.1124069178975168,0.44072891985652624
22,orthogonal,88,person's foot,135,0.05932098792658912,0.3588545588569509
22,orthogonal,89,person's nose,907,0.15360949327296433,0.6093431806855125
22,orthogonal,90,person's ear,688,0.10133928593334764,0.29694368811303934
22,orthogonal,91,person's eyebrow,432,0.05384700217594703,0.6101121846295428
22,orthogonal,92,person's mouth,712,0.10248628970277443,0.598320542337645
22,orthogonal,93,person's hair,1082,0.2833663417566946,0.6255765380647701
22,orthogonal,94,person's lower arm,753,0.03477360415031235,0.33781584104953477
22,orthogonal,95,person's upper arm,1043,0.022725197492829904,0.24012742318036187
22,orthogonal,96,person's hand,669,0.07297850419142143,0.34543641570187067
22,orthogonal,97,pottedplant's pot,181,0.6307550645664911,0.8253635075869481
22,orthogonal,98,pottedplant's plant,203,0.5147783251965574,0.7459374951391384
22,orthogonal,99,sheep's tail,56,0.17857142857142858,0.7725316263469202
22,orthogonal,100,sheep's head,217,0.5045369770120366,0.8854540743723444
22,orthogonal,101,sheep's eye,63,0.269860166642401,0.7740981000519934
22,orthogonal,102,sheep's torso,236,0.6032838983050848,0.8354374354673644
22,orthogonal,103,sheep's neck,155,0.34129032261909975,0.8152955603215002
22,orthogonal,104,sheep's leg,53,0.4237421385522159,0.8376386719492247
22,orthogonal,105,sheep's ear,174,0.25441981458115853,0.7638280598082762
22,orthogonal,106,sheep's muzzle,177,0.5708568767134079,0.8778805315157788
22,orthogonal,107,sheep's horn,22,0.0,0.18741052005101333
22,orthogonal,108,train's headlight,16,0.11049107182770967,0.6648542638868093
22,orthogonal,109,train's head,209,0.06730462525164682,0.5394187232381419
22,orthogonal,110,train's front,203,0.47923997191372764,0.7804912905681309
22,orthogonal,111,train's side,246,0.04014227642276423,0.4402553549990421
22,orthogonal,112,train's back,24,0.4241071442763011,0.731147105495135
22,orthogonal,113,train's roof,48,0.015625,0.267914243042469
22,orthogonal,114,train's coach,183,0.34240827485511866,0.7527187764644623
22,orthogonal,115,tvmonitor's screen,289,0.3412629757785467,0.6938268111238842
23,linear,0,aeroplane's body,462,0.2813852813852814,0.746514377655921
23,linear,1,aeroplane's stern,414,0.0035024154661358266,0.3652255848446042
23,linear,2,aeroplane's wing,409,0.0024449877750611247,0.45452658209066227
23,linear,3,aeroplane's tail,1,0.0,0.821372926235199
23,linear,4,aeroplane's engine,300,0.012083333333333333,0.47062063922484715
23,linear,5,aeroplane's wheel,226,0.261325326641049,0.8939677269849102
23,linear,6,bicycle's wheel,306,0.8108660130718954,0.8410791583310545
23,linear,7,bicycle's saddle,205,0.0024390243902439024,0.23292446229152564
23,linear,8,bicycle's handlebar,263,0.43422053233072333,0.9339021893055267
23,linear,9,bicycle's chainwheel,217,0.277073732718894,0.887026925927483
23,linear,10,bicycle's headlight,1,1.0,0.9699500799179077
23,linear,11,bird's wing,250,0.20310476273298264,0.6622145452797413
23,linear,12,bird's tail,403,0.49997932210601587,0.9254626622862615
23,linear,13,bird's head,535,0.5088740551304595,0.8730623680575986
23,linear,14,bird's eye,218,0.06287134179008116,0.2205220464053094
23,linear,15,bird's beak,431,0.34682631807233233,0.9392874053832826
23,linear,16,bird's torso,575,0.6568033127421918,0.8603507120972095
23,linear,17,bird's neck,284,0.3947392693707641,0.8853571487616905
23,linear,18,bird's leg,285,0.29865914792345283,0.8952316304047903
23,linear,19,bird's foot,199,0.07365996678869928,0.6876806569608611
23,linear,20,bottle's body,432,0.6712962962962963,0.8243733102938643
23,linear,21,bottle's cap,326,0.41160896882140563,0.859123289562259
23,linear,22,bus's wheel,233,0.6202227677270579,0.9330708627537084
23,linear,23,bus's headlight,155,0.2524193548387097,0.8376380389736545
23,linear,24,bus's front,183,0.31830601092896177,0.7824666397493394
23,linear,25,bus's side,245,0.18112244897959184,0.6970401574154289
23,linear,26,bus's back,53,0.6698113207547169,0.8147622779855188
23,linear,27,bus's roof,20,0.4125,0.7143232807517051
23,linear,28,bus's mirror,117,0.002136752136752137,0.2529079814751943
23,linear,29,bus's license plate,4,0.09375,0.6093914061784744
23,linear,30,bus's door,104,0.3097527479896179,0.7445098193219075
23,linear,31,bus's window,261,0.8515325670498084,0.8262530726262893
23,linear,32,car's wheel,515,0.7414123907251265,0.8871916774117831
23,linear,33,car's headlight,289,0.5490649202806315,0.9057621045817966
23,linear,34,car's front,365,0.5024070450704392,0.7050918799557098
23,linear,35,car's side,515,0.21173139165327387,0.6114853117361809
23,linear,36,car's back,195,0.6459279612088815,0.8555323327199007
23,linear,37,car's roof,132,0.37856241078539327,0.8294594439141678
23,linear,38,car's mirror,279,0.0013440860215053765,0.1991129254206254
23,linear,39,car's license plate,8,0.2875000014901161,0.6859056055545807
23,linear,40,car's door,258,0.6260658915537273,0.8572669769673384
23,linear,41,car's window,548,0.7529957429064016,0.843343937008159
23,linear,42,cat's tail,332,0.544352409710367,0.9031567655234451
23,linear,43,cat's head,890,0.7893258426966292,0.8245292300483986
23,linear,44,cat's eye,645,0.47714285845904386,0.9439308521879274
23,linear,45,cat's torso,871,0.8216745941701904,0.8214781604253876
23,linear,46,cat's neck,601,0.44529950083194675,0.8136270541121281
23,linear,47,cat's leg,670,0.7078358208955224,0.8839447425817376
23,linear,48,cat's nose,589,0.11633317175057221,0.8670856334357594
23,linear,49,cat's paw,570,0.6161090227072699,0.9167245020991878
23,linear,50,cat's ear,848,0.4986045598316024,0.8806855261396125
23,linear,51,cow's tail,49,0.28724489802000475,0.8940174342418203
23,linear,52,cow's head,180,0.5588955028189553,0.8753436491721206
23,linear,53,cow's eye,60,0.26946428592006366,0.8417553702990214
23,linear,54,cow's torso,187,0.750891265703395,0.8521702031400752
23,linear,55,cow's neck,81,0.2515432098765432,0.7979344431264901
23,linear,56,cow's leg,142,0.4410211267605634,0.8546522994276503
23,linear,57,cow's ear,138,0.24830917927665988,0.7940492692632951
23,linear,58,cow's muzzle,161,0.6037562859724768,0.8621994298853859
23,linear,59,cow's horn,53,0.0023584905660377358,0.19436253157426725
23,linear,60,dog's tail,367,0.40271506436189447,0.8407343843449364
23,linear,61,dog's head,1010,0.7205044791545018,0.8121052353025073
23,linear,62,dog's eye,641,0.35534321408654895,0.924430918767932
23,linear,63,dog's torso,981,0.7567108394416708,0.7965612717876619
23,linear,64,dog's neck,454,0.5221837634622788,0.832423287932043
23,linear,65,dog's leg,810,0.6557172252808088,0.8354022840658824
23,linear,66,dog's nose,815,0.012528483889585624,0.5909031165889436
23,linear,67,dog's paw,629,0.4939775911584757,0.878340009250493
23,linear,68,dog's ear,899,0.5670400975609781,0.874326362277695
23,linear,69,dog's muzzle,939,0.5552436742729272,0.8029058109790372
23,linear,70,horse's tail,147,0.5429624233927045,0.9203707185022685
23,linear,71,horse's head,282,0.5614361702233341,0.8810899240750794
23,linear,72,horse's eye,104,0.23199404804752424,0.7950944197722353
23,linear,73,horse's torso,293,0.7559726962457338,0.8399009345029401
23,linear,74,horse's neck,233,0.4131667688808728,0.7824190673398358
23,linear,75,horse's leg,265,0.5264150943396226,0.7904801331882206
23,linear,76,horse's ear,223,0.25360879809867104,0.8618875237457421
23,linear,77,horse's muzzle,256,0.6141136538935825,0.8894693682668731
23,linear,78,horse's hoof,127,0.00944881892110419,0.35142671052865154
23,linear,79,motorbike's wheel,244,0.7807377049180327,0.846943450877901
23,linear,80,motorbike's saddle,8,0.015625,0.3719060178846121
23,linear,81,motorbike's handlebar,11,0.17045454545454544,0.738338524645025
23,linear,82,motorbike's headlight,113,0.12831858407079647,0.8012844276639213
23,linear,83,person's head,1334,0.3178018143308395,0.5887977743599525
23,linear,84,person's eye,585,0.18663207282367936,0.6079094669184624
23,linear,85,person's torso,1273,0.28264691656673413,0.5616824802557022
23,linear,86,person's neck,757,0.18579134535994207,0.560200453609169
23,linear,87,person's leg,486,0.07098030587160048,0.46233406933906024
23,linear,88,person's foot,135,0.038862434250337106,0.3372688941795517
23,linear,89,person's nose,907,0.17052160545181413,0.6201773063257099
23,linear,90,person's ear,688,0.1724235198872034,0.4874185245933531
23,linear,91,person's eyebrow,432,0.03528163585535906,0.6325338738625524
23,linear,92,person's mouth,712,0.09851190495943085,0.6024179535138348
23,linear,93,person's hair,1082,0.4052922289246993,0.7169786288532947
23,linear,94,person's lower arm,753,0.020528995203148638,0.2888371002115804
23,linear,95,person's upper arm,1043,0.011744966457239847,0.22650141792446876
23,linear,96,person's hand,669,0.025010676973781957,0.28152763767596695
23,linear,97,pottedplant's pot,181,0.6388121546961326,0.8338966358103146
23,linear,98,pottedplant's plant,203,0.4650656816554187,0.7032937583481443
23,linear,99,sheep's tail,56,0.22767857142857142,0.8328866548836231
23,linear,100,sheep's head,217,0.45203533040763044,0.8591656389599023
23,linear,101,sheep's eye,63,0.25506424832911717,0.7701373035827327
23,linear,102,sheep's torso,236,0.6398305084745762,0.8424632623791695
23,linear,103,sheep's neck,155,0.29274193548387095,0.7666928875830865
23,linear,104,sheep's leg,53,0.4481132075471698,0.846170185028382
23,linear,105,sheep's ear,174,0.25088259483548414,0.7796618219079643
23,linear,106,sheep's muzzle,177,0.5463007819012734,0.8846153364343158
23,linear,107,sheep's horn,22,0.0,0.18466324130581183
23,linear,108,train's headlight,16,0.12611607182770967,0.7014053892344236
23,linear,109,train's head,209,0.07535885167464115,0.5540006257700578
23,linear,110,train's front,203,0.4353448275862069,0.8244447184754122
23,linear,111,train's side,246,0.042682926829268296,0.44040729905047066
23,linear,112,train's back,24,0.4270833333333333,0.7521099261939526
23,linear,113,train's roof,48,0.010416666666666666,0.2803127000418802
23,linear,114,train's coach,183,0.32673041897067606,0.7470453430394657
23,linear,115,tvmonitor's screen,289,0.14619377162629757,0.6402127858264224
23,orthogonal,0,aeroplane's body,462,0.2616341991341991,0.7542006308575729
23,orthogonal,1,aeroplane's stern,414,0.011372785853302998,0.45444517595252554
23,orthogonal,2,aeroplane's wing,409,0.003667481662591687,0.45591057509111016
23,orthogonal,3,aeroplane's tail,1,0.125,0.8324362635612488
23,orthogonal,4,aeroplane's engine,300,0.05704365094502767,0.4926870656013489
23,orthogonal,5,aeroplane's wheel,226,0.2736093558173264,0.9037019760735268
23,orthogonal,6,bicycle's wheel,306,0.813997821383227,0.8428835364338619
23,orthogonal,7,bicycle's saddle,205,0.004878048780487805,0.20897438177248326
23,orthogonal,8,bicycle's handlebar,263,0.4206273764258555,0.9386477320819753
23,orthogonal,9,bicycle's chainwheel,217,0.36324884794000106,0.9049862410340991
23,orthogonal,10,bicycle's headlight,1,1.0,0.977587103843689
23,orthogonal,11,bird's wing,250,0.2541571433544159,0.6249384527243674
23,orthogonal,12,bird's tail,403,0.4493619285653306,0.9161769892678367
23,orthogonal,13,bird's head,535,0.6093235432266075,0.9107918774134645
23,orthogonal,14,bird's eye,218,0.19673438267696888,0.33317348611361663
23,orthogonal,15,bird's beak,431,0.3106286610431295,0.9180914896546827
23,orthogonal,16,bird's torso,575,0.5547039339075918,0.8455422261486882
23,orthogonal,17,bird's neck,284,0.3915492960999549,0.8894496645621011
23,orthogonal,18,bird's leg,285,0.2587218046711202,0.8567621307414874
23,orthogonal,19,bird's foot,199,0.16566762447956218,0.8116191227232391
23,orthogonal,20,bottle's body,432,0.6052276234797858,0.8161136694942359
23,orthogonal,21,bottle's cap,326,0.409308355278764,0.8381644589083692
23,orthogonal,22,bus's wheel,233,0.6166666668116279,0.9287153325111569
23,orthogonal,23,bus's headlight,155,0.17983870967741936,0.7434989090888731
23,orthogonal,24,bus's front,183,0.28005464480874315,0.7733920820749522
23,orthogonal,25,bus's side,245,0.1833333334144281,0.6970880828341659
23,orthogonal,26,bus's back,53,0.5094339622641509,0.7813963693267895
23,orthogonal,27,bus's roof,20,0.23482142984867097,0.5537330053746701
23,orthogonal,28,bus's mirror,117,0.007071632223251538,0.3296304229551401
23,orthogonal,29,bus's license plate,4,0.19375000149011612,0.6956981420516968
23,orthogonal,30,bus's door,104,0.45610119130175847,0.7240981346426102
23,orthogonal,31,bus's window,261,0.8381226053639846,0.830568040353585
23,orthogonal,32,car's wheel,515,0.730626444995982,0.8791932343785623
23,orthogonal,33,car's headlight,289,0.5495880710212417,0.8912850085220535
23,orthogonal,34,car's front,365,0.5184246578036922,0.7355975408668387
23,orthogonal,35,car's side,515,0.22792417951000546,0.6238320852367624
23,orthogonal,36,car's back,195,0.6010256410409243,0.8591371355912625
23,orthogonal,37,car's roof,132,0.28219696980985726,0.7338369564350807
23,orthogonal,38,car's mirror,279,0.18535159677801166,0.5955219366404104
23,orthogonal,39,car's license plate,8,0.15000000037252903,0.8049731254577637
23,orthogonal,40,car's door,258,0.6658361021631448,0.8436451242991196
23,orthogonal,41,car's window,548,0.748262078820789,0.8592617585167398
23,orthogonal,42,cat's tail,332,0.5338855421686747,0.8874350096805986
23,orthogonal,43,cat's head,890,0.7889031569609481,0.8409257896997956
23,orthogonal,44,cat's eye,645,0.4776633457388989,0.9367009361411712
23,orthogonal,45,cat's torso,871,0.767173746662764,0.8039334576179185
23,orthogonal,46,cat's neck,601,0.44674154191267074,0.8270121982906901
23,orthogonal,47,cat's leg,670,0.6374644634216579,0.8690563609573378
23,orthogonal,48,cat's nose,589,0.12550933803281478,0.8632346356259137
23,orthogonal,49,cat's paw,570,0.6486424401402473,0.9260484377673843
23,orthogonal,50,cat's ear,848,0.5163325473385038,0.8898110719713962
23,orthogonal,51,cow's tail,49,0.2835276969233338,0.873673422604191
23,orthogonal,52,cow's head,180,0.6200264556540384,0.9115239522523351
23,orthogonal,53,cow's eye,60,0.2897817470133305,0.8261606569091479
23,orthogonal,54,cow's torso,187,0.6911764705882353,0.8359611772279688
23,orthogonal,55,cow's neck,81,0.2826278660400414,0.818048409105819
23,orthogonal,56,cow's leg,142,0.44630281690140844,0.8532559922043707
23,orthogonal,57,cow's ear,138,0.27305900694235513,0.813977502502393
23,orthogonal,58,cow's muzzle,161,0.6249630300339705,0.8593658595027761
23,orthogonal,59,cow's horn,53,0.0023584905660377358,0.22476576196627235
23,orthogonal,60,dog's tail,367,0.38524069034111275,0.8168814603127641
23,orthogonal,61,dog's head,1010,0.7253076384120648,0.837562558645069
23,orthogonal,62,dog's eye,641,0.3666926679345263,0.9263599298301614
23,orthogonal,63,dog's torso,981,0.7057958352517159,0.7841699620391737
23,orthogonal,64,dog's neck,454,0.5431088736929032,0.8435087317543408
23,orthogonal,65,dog's leg,810,0.6296810699833764,0.8350160815649562
23,orthogonal,66,dog's nose,815,0.006638913286244211,0.5730817312477556
23,orthogonal,67,dog's paw,629,0.532491104946796,0.8781947520323133
23,orthogonal,68,dog's ear,899,0.5935814929618454,0.8832767428426244
23,orthogonal,69,dog's muzzle,939,0.5612632497208822,0.8135101105521916
23,orthogonal,70,horse's tail,147,0.5080012959890625,0.9095104932785034
23,orthogonal,71,horse's head,282,0.6172619048268237,0.906265710579588
23,orthogonal,72,horse's eye,104,0.23387133759947923,0.759860381269111
23,orthogonal,73,horse's torso,293,0.7188566552901023,0.8331377991433844
23,orthogonal,74,horse's neck,233,0.41702432054306815,0.786089614289513
23,orthogonal,75,horse's leg,265,0.47484276733308467,0.7810903196064931
23,orthogonal,76,horse's ear,223,0.28558082504390064,0.8822748404113167
23,orthogonal,77,horse's muzzle,256,0.6130254850722849,0.8810775677557103
23,orthogonal,78,horse's hoof,127,0.03203974535146097,0.3881347948523957
23,orthogonal,79,motorbike's wheel,244,0.7761270491803278,0.8515422312451191
23,orthogonal,80,motorbike's saddle,8,0.015625,0.45340531319379807
23,orthogonal,81,motorbike's handlebar,11,0.13636363636363635,0.7391037019816312
23,orthogonal,82,motorbike's headlight,113,0.27323008849557523,0.8714531306671885
23,orthogonal,83,person's head,1334,0.32210145009377195,0.606320838168343
23,orthogonal,84,person's eye,585,0.19379120991270765,0.5517929181966007
23,orthogonal,85,person's torso,1273,0.27140051686005245,0.5449148158907513
23,orthogonal,86,person's neck,757,0.18326571158562815,0.4960288012116075
23,orthogonal,87,person's leg,486,0.11056486422142374,0.44249489030383005
23,orthogonal,88,person's foot,135,0.058703704123143796,0.3588257619076305
23,orthogonal,89,person's nose,907,0.15582637781279352,0.6079374194071272
23,orthogonal,90,person's ear,688,0.10188434415951718,0.3017958141836273
23,orthogonal,91,person's eyebrow,432,0.05276399954325623,0.6098677551953761
23,orthogonal,92,person's mouth,712,0.10213516610726882,0.5987666271662266
23,orthogonal,93,person's hair,1082,0.2889886463608407,0.6293486515438793
23,orthogonal,94,person's lower arm,753,0.035935622742609835,0.33829030619963885
23,orthogonal,95,person's upper arm,1043,0.021789252629444675,0.23796158831045103
23,orthogonal,96,person's hand,669,0.07176133564858515,0.34615044459917754
23,orthogonal,97,pottedplant's pot,181,0.6279926336272645,0.8261822117955645
23,orthogonal,98,pottedplant's plant,203,0.5160098522901535,0.745860837143043
23,orthogonal,99,sheep's tail,56,0.17857142857142858,0.7729507427928703
23,orthogonal,100,sheep's head,217,0.5031380303169725,0.8852847631213852
23,orthogonal,101,sheep's eye,63,0.26906651589605546,0.7739513524704509
23,orthogonal,102,sheep's torso,236,0.6048728813559322,0.8363859120566967
23,orthogonal,103,sheep's neck,155,0.342096774232003,0.816061205440952
23,orthogonal,104,sheep's leg,53,0.43081761025032905,0.8392504400239801
23,orthogonal,105,sheep's ear,174,0.25585659619035395,0.7645913524360493
23,orthogonal,106,sheep's muzzle,177,0.5697471109655617,0.8777394244226359
23,orthogonal,107,sheep's horn,22,0.0,0.18639282848347316
23,orthogonal,108,train's headlight,16,0.11049107182770967,0.6648542657494545
23,orthogonal,109,train's head,209,0.06838687634068813,0.539565537962617
23,orthogonal,110,train's front,203,0.47783251231527096,0.7802940784710382
23,orthogonal,111,train's side,246,0.04014227642276423,0.44074920831414743
23,orthogonal,112,train's back,24,0.4129464291036129,0.726446067293485
23,orthogonal,113,train's roof,48,0.015625,0.2697761633122961
23,orthogonal,114,train's coach,183,0.3437743950736979,0.752901961406072
23,orthogonal,115,tvmonitor's screen,289,0.3360726643598616,0.6924177499997162
24,linear,0,aeroplane's body,462,0.2694805194805195,0.7397924956434216
24,linear,1,aeroplane's stern,414,0.003200483098986068,0.36438366831932667
24,linear,2,aeroplane's wing,409,0.0024449877750611247,0.45561600460108453
24,linear,3,aeroplane's tail,1,0.0,0.8213729858398438
24,linear,4,aeroplane's engine,300,0.011666666666666667,0.4700357356667519
24,linear,5,aeroplane's wheel,226,0.2599188790912122,0.8939195627396086
24,linear,6,bicycle's wheel,306,0.809640522875817,0.8410683021046756
24,linear,7,bicycle's saddle,205,0.0024390243902439024,0.23174825228932427
24,linear,8,bicycle's handlebar,263,0.43136882130410736,0.9337047114118424
24,linear,9,bicycle's chainwheel,217,0.2764976958525346,0.8877459382681253
24,linear,10,bicycle's headlight,1,1.0,0.9753702878952026
24,linear,11,bird's wing,250,0.2001714294552803,0.6634678136408328
24,linear,12,bird's tail,403,0.5018403642896387,0.9252563008747385
24,linear,13,bird's head,535,0.505965732859674,0.8720353727307275
24,linear,14,bird's eye,218,0.06102009678105696,0.2178205097470125
24,linear,15,bird's beak,431,0.34942271617476733,0.9399049413107388
24,linear,16,bird's torso,575,0.6570207040465397,0.860062963185103
24,linear,17,bird's neck,284,0.39621478917313296,0.8859418384258596
24,linear,18,bird's leg,285,0.2990977444146809,0.8962389699199743
24,linear,19,bird's foot,199,0.07321129492179833,0.6852222696770376
24,linear,20,bottle's body,432,0.6741898148148148,0.8249544526829764
24,linear,21,bottle's cap,326,0.41314271115269396,0.8606133505564891
24,linear,22,bus's wheel,233,0.621065808659971,0.932867255589481
24,linear,23,bus's headlight,155,0.2581797235435055,0.8407228062229771
24,linear,24,bus's front,183,0.32650273224043713,0.7837726670861895
24,linear,25,bus's side,245,0.1816326530612245,0.6966128646111002
24,linear,26,bus's back,53,0.6768867924528302,0.8166473119888665
24,linear,27,bus's roof,20,0.41875,0.7143833108246327
24,linear,28,bus's mirror,117,0.002136752136752137,0.2495420906278822
24,linear,29,bus's license plate,4,0.09375,0.6093914061784744
24,linear,30,bus's door,104,0.3018200552234283,0.7420411995397165
24,linear,31,bus's window,261,0.8529693486590039,0.8261303360434784
24,linear,32,car's wheel,515,0.743596856744544,0.8881403020863394
24,linear,33,car's headlight,289,0.551227550038417,0.9066221680505053
24,linear,34,car's front,365,0.5036366601921107,0.7041887525009782
24,linear,35,car's side,515,0.20809061495424475,0.6087401057909994
24,linear,36,car's back,195,0.6553724056635147,0.8562539710448338
24,linear,37,car's roof,132,0.38361291576063994,0.8299938024896564
24,linear,38,car's mirror,279,0.0013440860215053765,0.19695360788417893
24,linear,39,car's license plate,8,0.29270833544433117,0.7012790217995644
24,linear,40,car's door,258,0.6265503876777583,0.8583529876877171
24,linear,41,car's window,548,0.749474279446541,0.8409932917867698
24,linear,42,cat's tail,332,0.5454819277826563,0.9029700422143362
24,linear,43,cat's head,890,0.785814606741573,0.8187068752693326
24,linear,44,cat's eye,645,0.4749335561149804,0.9436755596725054
24,linear,45,cat's torso,871,0.8221051337798345,0.8216587633886786
24,linear,46,cat's neck,601,0.44675540765391014,0.8150347161808744
24,linear,47,cat's leg,670,0.7076492537313432,0.8837356739524586
24,linear,48,cat's nose,589,0.11463537888130226,0.86619885657963
24,linear,49,cat's paw,570,0.6144674187166649,0.9161287047361073
24,linear,50,cat's ear,848,0.5069505279391723,0.8838762381237071
24,linear,51,cow's tail,49,0.289795918428168,0.8939056341745415
24,linear,52,cow's head,180,0.5604695768819915,0.8748600974678993
24,linear,53,cow's eye,60,0.26916666676600776,0.8440788095196088
24,linear,54,cow's torso,187,0.7502673797428927,0.8524292986341976
24,linear,55,cow's neck,81,0.25462962962962965,0.7992398760936879
24,linear,56,cow's leg,142,0.44366197183098594,0.8549118188905044
24,linear,57,cow's ear,138,0.25395962779504666,0.8053279402463333
24,linear,58,cow's muzzle,161,0.6041555760069663,0.8620182520345502
24,linear,59,cow's horn,53,0.0023584905660377358,0.194442444393095
24,linear,60,dog's tail,367,0.4036687428197679,0.8411851456688275
24,linear,61,dog's head,1010,0.7189250354424561,0.8094964674793848
24,linear,62,dog's eye,641,0.35371443461888297,0.9239966429525902
24,linear,63,dog's torso,981,0.7580323772206826,0.7969444845399604
24,linear,64,dog's neck,454,0.5236128593265748,0.8328874500279647
24,linear,65,dog's leg,810,0.6544165197713876,0.835007641510463
24,linear,66,dog's nose,815,0.013653228253674654,0.5928256036313765
24,linear,67,dog's paw,629,0.49238776603923884,0.8778031750186828
24,linear,68,dog's ear,899,0.5711504848170466,0.8759573339189385
24,linear,69,dog's muzzle,939,0.5543092962144155,0.8023928728934548
24,linear,70,horse's tail,147,0.5412617431205957,0.9203535564193109
24,linear,71,horse's head,282,0.557890070932554,0.878385621182462
24,linear,72,horse's eye,104,0.22766712508522546,0.7964536018956166
24,linear,73,horse's torso,293,0.7551194539249146,0.8400385232813936
24,linear,74,horse's neck,233,0.4180972818525052,0.7849610189511541
24,linear,75,horse's leg,265,0.5264150943396226,0.790518815759218
24,linear,76,horse's ear,223,0.2560751657983113,0.8627884546336572
24,linear,77,horse's muzzle,256,0.6116722476435825,0.8890731689753011
24,linear,78,horse's hoof,127,0.008202099776643467,0.3469876893392698
24,linear,79,motorbike's wheel,244,0.78125,0.8464623777592768
24,linear,80,motorbike's saddle,8,0.015625,0.37190601974725723
24,linear,81,motorbike's handlebar,11,0.18181818181818182,0.7464524182406339
24,linear,82,motorbike's headlight,113,0.12831858407079647,0.8011293168616506
24,linear,83,person's head,1334,0.31757246457163185,0.5886832780638959
24,linear,84,person's eye,585,0.18352869481612474,0.6095982926841984
24,linear,85,person's torso,1273,0.28219709792946235,0.5617821402920926
24,linear,86,person's neck,757,0.18658080248253192,0.561766318612716
24,linear,87,person's leg,486,0.07012296713306089,0.4626569012409927
24,linear,88,person's foot,135,0.038333333532015484,0.33439270166887175
24,linear,89,person's nose,907,0.17171339413034087,0.620545006681094
24,linear,90,person's ear,688,0.17486330394654773,0.493011639781058
24,linear,91,person's eyebrow,432,0.03287037041176249,0.6314453866712197
24,linear,92,person's mouth,712,0.09798521956617243,0.6019895813922304
24,linear,93,person's hair,1082,0.40875583242576796,0.7179567539576414
24,linear,94,person's lower arm,753,0.018702965986681173,0.28657117682220945
24,linear,95,person's upper arm,1043,0.011625119860883184,0.22517907535050097
24,linear,96,person's hand,669,0.02248380672860395,0.2773242828809282
24,linear,97,pottedplant's pot,181,0.638121546961326,0.834109615390472
24,linear,98,pottedplant's plant,203,0.4656814452022167,0.701996989713367
24,linear,99,sheep's tail,56,0.22767857142857142,0.8340187110006809
24,linear,100,sheep's head,217,0.4503072198085521,0.8584709377607442
24,linear,101,sheep's eye,63,0.25345805003529503,0.7676565337275701
24,linear,102,sheep's torso,236,0.6414194915254238,0.8420146909558167
24,linear,103,sheep's neck,155,0.29354838709677417,0.7675781342291063
24,linear,104,sheep's leg,53,0.44575471698113206,0.8460314344122725
24,linear,105,sheep's ear,174,0.2539477289236825,0.785038898217267
24,linear,106,sheep's muzzle,177,0.5463344113806546,0.8845868625883329
24,linear,107,sheep's horn,22,0.0,0.19265412666242232
24,linear,108,train's headlight,16,0.12611607182770967,0.699087793007493
24,linear,109,train's head,209,0.07655502392344497,0.5576457806894083
24,linear,110,train's front,203,0.437192118226601,0.8271299068416867
24,linear,111,train's side,246,0.041666666666666664,0.43972068419301413
24,linear,112,train's back,24,0.421875,0.7514981801311175
24,linear,113,train's roof,48,0.010416666666666666,0.2806708094043036
24,linear,114,train's coach,183,0.32673041897067606,0.7474298114007939
24,linear,115,tvmonitor's screen,289,0.13538062283737023,0.6356648151024815
24,orthogonal,0,aeroplane's body,462,0.24891774891774893,0.7452722620460894
24,orthogonal,1,aeroplane's stern,414,0.01107085348615324,0.45755024551265483
24,orthogonal,2,aeroplane's wing,409,0.003667481662591687,0.4542847787255471
24,orthogonal,3,aeroplane's tail,1,0.125,0.8324362635612488
24,orthogonal,4,aeroplane's engine,300,0.055376984278361005,0.4895096679031849
24,orthogonal,5,aeroplane's wheel,226,0.27434681896614815,0.9044988110529638
24,orthogonal,6,bicycle's wheel,306,0.8139005603353962,0.8430012741120033
24,orthogonal,7,bicycle's saddle,205,0.004878048780487805,0.20962385411669568
24,orthogonal,8,bicycle's handlebar,263,0.4230038022813688,0.938913425111952
24,orthogonal,9,bicycle's chainwheel,217,0.3638248848063605,0.9056175565389993
24,orthogonal,10,bicycle's headlight,1,1.0,0.977587103843689
24,orthogonal,11,bird's wing,250,0.2516714289188385,0.6217748738564551
24,orthogonal,12,bird's tail,403,0.4510014181397393,0.9163863760957647
24,orthogonal,13,bird's head,535,0.6094993332557589,0.910012906149169
24,orthogonal,14,bird's eye,218,0.19242027162685307,0.3295766505745983
24,orthogonal,15,bird's beak,431,0.3103690210323599,0.9182016142144834
24,orthogonal,16,bird's torso,575,0.5599648034831752,0.8472866011702496
24,orthogonal,17,bird's neck,284,0.39375000032530705,0.8899397994326034
24,orthogonal,18,bird's leg,285,0.25477443625006757,0.855120790527578
24,orthogonal,19,bird's foot,199,0.16733668422579168,0.8131871844955425
24,orthogonal,20,bottle's body,432,0.6049382716279339,0.8155291173607111
24,orthogonal,21,bottle's cap,326,0.41122553319287447,0.8417102391917282
24,orthogonal,22,bus's wheel,233,0.6166666668116279,0.9287296289282295
24,orthogonal,23,bus's headlight,155,0.18870967741935485,0.7540519994112753
24,orthogonal,24,bus's front,183,0.29030054644808745,0.7753653264110857
24,orthogonal,25,bus's side,245,0.18153061234221166,0.6962859889682458
24,orthogonal,26,bus's back,53,0.5212264150943396,0.7828260311540568
24,orthogonal,27,bus's roof,20,0.23482142984867097,0.5565501689910889
24,orthogonal,28,bus's mirror,117,0.015618640770260086,0.3334529931919697
24,orthogonal,29,bus's license plate,4,0.19375000149011612,0.6956981420516968
24,orthogonal,30,bus's door,104,0.45813873696785706,0.7293172745177379
24,orthogonal,31,bus's window,261,0.8386015325670498,0.8323429456387443
24,orthogonal,32,car's wheel,515,0.7313546003357878,0.8791326592775803
24,orthogonal,33,car's headlight,289,0.5544200036868092,0.8973007151618548
24,orthogonal,34,car's front,365,0.5221624269469144,0.7346407359185284
24,orthogonal,35,car's side,515,0.22646786883039383,0.6227843649179032
24,orthogonal,36,car's back,195,0.6080769230922063,0.8584338680291788
24,orthogonal,37,car's roof,132,0.2862554114650596,0.7374260517006571
24,orthogonal,38,car's mirror,279,0.18999402732404758,0.6079069273579719
24,orthogonal,39,car's license plate,8,0.16116071678698063,0.8173221424221992
24,orthogonal,40,car's door,258,0.669462901792785,0.8470425181841665
24,orthogonal,41,car's window,548,0.7493526245990809,0.8605260225216838
24,orthogonal,42,cat's tail,332,0.5376506024096386,0.888066373653261
24,orthogonal,43,cat's head,890,0.7886824507726712,0.8407994632473152
24,orthogonal,44,cat's eye,645,0.4784533051557319,0.9371854601269083
24,orthogonal,45,cat's torso,871,0.7676042862724081,0.8037892867448546
24,orthogonal,46,cat's neck,601,0.44832224075290406,0.8289519010883402
24,orthogonal,47,cat's leg,670,0.6428482587212947,0.8699493663969324
24,orthogonal,48,cat's nose,589,0.12529711392415602,0.8623673436192382
24,orthogonal,49,cat's paw,570,0.6490601510332342,0.9260389825884711
24,orthogonal,50,cat's ear,848,0.5188945980988583,0.8905200226197265
24,orthogonal,51,cow's tail,49,0.2835276969233338,0.8749491700104305
24,orthogonal,52,cow's head,180,0.619841270479891,0.9112017127374809
24,orthogonal,53,cow's eye,60,0.2918650803466638,0.8325398673613866
24,orthogonal,54,cow's torso,187,0.6898395721925134,0.8366385897531866
24,orthogonal,55,cow's neck,81,0.28571428579312785,0.819360312488344
24,orthogonal,56,cow's leg,142,0.4480633802816901,0.8541035723518318
24,orthogonal,57,cow's ear,138,0.2757936517397563,0.817739382494187
24,orthogonal,58,cow's muzzle,161,0.6178497499930933,0.8579582869312408
24,orthogonal,59,cow's horn,53,0.0023584905660377358,0.22424986492842436
24,orthogonal,60,dog's tail,367,0.387284287071358,0.818920460298698
24,orthogonal,61,dog's head,1010,0.7273231971234378,0.8370037020728139
24,orthogonal,62,dog's eye,641,0.3667855288095296,0.9266813309069915
24,orthogonal,63,dog's torso,981,0.7064839086279835,0.784725363906492
24,orthogonal,64,dog's neck,454,0.543384204089379,0.8439682632487776
24,orthogonal,65,dog's leg,810,0.6316358025427218,0.8353615118305624
24,orthogonal,66,dog's nose,815,0.006945661770785513,0.5733693198923684
24,orthogonal,67,dog's paw,629,0.5334014690737277,0.8790605710212301
24,orthogonal,68,dog's ear,899,0.5962233172110111,0.8838617003070102
24,orthogonal,69,dog's muzzle,939,0.5636125066028997,0.8145236325657532
24,orthogonal,70,horse's tail,147,0.5071509558530081,0.9101049482416944
24,orthogonal,71,horse's head,282,0.6204913881547908,0.9064217884067103
24,orthogonal,72,horse's eye,104,0.23249771130772737,0.7615153532331953
24,orthogonal,73,horse's torso,293,0.7188566552901023,0.8332655343382839
24,orthogonal,74,horse's neck,233,0.42507153084349736,0.7893102392234516
24,orthogonal,75,horse's leg,265,0.47672955978591486,0.7806682523410275
24,orthogonal,76,horse's ear,223,0.28568759420260187,0.8824905909163535
24,orthogonal,77,horse's muzzle,256,0.6139508943306282,0.8822645239415579
24,orthogonal,78,horse's hoof,127,0.03461754838312705,0.39183590027291004
24,orthogonal,79,motorbike's wheel,244,0.7756147540983607,0.85120184255428
24,orthogonal,80,motorbike's saddle,8,0.015625,0.45340531319379807
24,orthogonal,81,motorbike's handlebar,11,0.13636363636363635,0.7408084164966237
24,orthogonal,82,motorbike's headlight,113,0.28650442477876104,0.8756456274901872
24,orthogonal,83,person's head,1334,0.32436192703658134,0.6067601716394762
24,orthogonal,84,person's eye,585,0.19379120993817972,0.5522694826189779
24,orthogonal,85,person's torso,1273,0.27270976013305703,0.5460343810392051
24,orthogonal,86,person's neck,757,0.18491696650002404,0.4977646027605543
24,orthogonal,87,person's leg,486,0.10984469968595623,0.4454420530946289
24,orthogonal,88,person's foot,135,0.058703704123143796,0.35837653384164525
24,orthogonal,89,person's nose,907,0.15453221073092804,0.6071295979419413
24,orthogonal,90,person's ear,688,0.10589354955266382,0.3085006152247187
24,orthogonal,91,person's eyebrow,432,0.052455357551850657,0.6096480295495389
24,orthogonal,92,person's mouth,712,0.10177066637558883,0.5993860573501305
24,orthogonal,93,person's hair,1082,0.2946395575036183,0.6354300213096294
24,orthogonal,94,person's lower arm,753,0.03554828322503671,0.33829591591541924
24,orthogonal,95,person's upper arm,1043,0.02009427934627862,0.23436319531782682
24,orthogonal,96,person's hand,669,0.07077372096400981,0.34533591207773917
24,orthogonal,97,pottedplant's pot,181,0.6279926336272645,0.8265843959473773
24,orthogonal,98,pottedplant's plant,203,0.5135467981029613,0.7460004580872399
24,orthogonal,99,sheep's tail,56,0.18303571428571427,0.7763711904574718
24,orthogonal,100,sheep's head,217,0.5054970383644104,0.8854223092168158
24,orthogonal,101,sheep's eye,63,0.27105064288018244,0.7735670519963144
24,orthogonal,102,sheep's torso,236,0.6064618644067796,0.8376406861816422
24,orthogonal,103,sheep's neck,155,0.3453225806836159,0.8173101319420722
24,orthogonal,104,sheep's leg,53,0.4237421385522159,0.8388553138049144
24,orthogonal,105,sheep's ear,174,0.25595922348485595,0.7664224129469915
24,orthogonal,106,sheep's muzzle,177,0.5682068902388805,0.878443999479046
24,orthogonal,107,sheep's horn,22,0.0,0.18460427351634612
24,orthogonal,108,train's headlight,16,0.109375,0.6627801544964314
24,orthogonal,109,train's head,209,0.06898496246509005,0.5400732599876144
24,orthogonal,110,train's front,203,0.47967980295566504,0.7798874555109757
24,orthogonal,111,train's side,246,0.0391260162601626,0.44117280804529424
24,orthogonal,112,train's back,24,0.4129464291036129,0.7241231178243955
24,orthogonal,113,train's roof,48,0.015625,0.270980478109171
24,orthogonal,114,train's coach,183,0.3458235754015667,0.7529264976743792
24,orthogonal,115,tvmonitor's screen,289,0.33217993079584773,0.6909859721842109
25,linear,0,aeroplane's body,462,0.25622294372294374,0.7332060843448103
25,linear,1,aeroplane's stern,414,0.0028985507318363096,0.36312465007970296
25,linear,2,aeroplane's wing,409,0.0018337408312958435,0.45570577090847464
25,linear,3,aeroplane's tail,1,0.0,0.8173084855079651
25,linear,4,aeroplane's engine,300,0.010416666666666666,0.4682206656038761
25,linear,5,aeroplane's wheel,226,0.260366624567361,0.8949690422916834
25,linear,6,bicycle's wheel,306,0.8084150326797386,0.8403767450572619
25,linear,7,bicycle's saddle,205,0.0024390243902439024,0.23131361253014424
25,linear,8,bicycle's handlebar,263,0.43136882130410736,0.933209324970898
25,linear,9,bicycle's chainwheel,217,0.27534562211981567,0.8888210157095562
25,linear,10,bicycle's headlight,1,1.0,0.9753702878952026
25,linear,11,bird's wing,250,0.200485715508461,0.6621125603616238
25,linear,12,bird's tail,403,0.5035566587380085,0.9253247806215404
25,linear,13,bird's head,535,0.502085003006124,0.8703047017627787
25,linear,14,bird's eye,218,0.05700087424265135,0.21385533700979084
25,linear,15,bird's beak,431,0.350176776506508,0.9400954149023839
25,linear,16,bird's torso,575,0.6559834369887476,0.8591616438523583
25,linear,17,bird's neck,284,0.3982939307748432,0.8868132696657534
25,linear,18,bird's leg,285,0.29953634090590897,0.8968022503350911
25,linear,19,bird's foot,199,0.07195501351476315,0.6830060894615088
25,linear,20,bottle's body,432,0.6762152777777778,0.8245494828593952
25,linear,21,bottle's cap,326,0.4135261467355161,0.8625725198514257
25,linear,22,bus's wheel,233,0.6206826082242917,0.9327412086495003
25,linear,23,bus's headlight,155,0.2638248848338281,0.8447345424082972
25,linear,24,bus's front,183,0.33060109289617484,0.7845212709708292
25,linear,25,bus's side,245,0.17551020408163265,0.6952624511962034
25,linear,26,bus's back,53,0.6816037735849056,0.8176142056033296
25,linear,27,bus's roof,20,0.41875,0.7128371991217136
25,linear,28,bus's mirror,117,0.002136752136752137,0.24805950551715672
25,linear,29,bus's license plate,4,0.21875,0.7120425254106522
25,linear,30,bus's door,104,0.2967605315721952,0.7418491387596498
25,linear,31,bus's window,261,0.8515325670498084,0.8268060042483597
25,linear,32,car's wheel,515,0.7440822936377479,0.8881689904094899
25,linear,33,car's headlight,289,0.5538227057477595,0.9076419670173453
25,linear,34,car's front,365,0.5098010437537546,0.7053727140165356
25,linear,35,car's side,515,0.20639158582803116,0.6068884879640005
25,linear,36,car's back,195,0.6624236877147968,0.8597897691604418
25,linear,37,car's roof,132,0.3846500725908713,0.8312440780979214
25,linear,38,car's mirror,279,0.0013440860215053765,0.1958498943398463
25,linear,39,car's license plate,8,0.26041666977107525,0.6928568854928017
25,linear,40,car's door,258,0.6310446660301482,0.859354088934817
25,linear,41,car's window,548,0.7497632089376884,0.8407437749288595
25,linear,42,cat's tail,332,0.5466114458549454,0.9034164607165808
25,linear,43,cat's head,890,0.7837078651685393,0.8143123676100473
25,linear,44,cat's eye,645,0.4741565165362617,0.9437131241368231
25,linear,45,cat's torso,871,0.8219821223845849,0.8218601228996478
25,linear,46,cat's neck,601,0.4477953410981697,0.8165618314620064
25,linear,47,cat's leg,670,0.7069029850746269,0.8834743612292987
25,linear,48,cat's nose,589,0.1152720512072785,0.8664079084865913
25,linear,49,cat's paw,570,0.6127652465774301,0.9154389786092858
25,linear,50,cat's ear,848,0.5140259996372855,0.8863034522828629
25,linear,51,cow's tail,49,0.289795918428168,0.8943360295830941
25,linear,52,cow's head,180,0.5590806879931026,0.8741876134441958
25,linear,53,cow's eye,60,0.26708333343267443,0.8437057256698608
25,linear,54,cow's torso,187,0.7482620321493098,0.8522652561333091
25,linear,55,cow's neck,81,0.25308641975308643,0.8013513802010336
25,linear,56,cow's leg,142,0.44454225352112675,0.8548784054500956
25,linear,57,cow's ear,138,0.2591701180174731,0.8105625112851461
25,linear,58,cow's muzzle,161,0.6041555760069663,0.8620374784197496
25,linear,59,cow's horn,53,0.0023584905660377358,0.19408060399428853
25,linear,60,dog's tail,367,0.4044796938954647,0.8411822446929011
25,linear,61,dog's head,1010,0.7157142858251486,0.8064779197963158
25,linear,62,dog's eye,641,0.3522453758859783,0.9235214679363923
25,linear,63,dog's torso,981,0.7573952722257795,0.7968327275018808
25,linear,64,dog's neck,454,0.5255401721019052,0.8341041613156838
25,linear,65,dog's leg,810,0.6530276308824987,0.8345696875342616
25,linear,66,dog's nose,815,0.014742915652280936,0.5948216365524597
25,linear,67,dog's paw,629,0.49119539719981115,0.8777810453965857
25,linear,68,dog's ear,899,0.5761030776979396,0.8779289623073927
25,linear,69,dog's muzzle,939,0.554182514929162,0.8020888168098954
25,linear,70,horse's tail,147,0.5429624233927045,0.9203839965519451
25,linear,71,horse's head,282,0.5531914893617021,0.876496174234025
25,linear,72,horse's eye,104,0.23641254623922017,0.8052033734722779
25,linear,73,horse's torso,293,0.7568259385665529,0.8399597462838827
25,linear,74,horse's neck,233,0.4223891273460675,0.7862035687133478
25,linear,75,horse's leg,265,0.5254716981132076,0.7903289938591561
25,linear,76,horse's ear,223,0.25751654964124143,0.8637050035422158
25,linear,77,horse's muzzle,256,0.6120721731567755,0.8891244166297838
25,linear,78,horse's hoof,127,0.008202099776643467,0.34505827619334845
25,linear,79,motorbike's wheel,244,0.7807377049180327,0.8459815094705487
25,linear,80,motorbike's saddle,8,0.015625,0.37190601602196693
25,linear,81,motorbike's handlebar,11,0.18181818181818182,0.7432322258299048
25,linear,82,motorbike's headlight,113,0.12278761061946902,0.7990569928578571
25,linear,83,person's head,1334,0.3198445429285427,0.587965148221841
25,linear,84,person's eye,585,0.18236263863041868,0.6113099622357095
25,linear,85,person's torso,1273,0.28035293533543576,0.561078827768178
25,linear,86,person's neck,757,0.18689375462273783,0.564207441843997
25,linear,87,person's leg,486,0.06852831685371359,0.46180419838860814
25,linear,88,person's foot,135,0.036851852138837175,0.33303501056852164
25,linear,89,person's nose,907,0.17359820545508292,0.6218580291739972
25,linear,90,person's ear,688,0.17966673702954553,0.4994214295428571
25,linear,91,person's eyebrow,432,0.030844907448799523,0.6304224738075087
25,linear,92,person's mouth,712,0.09780965776841961,0.6014431446746222
25,linear,93,person's hair,1082,0.41142945279420634,0.7188844453812837
25,linear,94,person's lower arm,753,0.019200973915230547,0.28466414262517137
25,linear,95,person's upper arm,1043,0.009684746397421664,0.2230864422617271
25,linear,96,person's hand,669,0.020914300006601307,0.27456259809125366
25,linear,97,pottedplant's pot,181,0.6353591160220995,0.8340083846400456
25,linear,98,pottedplant's plant,203,0.46629720874901476,0.7008765788537822
25,linear,99,sheep's tail,56,0.234375,0.835359233298472
25,linear,100,sheep's head,217,0.4485791092094738,0.85774387014077
25,linear,101,sheep's eye,63,0.25345805003529503,0.7652330205790581
25,linear,102,sheep's torso,236,0.6430084745762712,0.8420523123468383
25,linear,103,sheep's neck,155,0.29516129032258065,0.7681692694464037
25,linear,104,sheep's leg,53,0.4481132075471698,0.84579262559144
25,linear,105,sheep's ear,174,0.2581554464567667,0.7919813987167402
25,linear,106,sheep's muzzle,177,0.5450901282204073,0.8841957897789734
25,linear,107,sheep's horn,22,0.0,0.19112584849988873
25,linear,108,train's headlight,16,0.12611607182770967,0.699087793007493
25,linear,109,train's head,209,0.07655502392344497,0.5579799008711673
25,linear,110,train's front,203,0.44396551724137934,0.8285938949860963
25,linear,111,train's side,246,0.041666666666666664,0.43946020547452014
25,linear,112,train's back,24,0.421875,0.755156351874272
25,linear,113,train's roof,48,0.010416666666666666,0.28067589659864706
25,linear,114,train's coach,183,0.32604735886138647,0.7484505976158413
25,linear,115,tvmonitor's screen,289,0.12802768166089964,0.6328421198991756
25,orthogonal,0,aeroplane's body,462,0.23944805194805194,0.7389656065668895
25,orthogonal,1,aeroplane's stern,414,0.012580515321902032,0.46003299478243515
25,orthogonal,2,aeroplane's wing,409,0.003667481662591687,0.45187644511096925
25,orthogonal,3,aeroplane's tail,1,0.125,0.8324362635612488
25,orthogonal,4,aeroplane's engine,300,0.052154762049516044,0.4861096690098445
25,orthogonal,5,aeroplane's wheel,226,0.2751264228625635,0.9047227836815657
25,orthogonal,6,bicycle's wheel,306,0.8125,0.843363958830927
25,orthogonal,7,bicycle's saddle,205,0.003658536585365854,0.2088213943853611
25,orthogonal,8,bicycle's handlebar,263,0.4234790874524715,0.9387295780979635
25,orthogonal,9,bicycle's chainwheel,217,0.36670506913815776,0.9068492771843062
25,orthogonal,10,bicycle's headlight,1,1.0,0.977587103843689
25,orthogonal,11,bird's wing,250,0.24407619071006775,0.6168799698986113
25,orthogonal,12,bird's tail,403,0.45379298141517355,0.9164991021600019
25,orthogonal,13,bird's head,535,0.6067601254053205,0.9085748949619097
25,orthogonal,14,bird's eye,218,0.18710135504466677,0.32616171230553487
25,orthogonal,15,bird's beak,431,0.3104463605482451,0.9188467387948401
25,orthogonal,16,bird's torso,575,0.56148654261361,0.8487291006419969
25,orthogonal,17,bird's neck,284,0.3975645543508966,0.8909654989313911
25,orthogonal,18,bird's leg,285,0.2552756894053074,0.8547487839272148
25,orthogonal,19,bird's foot,199,0.17032783025473205,0.8184654979250539
25,orthogonal,20,bottle's body,432,0.6063850308871932,0.8151490987726936
25,orthogonal,21,bottle's cap,326,0.413526146689807,0.8445269222959785
25,orthogonal,22,bus's wheel,233,0.6161301861249326,0.9283978083358814
25,orthogonal,23,bus's headlight,155,0.1975806451612903,0.7653889822383081
25,orthogonal,24,bus's front,183,0.29713114754098363,0.7772463263709688
25,orthogonal,25,bus's side,245,0.18102040826057902,0.6954796759449706
25,orthogonal,26,bus's back,53,0.5283018867924528,0.784329687649349
25,orthogonal,27,bus's roof,20,0.2375,0.5590883798897266
25,orthogonal,28,bus's mirror,117,0.016687016838636153,0.32883182489591783
25,orthogonal,29,bus's license plate,4,0.19375000149011612,0.6956981420516968
25,orthogonal,30,bus's door,104,0.46188186882780147,0.7374034472382985
25,orthogonal,31,bus's window,261,0.8390804597701149,0.8335009200134497
25,orthogonal,32,car's wheel,515,0.7308853447147944,0.8792610421270421
25,orthogonal,33,car's headlight,289,0.56181001848828,0.9028250506489335
25,orthogonal,34,car's front,365,0.524559687220887,0.7347817980671583
25,orthogonal,35,car's side,515,0.2245145632225333,0.6221314613680238
25,orthogonal,36,car's back,195,0.6123076923382588,0.8595018989000565
25,orthogonal,37,car's roof,132,0.2890512268200065,0.7416722462935881
25,orthogonal,38,car's mirror,279,0.19676139368592196,0.6144963498210608
25,orthogonal,39,car's license plate,8,0.17901786044239998,0.8217344284057617
25,orthogonal,40,car's door,258,0.6752353269000386,0.8494290207014528
25,orthogonal,41,car's window,548,0.7513338550925255,0.8613929677292378
25,orthogonal,42,cat's tail,332,0.5389952668583536,0.8909984815820872
25,orthogonal,43,cat's head,890,0.7886824507726712,0.840867615666952
25,orthogonal,44,cat's eye,645,0.4788409020780593,0.9370632105384225
25,orthogonal,45,cat's torso,871,0.7673172598659787,0.8035243913856357
25,orthogonal,46,cat's neck,601,0.4491541875083117,0.8293370109627926
25,orthogonal,47,cat's leg,670,0.6472014925373134,0.8709411649784046
25,orthogonal,48,cat's nose,589,0.12317487283756859,0.8607918760772472
25,orthogonal,49,cat's paw,570,0.6486842111537331,0.9255786796018742
25,orthogonal,50,cat's ear,848,0.5208529876017908,0.8912127541975593
25,orthogonal,51,cow's tail,49,0.2835276969233338,0.8797477356025151
25,orthogonal,52,cow's head,180,0.6221097889873717,0.9108757475184069
25,orthogonal,53,cow's eye,60,0.300496032834053,0.8376978854338328
25,orthogonal,54,cow's torso,187,0.6905080213903744,0.8377096684460335
25,orthogonal,55,cow's neck,81,0.28571428579312785,0.8210409118069543
25,orthogonal,56,cow's leg,142,0.4515845070422535,0.8537770635645154
25,orthogonal,57,cow's ear,138,0.2810990347162537,0.8229902058407881
25,orthogonal,58,cow's muzzle,161,0.6172064491865797,0.8579917699329972
25,orthogonal,59,cow's horn,53,0.0023584905660377358,0.2241527956717138
25,orthogonal,60,dog's tail,367,0.38882833792338256,0.8208803614494911
25,orthogonal,61,dog's head,1010,0.7280044795558004,0.8365698019466777
25,orthogonal,62,dog's eye,641,0.3667855288095296,0.9267245585944462
25,orthogonal,63,dog's torso,981,0.7074122616335765,0.78479391404795
25,orthogonal,64,dog's neck,454,0.5450361864682336,0.8454308252830862
25,orthogonal,65,dog's leg,810,0.636596120066113,0.8355182661594432
25,orthogonal,66,dog's nose,815,0.006945661770785513,0.5740492352678732
25,orthogonal,67,dog's paw,629,0.534328867099433,0.8804348211007013
25,orthogonal,68,dog's ear,899,0.599262408257459,0.8845754921999869
25,orthogonal,69,dog's muzzle,939,0.5666565250791807,0.8153705843530905
25,orthogonal,70,horse's tail,147,0.5080012959890625,0.9103864885511852
25,orthogonal,71,horse's head,282,0.6213145897532186,0.9060827374246949
25,orthogonal,72,horse's eye,104,0.23201694210561422,0.7635695450724318
25,orthogonal,73,horse's torso,293,0.7171501706484642,0.8332541641928637
25,orthogonal,74,horse's neck,233,0.43258226045723125,0.792526321285784
25,orthogonal,75,horse's leg,265,0.48066037735849054,0.7794674585450371
25,orthogonal,76,horse's ear,223,0.28519645600575505,0.8822674196330421
25,orthogonal,77,horse's muzzle,256,0.6122628363082185,0.8822999122203328
25,orthogonal,78,horse's hoof,127,0.035911136607485496,0.39245891483045936
25,orthogonal,79,motorbike's wheel,244,0.7756147540983607,0.8508579774958188
25,orthogonal,80,motorbike's saddle,8,0.015625,0.4549599699676037
25,orthogonal,81,motorbike's handlebar,11,0.13636363636363635,0.736950012770566
25,orthogonal,82,motorbike's headlight,113,0.2975663716814159,0.8786930531527088
25,orthogonal,83,person's head,1334,0.3258870572432585,0.6063785684370747
25,orthogonal,84,person's eye,585,0.19373015998265683,0.5545262103693352
25,orthogonal,85,person's torso,1273,0.27241611559140055,0.5465726769613051
25,orthogonal,86,person's neck,757,0.18674750047363095,0.49956787494411065
25,orthogonal,87,person's leg,486,0.1113070747182693,0.4490448600792713
25,orthogonal,88,person's foot,135,0.058703704123143796,0.3584993823258965
25,orthogonal,89,person's nose,907,0.15539980144984403,0.6076179021269149
25,orthogonal,90,person's ear,688,0.10847176121937674,0.31494942556073086
25,orthogonal,91,person's eyebrow,432,0.050760582365371565,0.6101213108491653
25,orthogonal,92,person's mouth,712,0.10162854491827193,0.5994019657026799
25,orthogonal,93,person's hair,1082,0.2959818689087182,0.6372498599881248
25,orthogonal,94,person's lower arm,753,0.035437614754693286,0.33761266983147575
25,orthogonal,95,person's upper arm,1043,0.019472218457027228,0.2335231243184038
25,orthogonal,96,person's hand,669,0.07040002888628186,0.3467352679263806
25,orthogonal,97,pottedplant's pot,181,0.6273020258924579,0.826556378800566
25,orthogonal,98,pottedplant's plant,203,0.5141625616497594,0.7459498822248628
25,orthogonal,99,sheep's tail,56,0.18303571428571427,0.7768878978011864
25,orthogonal,100,sheep's head,217,0.5072251489634887,0.8845490421155631
25,orthogonal,101,sheep's eye,63,0.2869236587531983,0.7853993601978771
25,orthogonal,102,sheep's torso,236,0.6069915254237288,0.8384136912428727
25,orthogonal,103,sheep's neck,155,0.3467741935483871,0.8173809022672714
25,orthogonal,104,sheep's leg,53,0.4237421385522159,0.8382782643696047
25,orthogonal,105,sheep's ear,174,0.2583538595287279,0.7673887541068012
25,orthogonal,106,sheep's muzzle,177,0.5679042269449449,0.878479834330284
25,orthogonal,107,sheep's horn,22,0.0,0.18728011922741478
25,orthogonal,108,train's headlight,16,0.109375,0.6737511921674013
25,orthogonal,109,train's head,209,0.07077922083829578,0.5406489292400305
25,orthogonal,110,train's front,203,0.479064039408867,0.7798157038506616
25,orthogonal,111,train's side,246,0.0391260162601626,0.4413895811734161
25,orthogonal,112,train's back,24,0.4129464291036129,0.7238432715336481
25,orthogonal,113,train's roof,48,0.013020833333333334,0.2681641411036253
25,orthogonal,114,train's coach,183,0.3444574551829875,0.7527210979513783
25,orthogonal,115,tvmonitor's screen,289,0.3265570934256055,0.6902134306084325
26,linear,0,aeroplane's body,462,0.237012987012987,0.7230040013016045
26,linear,1,aeroplane's stern,414,0.0028985507318363096,0.3619186352704458
26,linear,2,aeroplane's wing,409,0.001528117359413203,0.45619577125698546
26,linear,3,aeroplane's tail,1,0.0,0.8173084855079651
26,linear,4,aeroplane's engine,300,0.010416666666666666,0.46774742742379505
26,linear,5,aeroplane's wheel,226,0.2592604298770955,0.8954156614774096
26,linear,6,bicycle's wheel,306,0.8108660130718954,0.8404780297107945
26,linear,7,bicycle's saddle,205,0.003048780487804878,0.2312965483745424
26,linear,8,bicycle's handlebar,263,0.4285171102774914,0.9330486463729873
26,linear,9,bicycle's chainwheel,217,0.277073732718894,0.8892065555818619
26,linear,10,bicycle's headlight,1,1.0,0.9753702878952026
26,linear,11,bird's wing,250,0.1984190486073494,0.6638018937408924
26,linear,12,bird's tail,403,0.5054177009216313,0.9251234084737507
26,linear,13,bird's head,535,0.4989029824733734,0.8694153741280609
26,linear,14,bird's eye,218,0.050966579706297005,0.20929758612989285
26,linear,15,bird's beak,431,0.3522097010623551,0.940371131191674
26,linear,16,bird's torso,575,0.6539958593378896,0.8581280594286711
26,linear,17,bird's neck,284,0.4009557349581114,0.8875671649535357
26,linear,18,bird's leg,285,0.3008521303795932,0.8985965000955682
26,linear,19,bird's foot,199,0.06666666696119548,0.6809882666148133
26,linear,20,bottle's body,432,0.6782407407407407,0.8252385162093021
26,linear,21,bottle's cap,326,0.4150598890668044,0.8629073517774146
26,linear,22,bus's wheel,233,0.621219088910987,0.9328242609429257
26,linear,23,bus's headlight,155,0.2638248848338281,0.8474374507704089
26,linear,24,bus's front,183,0.3353825136612022,0.7855495468514865
26,linear,25,bus's side,245,0.17062682229645398,0.6935940993075468
26,linear,26,bus's back,53,0.6863207547169812,0.8183929166703854
26,linear,27,bus's roof,20,0.43125,0.7125022247433662
26,linear,28,bus's mirror,117,0.002136752136752137,0.24782563777815583
26,linear,29,bus's license plate,4,0.1770833358168602,0.6993144601583481
26,linear,30,bus's door,104,0.2939560442016675,0.7423101185032954
26,linear,31,bus's window,261,0.8515325670498084,0.8273282358244461
26,linear,32,car's wheel,515,0.745168747716737,0.8881047286454914
26,linear,33,car's headlight,289,0.5554704236633637,0.9084392277633443
26,linear,34,car's front,365,0.5149380300551245,0.7064761128327618
26,linear,35,car's side,515,0.2033171521517837,0.6048757784864277
26,linear,36,car's back,195,0.6659951161115597,0.8602336044494923
26,linear,37,car's roof,132,0.38768037566632935,0.8351378337000356
26,linear,38,car's mirror,279,0.0013440860215053765,0.1940897005972349
26,linear,39,car's license plate,8,0.26041666977107525,0.6928568854928017
26,linear,40,car's door,258,0.6295911776580552,0.8597995825978213
26,linear,41,car's window,548,0.7487530420622687,0.8381825660348591
26,linear,42,cat's tail,332,0.5488704819995237,0.9034447406070778
26,linear,43,cat's head,890,0.7799157303370786,0.8094930183519138
26,linear,44,cat's eye,645,0.4718014038810434,0.9445117986479471
26,linear,45,cat's torso,871,0.8226996884006583,0.8220832955549834
26,linear,46,cat's neck,601,0.44987520798668884,0.8176210883155639
26,linear,47,cat's leg,670,0.7069029850746269,0.8828571223056139
26,linear,48,cat's nose,589,0.1158480880772521,0.8669263635507464
26,linear,49,cat's paw,570,0.6119507102589858,0.9151609231505478
26,linear,50,cat's ear,848,0.5199222260523798,0.8885573939824442
26,linear,51,cow's tail,49,0.2923469388363313,0.8949411481010671
26,linear,52,cow's head,180,0.5619907408952713,0.873670258373022
26,linear,53,cow's eye,60,0.26916666676600776,0.8517518560091655
26,linear,54,cow's torso,187,0.7502673797428927,0.853032918696735
26,linear,55,cow's neck,81,0.25771604938271603,0.8024516370561388
26,linear,56,cow's leg,142,0.4454225352112676,0.8543766485133641
26,linear,57,cow's ear,138,0.26680469383364136,0.8183547826348871
26,linear,58,cow's muzzle,161,0.6014492759793442,0.861518119363496
26,linear,59,cow's horn,53,0.0023584905660377358,0.19327470842959746
26,linear,60,dog's tail,367,0.4052971325794423,0.8414119076420241
26,linear,61,dog's head,1010,0.7116760963113001,0.8038373020615908
26,linear,62,dog's eye,641,0.3499981431107439,0.9229938939283493
26,linear,63,dog's torso,981,0.7565457988891154,0.7966000130143734
26,linear,64,dog's neck,454,0.5271921544807598,0.8347091726171025
26,linear,65,dog's leg,810,0.6523662552421475,0.8335904463389774
26,linear,66,dog's nose,815,0.015356412603079907,0.5963501354302365
26,linear,67,dog's paw,629,0.4905159361838157,0.8780518955120221
26,linear,68,dog's ear,899,0.5835319669115397,0.8803126196541696
26,linear,69,dog's muzzle,939,0.552983164041441,0.8014769393938799
26,linear,70,horse's tail,147,0.5429624233927045,0.9200348260552704
26,linear,71,horse's head,282,0.5483156028368794,0.8744041245457128
26,linear,72,horse's eye,104,0.23513049517686552,0.8038044814020395
26,linear,73,horse's torso,293,0.7563993174061433,0.840143005544822
26,linear,74,horse's neck,233,0.42507153077954385,0.7865173485401874
26,linear,75,horse's leg,265,0.5235849056603774,0.7901833075116266
26,linear,76,horse's ear,223,0.2647127913386298,0.8665880810118577
26,linear,77,horse's muzzle,256,0.6133510048966855,0.8893240572651848
26,linear,78,horse's hoof,127,0.00801462322238862,0.34227243183166023
26,linear,79,motorbike's wheel,244,0.7817622950819673,0.8458227678889134
26,linear,80,motorbike's saddle,8,0.015625,0.36896937713027
26,linear,81,motorbike's handlebar,11,0.18181818181818182,0.7330773256041787
26,linear,82,motorbike's headlight,113,0.11836283185840708,0.796427989955497
26,linear,83,person's head,1334,0.31903244909094547,0.5873371839936616
26,linear,84,person's eye,585,0.18186813305076371,0.6134002822387613
26,linear,85,person's torso,1273,0.28031178771606696,0.5610192148753815
26,linear,86,person's neck,757,0.18646757369627254,0.5643846756696229
26,linear,87,person's leg,486,0.06827111517696223,0.46127628324622355
26,linear,88,person's foot,135,0.036851852138837175,0.32703922550987313
26,linear,89,person's nose,907,0.1742479140401018,0.6227578369427221
26,linear,90,person's ear,688,0.18033118873054899,0.5064124857443709
26,linear,91,person's eyebrow,432,0.030390211760445877,0.6296548592875263
26,linear,92,person's mouth,712,0.09763409597066681,0.6010232361575086
26,linear,93,person's hair,1082,0.41233936395640736,0.7182428718233815
26,linear,94,person's lower arm,753,0.019928223682273115,0.283676112266715
26,linear,95,person's upper arm,1043,0.010403825975561646,0.22165108523050311
26,linear,96,person's hand,669,0.019145490810475542,0.27214074614061035
26,linear,97,pottedplant's pot,181,0.6353591160220995,0.8345675908070243
26,linear,98,pottedplant's plant,203,0.46814449938940883,0.7002027406738016
26,linear,99,sheep's tail,56,0.23883928571428573,0.8364635317453316
26,linear,100,sheep's head,217,0.4453533027441271,0.8559005495315323
26,linear,101,sheep's eye,63,0.25068027230482254,0.7682293806047666
26,linear,102,sheep's torso,236,0.6435381355932204,0.8419928597444195
26,linear,103,sheep's neck,155,0.29838709677419356,0.7706613780990723
26,linear,104,sheep's leg,53,0.4481132075471698,0.8455414831076028
26,linear,105,sheep's ear,174,0.26371100202374076,0.7968425987952057
26,linear,106,sheep's muzzle,177,0.5462335231108854,0.8842913141358371
26,linear,107,sheep's horn,22,0.0,0.19078975450247526
26,linear,108,train's headlight,16,0.12611607182770967,0.6990878041833639
26,linear,109,train's head,209,0.07715311004784689,0.559099022085159
26,linear,110,train's front,203,0.44150246305418717,0.8287893554994038
26,linear,111,train's side,246,0.041158536585365856,0.43942168439791457
26,linear,112,train's back,24,0.4208333343267441,0.7527930351595084
26,linear,113,train's roof,48,0.010416666666666666,0.2824640419955055
26,linear,114,train's coach,183,0.32877959929854494,0.7494423483890262
26,linear,115,tvmonitor's screen,289,0.12110726643598616,0.6297119877536405
26,orthogonal,0,aeroplane's body,462,0.22727272727272727,0.7321305509447019
26,orthogonal,1,aeroplane's stern,414,0.01364734300956634,0.46403639056328416
26,orthogonal,2,aeroplane's wing,409,0.0033618581907090463,0.4504516259892354
26,orthogonal,3,aeroplane's tail,1,0.125,0.8324362635612488
26,orthogonal,4,aeroplane's engine,300,0.04816666672627131,0.48280448257923125
26,orthogonal,5,aeroplane's wheel,226,0.2748999163112809,0.9051550603018398
26,orthogonal,6,bicycle's wheel,306,0.8125,0.8434575513687009
26,orthogonal,7,bicycle's saddle,205,0.003048780487804878,0.20787490947944362
26,orthogonal,8,bicycle's handlebar,263,0.42490494296577946,0.9391139865828104
26,orthogonal,9,bicycle's chainwheel,217,0.3661290322717983,0.9069443762577074
26,orthogonal,10,bicycle's headlight,1,1.0,0.977587103843689
26,orthogonal,11,bird's wing,250,0.23476666682958602,0.614249773029238
26,orthogonal,12,bird's tail,403,0.45534384990152593,0.9168651700019836
26,orthogonal,13,bird's head,535,0.6039563870875635,0.9075404669358351
26,orthogonal,14,bird's eye,218,0.18506990031364862,0.3243859363890706
26,orthogonal,15,bird's beak,431,0.3116064532519493,0.9194220023752642
26,orthogonal,16,bird's torso,575,0.5640662527343501,0.8501966495099275
26,orthogonal,17,bird's neck,284,0.3988849768861079,0.8923784918873243
26,orthogonal,18,bird's leg,285,0.2544820386066771,0.8543898574092932
26,orthogonal,19,bird's foot,199,0.17480856771744677,0.8208078464970516
26,orthogonal,20,bottle's body,432,0.6092785494057117,0.8153350652643928
26,orthogonal,21,bottle's cap,326,0.4131427111069849,0.8456494358191096
26,orthogonal,22,bus's wheel,233,0.61636010656541,0.9281995699385205
26,orthogonal,23,bus's headlight,155,0.20483870967741935,0.7737180355095095
26,orthogonal,24,bus's front,183,0.3046448087431694,0.7789825904564779
26,orthogonal,25,bus's side,245,0.18153061234221166,0.6947453243391855
26,orthogonal,26,bus's back,53,0.5377358490566038,0.7867215242025987
26,orthogonal,27,bus's roof,20,0.24375,0.5644250109791755
26,orthogonal,28,bus's mirror,117,0.016687016838636153,0.32837868131633496
26,orthogonal,29,bus's license plate,4,0.19375000149011612,0.6956981420516968
26,orthogonal,30,bus's door,104,0.4650297626279868,0.7409485688862892
26,orthogonal,31,bus's window,261,0.8390804597701149,0.8341164542112314
26,orthogonal,32,car's wheel,515,0.7308853447147944,0.8794325271205417
26,orthogonal,33,car's headlight,289,0.5642939532710607,0.9049683073503336
26,orthogonal,34,car's front,365,0.5255870844403359,0.7348309910052443
26,orthogonal,35,car's side,515,0.22293111430209817,0.6207584182614262
26,orthogonal,36,car's back,195,0.6116666666972331,0.8592576422752478
26,orthogonal,37,car's roof,132,0.28783369425571326,0.7418370345099405
26,orthogonal,38,car's mirror,279,0.19554958270869374,0.6205081159789716
26,orthogonal,39,car's license plate,8,0.18199405074119568,0.8250150829553604
26,orthogonal,40,car's door,258,0.6786267997682557,0.8529559376165848
26,orthogonal,41,car's window,548,0.7533867748005547,0.8633249863220828
26,orthogonal,42,cat's tail,332,0.5401247849306429,0.8924814521009663
26,orthogonal,43,cat's head,890,0.7903678440310982,0.8406466685486643
26,orthogonal,44,cat's eye,645,0.4790125521347504,0.9371650697244692
26,orthogonal,45,cat's torso,871,0.7683218522884816,0.8036644873471266
26,orthogonal,46,cat's neck,601,0.4517787814437847,0.830476104915638
26,orthogonal,47,cat's leg,670,0.6492537313432836,0.8719297034749344
26,orthogonal,48,cat's nose,589,0.12317487283756859,0.8600205515965136
26,orthogonal,49,cat's paw,570,0.6485902261577154,0.9254497766625462
26,orthogonal,50,cat's ear,848,0.5224955078249551,0.8921680903448811
26,orthogonal,51,cow's tail,49,0.28316326530612246,0.8800733125939662
26,orthogonal,52,cow's head,180,0.6207209000984828,0.9103157026072343
26,orthogonal,53,cow's eye,60,0.300793651988109,0.8399352019031843
26,orthogonal,54,cow's torso,187,0.6911764705882353,0.8375157955735125
26,orthogonal,55,cow's neck,81,0.28725749566967107,0.8224445342281719
26,orthogonal,56,cow's leg,142,0.45598591549295775,0.8532611924997517
26,orthogonal,57,cow's ear,138,0.28446342385765433,0.8255758189420769
26,orthogonal,58,cow's muzzle,161,0.6173617287267069,0.8581753670475127
26,orthogonal,59,cow's horn,53,0.0023584905660377358,0.22526855077945962
26,orthogonal,60,dog's tail,367,0.38819579609570776,0.8221116346746115
26,orthogonal,61,dog's head,1010,0.728368694622918,0.8351356101655724
26,orthogonal,62,dog's eye,641,0.3667205262249234,0.9267681660406675
26,orthogonal,63,dog's torso,981,0.7086609874175108,0.7850513202608178
26,orthogonal,64,dog's neck,454,0.5488908120188944,0.8468146548003352
26,orthogonal,65,dog's leg,810,0.6382657261174403,0.8359175504541692
26,orthogonal,66,dog's nose,815,0.0071793748740038256,0.5737413892351045
26,orthogonal,67,dog's paw,629,0.5357294272874231,0.8812445828925066
26,orthogonal,68,dog's ear,899,0.6036363158362593,0.8856937509523217
26,orthogonal,69,dog's muzzle,939,0.5689766223882587,0.8157640000065358
26,orthogonal,70,horse's tail,147,0.5086248787690182,0.9108103898917737
26,orthogonal,71,horse's head,282,0.6187183385094007,0.9054758091133537
26,orthogonal,72,horse's eye,104,0.23201694210561422,0.7628560387887634
26,orthogonal,73,horse's torso,293,0.7171501706484642,0.8336779309417608
26,orthogonal,74,horse's neck,233,0.4384835480108793,0.7949783935695247
26,orthogonal,75,horse's leg,265,0.4858490566037736,0.7787593738369222
26,orthogonal,76,horse's ear,223,0.28519645600575505,0.882267419232114
26,orthogonal,77,horse's muzzle,256,0.6107979925582185,0.8822473690961488
26,orthogonal,78,horse's hoof,127,0.03661417362727518,0.40055982440006077
26,orthogonal,79,motorbike's wheel,244,0.7745901639344263,0.8506373943852596
26,orthogonal,80,motorbike's saddle,8,0.015625,0.44739196449518204
26,orthogonal,81,motorbike's handlebar,11,0.13636363636363635,0.7382784214886752
26,orthogonal,82,motorbike's headlight,113,0.3075221238938053,0.8823955649823214
26,orthogonal,83,person's head,1334,0.3271194767469409,0.6060179223083421
26,orthogonal,84,person's eye,585,0.1944342706957434,0.5557164536470659
26,orthogonal,85,person's torso,1273,0.2725629379383149,0.5468577932211945
26,orthogonal,86,person's neck,757,0.1862993027960766,0.5015398647502075
26,orthogonal,87,person's leg,486,0.11150548732820362,0.4515997881353392
26,orthogonal,88,person's foot,135,0.05777777819721787,0.35983746595404764
26,orthogonal,89,person's nose,907,0.15492203591808332,0.6063990627324092
26,orthogonal,90,person's ear,688,0.11484461561451818,0.3249863879220441
26,orthogonal,91,person's eyebrow,432,0.05039407002429167,0.6115689343897868
26,orthogonal,92,person's mouth,712,0.10147806338631035,0.599567074890463
26,orthogonal,93,person's hair,1082,0.29823079063469293,0.6409699714031628
26,orthogonal,94,person's lower arm,753,0.03420445220087312,0.33569121298999843
26,orthogonal,95,person's upper arm,1043,0.018377619530301995,0.2306713035467687
26,orthogonal,96,person's hand,669,0.0696170550112589,0.34518603442350937
26,orthogonal,97,pottedplant's pot,181,0.6273020258924579,0.827050679131766
26,orthogonal,98,pottedplant's plant,203,0.5135467981029613,0.7457414917611136
26,orthogonal,99,sheep's tail,56,0.19196428571428573,0.7806994482608778
26,orthogonal,100,sheep's head,217,0.510105333295286,0.8841371828097901
26,orthogonal,101,sheep's eye,63,0.2889077857373253,0.7871143627497885
26,orthogonal,102,sheep's torso,236,0.6080508474576272,0.8397426010440971
26,orthogonal,103,sheep's neck,155,0.34758064516129034,0.8189012637061458
26,orthogonal,104,sheep's leg,53,0.4190251574201404,0.8383019127935734
26,orthogonal,105,sheep's ear,174,0.260509031942521,0.7687036926033853
26,orthogonal,106,sheep's muzzle,177,0.567386336161592,0.8790000421179216
26,orthogonal,107,sheep's horn,22,0.0,0.18741864245384932
26,orthogonal,108,train's headlight,16,0.1171875,0.6753458920866251
26,orthogonal,109,train's head,209,0.07261335165306712,0.5433685627351538
26,orthogonal,110,train's front,203,0.47967980295566504,0.7794618229634069
26,orthogonal,111,train's side,246,0.038109756097560975,0.44160261011220575
26,orthogonal,112,train's back,24,0.4129464291036129,0.7245806952317556
26,orthogonal,113,train's roof,48,0.013020833333333334,0.27012260165065527
26,orthogonal,114,train's coach,183,0.3437743950736979,0.7536630019789836
26,orthogonal,115,tvmonitor's screen,289,0.3226643598615917,0.6889069070040561
27,linear,0,aeroplane's body,462,0.21753246753246752,0.7142073401770035
27,linear,1,aeroplane's stern,414,0.0028985507318363096,0.3622924049479374
27,linear,2,aeroplane's wing,409,0.001528117359413203,0.4566978808938728
27,linear,3,aeroplane's tail,1,0.0,0.8173084855079651
27,linear,4,aeroplane's engine,300,0.01,0.46650714909036956
27,linear,5,aeroplane's wheel,226,0.2586441214765068,0.896466004769359
27,linear,6,bicycle's wheel,306,0.809640522875817,0.8396997808241377
27,linear,7,bicycle's saddle,205,0.003048780487804878,0.23142371731923847
27,linear,8,bicycle's handlebar,263,0.42519011407977275,0.9321220458233764
27,linear,9,bicycle's chainwheel,217,0.27764976958525345,0.890219821358606
27,linear,10,bicycle's headlight,1,1.0,0.9753704071044922
27,linear,11,bird's wing,250,0.19782857263088227,0.6652308419942856
27,linear,12,bird's tail,403,0.5051075272243608,0.9247940934029761
27,linear,13,bird's head,535,0.49288384582951805,0.8674163604277038
27,linear,14,bird's eye,218,0.04756443886035079,0.20718015024626474
27,linear,15,bird's beak,431,0.3538945977621455,0.9411105708567007
27,linear,16,bird's torso,575,0.6518219462944114,0.8570413212154222
27,linear,17,bird's neck,284,0.40220908836369784,0.8876912653918417
27,linear,18,bird's leg,285,0.3009398496987527,0.8989909713728386
27,linear,19,bird's foot,199,0.06494974917802379,0.6851613299930515
27,linear,20,bottle's body,432,0.6782407407407407,0.8249893231248414
27,linear,21,bottle's cap,326,0.4150598890668044,0.8644118591274587
27,linear,22,bus's wheel,233,0.6217555695976822,0.9330608171966455
27,linear,23,bus's headlight,155,0.267050691285441,0.8497743596953731
27,linear,24,bus's front,183,0.33811475409836067,0.7860230200929068
27,linear,25,bus's side,245,0.1650145773984948,0.6907960111997565
27,linear,26,bus's back,53,0.6886792452830188,0.8192316619855053
27,linear,27,bus's roof,20,0.425,0.7170577988028526
27,linear,28,bus's mirror,117,0.002136752136752137,0.2475277702523093
27,linear,29,bus's license plate,4,0.14375000074505806,0.665951669216156
27,linear,30,bus's door,104,0.2898351653264119,0.7419659194464867
27,linear,31,bus's window,261,0.8529693486590039,0.8272864877949273
27,linear,32,car's wheel,515,0.7444475272616137,0.888375186225743
27,linear,33,car's headlight,289,0.5602282091304918,0.9104555577658452
27,linear,34,car's front,365,0.5245270711510148,0.7080691477207288
27,linear,35,car's side,515,0.19967637545275457,0.6019186242691521
27,linear,36,car's back,195,0.6647130648295084,0.8597927892819429
27,linear,37,car's roof,132,0.39155844192613254,0.8368438545501593
27,linear,38,car's mirror,279,0.0013440860215053765,0.19165745012271868
27,linear,39,car's license plate,8,0.26041666977107525,0.6956432294100523
27,linear,40,car's door,258,0.6315291621541792,0.8608993100103481
27,linear,41,car's window,548,0.7467153291523891,0.8364092995052355
27,linear,42,cat's tail,332,0.5500000000718128,0.9035815701606762
27,linear,43,cat's head,890,0.7758426966292135,0.8042621102225914
27,linear,44,cat's eye,645,0.4704429689534875,0.943965113347815
27,linear,45,cat's torso,871,0.822617680826636,0.822027148150686
27,linear,46,cat's neck,601,0.45008319467554075,0.818483309420492
27,linear,47,cat's leg,670,0.7052238805970149,0.8827492740172059
27,linear,48,cat's nose,589,0.11600371909364172,0.8666518540050461
27,linear,49,cat's paw,570,0.6103842942076817,0.9144144939748864
27,linear,50,cat's ear,848,0.5255868149710432,0.8908404698419683
27,linear,51,cow's tail,49,0.2923469388363313,0.8949411493174884
27,linear,52,cow's head,180,0.5550462964508268,0.8718245750500097
27,linear,53,cow's eye,60,0.26946428592006366,0.8539250319202741
27,linear,54,cow's torso,187,0.7509358289407536,0.8527269666207665
27,linear,55,cow's neck,81,0.2638888888888889,0.804119767230234
27,linear,56,cow's leg,142,0.44630281690140844,0.8539807599195293
27,linear,57,cow's ear,138,0.2727225682009821,0.8221119471650192
27,linear,58,cow's muzzle,161,0.6014492759793442,0.8617902273393195
27,linear,59,cow's horn,53,0.0023584905660377358,0.19258631091072875
27,linear,60,dog's tail,367,0.4051381861562625,0.8415691652195655
27,linear,61,dog's head,1010,0.7086763319992783,0.8013329399989383
27,linear,62,dog's eye,641,0.3469838796883775,0.9220907000037326
27,linear,63,dog's torso,981,0.7572933354022914,0.7967764219529281
27,linear,64,dog's neck,454,0.5257892805246005,0.8350854625162312
27,linear,65,dog's leg,810,0.6528292182051105,0.8333505945993058
27,linear,66,dog's nose,815,0.01664475615770539,0.5982431816177134
27,linear,67,dog's paw,629,0.488689529947901,0.8775343137936865
27,linear,68,dog's ear,899,0.5899928493945299,0.8824554826479998
27,linear,69,dog's muzzle,939,0.5515784275290557,0.8009999663637469
27,linear,70,horse's tail,147,0.5406948496289805,0.9188335289050933
27,linear,71,horse's head,282,0.5434397163120568,0.8699471563734906
27,linear,72,horse's eye,104,0.23406593458583722,0.806058229591984
27,linear,73,horse's torso,293,0.7563993174061433,0.839616879413966
27,linear,74,horse's neck,233,0.4298998569598014,0.788557608495966
27,linear,75,horse's leg,265,0.5240566037735849,0.7901271949118038
27,linear,76,horse's ear,223,0.26907431190591224,0.8684077368790258
27,linear,77,horse's muzzle,256,0.6134765628958121,0.8900243599200621
27,linear,78,horse's hoof,127,0.007874015748031496,0.3408186690309855
27,linear,79,motorbike's wheel,244,0.7807377049180327,0.8453413140578349
27,linear,80,motorbike's saddle,8,0.015625,0.37014818005263805
27,linear,81,motorbike's handlebar,11,0.19318181818181818,0.7387450229037892
27,linear,82,motorbike's headlight,113,0.1172566371681416,0.7956340091418376
27,linear,83,person's head,1334,0.3202184631169468,0.5870737303900107
27,linear,84,person's eye,585,0.180575906797352,0.6138535807076364
27,linear,85,person's torso,1273,0.28043710100351127,0.5605973673125514
27,linear,86,person's neck,757,0.18629301232107406,0.5665693813824197
27,linear,87,person's leg,486,0.0654565943060098,0.4601959781491278
27,linear,88,person's foot,135,0.03481481505764855,0.3280870337177206
27,linear,89,person's nose,907,0.1753150112803742,0.6231459468390583
27,linear,90,person's ear,688,0.17839839541201674,0.510836947278856
27,linear,91,person's eyebrow,432,0.02923280435303847,0.6291371245040662
27,linear,92,person's mouth,712,0.09758727949405654,0.6011788020096196
27,linear,93,person's hair,1082,0.4139677418082567,0.7186464074152985
27,linear,94,person's lower arm,753,0.01986498459876771,0.279683162764353
27,linear,95,person's upper arm,1043,0.010523672571918309,0.2203064293025574
27,linear,96,person's hand,669,0.017704107101188114,0.27029074684846227
27,linear,97,pottedplant's pot,181,0.6367403314917127,0.8345799786115878
27,linear,98,pottedplant's plant,203,0.4669129722958128,0.6981078265005438
27,linear,99,sheep's tail,56,0.24107142857142858,0.8363685655806746
27,linear,100,sheep's head,217,0.44362519214504875,0.8540333332279311
27,linear,101,sheep's eye,63,0.25068027230482254,0.7688872020632501
27,linear,102,sheep's torso,236,0.6440677966101694,0.8416429944967819
27,linear,103,sheep's neck,155,0.3024193548387097,0.772621871771351
27,linear,104,sheep's leg,53,0.4481132075471698,0.8449004643930579
27,linear,105,sheep's ear,174,0.2677476742658122,0.7989739955499254
27,linear,106,sheep's muzzle,177,0.5430723714963192,0.8840760777225602
27,linear,107,sheep's horn,22,0.0,0.19188451733101497
27,linear,108,train's headlight,16,0.11830357182770967,0.6962519269436598
27,linear,109,train's head,209,0.07715311004784689,0.5590294228251756
27,linear,110,train's front,203,0.44273399014778325,0.8295037949026511
27,linear,111,train's side,246,0.041158536585365856,0.43912149226762415
27,linear,112,train's back,24,0.4188988109429677,0.7559939113756021
27,linear,113,train's roof,48,0.010416666666666666,0.2821411819507678
27,linear,114,train's coach,183,0.32673041897067606,0.7500112268442665
27,linear,115,tvmonitor's screen,289,0.11029411764705882,0.6258922626609208
27,orthogonal,0,aeroplane's body,462,0.21536796536796537,0.7264691653512257
27,orthogonal,1,aeroplane's stern,414,0.012983091787439614,0.46753894730250617
27,orthogonal,2,aeroplane's wing,409,0.0033618581907090463,0.44807831422040983
27,orthogonal,3,aeroplane's tail,1,0.125,0.8324362635612488
27,orthogonal,4,aeroplane's engine,300,0.04453571438789368,0.47954896474877995
27,orthogonal,5,aeroplane's wheel,226,0.27540033765598737,0.9061170001473047
27,orthogonal,6,bicycle's wheel,306,0.8129084967320261,0.8436823662589578
27,orthogonal,7,bicycle's saddle,205,0.0024390243902439024,0.20716610430944257
27,orthogonal,8,bicycle's handlebar,263,0.42585551330798477,0.9392397412782386
27,orthogonal,9,bicycle's chainwheel,217,0.3688556067817222,0.9088424148922143
27,orthogonal,10,bicycle's headlight,1,1.0,0.977587103843689
27,orthogonal,11,bird's wing,250,0.23146666675806046,0.6105347863025963
27,orthogonal,12,bird's tail,403,0.4565845446906078,0.9170582396516729
27,orthogonal,13,bird's head,535,0.6004517141903672,0.9061231174480135
27,orthogonal,14,bird's eye,218,0.18311489804075398,0.3228427848154935
27,orthogonal,15,bird's beak,431,0.3114572984713136,0.9196332615655426
27,orthogonal,16,bird's torso,575,0.5677619049082632,0.850792379197867
27,orthogonal,17,bird's neck,284,0.4024061036466713,0.8935663201124735
27,orthogonal,18,bird's leg,285,0.2555054303846861,0.853829050273226
27,orthogonal,19,bird's foot,199,0.1754845666825472,0.8218985056158287
27,orthogonal,20,bottle's body,432,0.6089891975538598,0.8151396795831345
27,orthogonal,21,bottle's cap,326,0.4150598890210953,0.8471364190150623
27,orthogonal,22,bus's wheel,233,0.61636010656541,0.9284227320308849
27,orthogonal,23,bus's headlight,155,0.20967741935483872,0.7799128916955763
27,orthogonal,24,bus's front,183,0.3114754098360656,0.7798337483666634
27,orthogonal,25,bus's side,245,0.18102040826057902,0.6940860160759517
27,orthogonal,26,bus's back,53,0.5448113207547169,0.7886764845758114
27,orthogonal,27,bus's roof,20,0.24375,0.5633363395929336
27,orthogonal,28,bus's mirror,117,0.017735042760514807,0.3294367479462909
27,orthogonal,29,bus's license plate,4,0.19375000149011612,0.6956981420516968
27,orthogonal,30,bus's door,104,0.46228250975792223,0.7428753546510751
27,orthogonal,31,bus's window,261,0.8400383141762452,0.8356515205682923
27,orthogonal,32,car's wheel,515,0.7313129915485105,0.8799198618140615
27,orthogonal,33,car's headlight,289,0.5665266112163405,0.9074711709389637
27,orthogonal,34,car's front,365,0.5317188521770582,0.7353430151939392
27,orthogonal,35,car's side,515,0.2211511790463068,0.6196988087834664
27,orthogonal,36,car's back,195,0.615512820543387,0.8602689834741446
27,orthogonal,37,car's roof,132,0.28972763364965265,0.7400759625615496
27,orthogonal,38,car's mirror,279,0.19825908931566397,0.6275678687865802
27,orthogonal,39,car's license plate,8,0.18616071715950966,0.8245195224881172
27,orthogonal,40,car's door,258,0.6793189369892889,0.854346281798311
27,orthogonal,41,car's window,548,0.7533867748005547,0.8636793979871882
27,orthogonal,42,cat's tail,332,0.5416308090270284,0.8945333853992353
27,orthogonal,43,cat's head,890,0.791748261351264,0.8403695646757156
27,orthogonal,44,cat's eye,645,0.47935585229433786,0.9375417748913747
27,orthogonal,45,cat's torso,871,0.7676042862724081,0.8035463002327526
27,orthogonal,46,cat's neck,601,0.45406663502115574,0.8317396687390205
27,orthogonal,47,cat's leg,670,0.6555970149253731,0.8730238382718456
27,orthogonal,48,cat's nose,589,0.12317487283756859,0.8588476671832527
27,orthogonal,49,cat's paw,570,0.6504344199048845,0.9255870500285375
27,orthogonal,50,cat's ear,848,0.5246223609648505,0.8927457761722353
27,orthogonal,51,cow's tail,49,0.28316326530612246,0.8826966322198206
27,orthogonal,52,cow's head,180,0.620919312702285,0.9095033509035905
27,orthogonal,53,cow's eye,60,0.3015873027344545,0.8404207622011503
27,orthogonal,54,cow's torso,187,0.6918449197860963,0.8379130229194534
27,orthogonal,55,cow's neck,81,0.28880070554621423,0.8242216573821174
27,orthogonal,56,cow's leg,142,0.45686619718309857,0.8534191267591127
27,orthogonal,57,cow's ear,138,0.2853692209591036,0.8266007221047429
27,orthogonal,58,cow's muzzle,161,0.6181085493808948,0.8582102216965293
27,orthogonal,59,cow's horn,53,0.0023584905660377358,0.22527373357201522
27,orthogonal,60,dog's tail,367,0.3888088750985403,0.8243943051681206
27,orthogonal,61,dog's head,1010,0.7289462523737756,0.8337188594854704
27,orthogonal,62,dog's eye,641,0.3665533766917617,0.9268296141520306
27,orthogonal,63,dog's torso,981,0.7089643707607135,0.7849192575425304
27,orthogonal,64,dog's neck,454,0.549441472811846,0.8470621308894409
27,orthogonal,65,dog's leg,810,0.6415064668581809,0.8358627187249101
27,orthogonal,66,dog's nose,815,0.007220274667067031,0.5738011707191818
27,orthogonal,67,dog's paw,629,0.5360190025715835,0.8815699135721772
27,orthogonal,68,dog's ear,899,0.606565496398424,0.8863849039536562
27,orthogonal,69,dog's muzzle,939,0.570993712471443,0.8167888588679675
27,orthogonal,70,horse's tail,147,0.5094752189050726,0.9114521985151329
27,orthogonal,71,horse's head,282,0.6174138805544969,0.9046802679274945
27,orthogonal,72,horse's eye,104,0.2332188651825373,0.7643989958585455
27,orthogonal,73,horse's torso,293,0.7175767918088737,0.8340456451165391
27,orthogonal,74,horse's neck,233,0.4433118741911368,0.7973984329613493
27,orthogonal,75,horse's leg,265,0.4891509433962264,0.7783199723599092
27,orthogonal,76,horse's ear,223,0.286984839514232,0.8828152527389505
27,orthogonal,77,horse's muzzle,256,0.610821244015824,0.882787253765855
27,orthogonal,78,horse's hoof,127,0.03651106134643705,0.4092784792654158
27,orthogonal,79,motorbike's wheel,244,0.7730532786885246,0.8501455458949824
27,orthogonal,80,motorbike's saddle,8,0.015625,0.4440296106040478
27,orthogonal,81,motorbike's handlebar,11,0.13636363636363635,0.7382784214886752
27,orthogonal,82,motorbike's headlight,113,0.3219026548672566,0.8858990036280809
27,orthogonal,83,person's head,1334,0.3283358328770483,0.6065914407663949
27,orthogonal,84,person's eye,585,0.1946621909355506,0.5575447289352743
27,orthogonal,85,person's torso,1273,0.27387966257750473,0.547840628533559
27,orthogonal,86,person's neck,757,0.18809838437498638,0.5028435711114073
27,orthogonal,87,person's leg,486,0.10867626922120774,0.4536144614503278
27,orthogonal,88,person's foot,135,0.05777777819721787,0.36080380129041495
27,orthogonal,89,person's nose,907,0.15331810875462065,0.6056902449066692
27,orthogonal,90,person's ear,688,0.12271767755060695,0.33654346449779843
27,orthogonal,91,person's eyebrow,432,0.05018187866166786,0.6120023747530973
27,orthogonal,92,person's mouth,712,0.10101993065955264,0.6001742493218658
27,orthogonal,93,person's hair,1082,0.3024689738747153,0.6432075821635332
27,orthogonal,94,person's lower arm,753,0.03399892509537706,0.3363821566788848
27,orthogonal,95,person's upper arm,1043,0.0183935990612436,0.23021712535251135
27,orthogonal,96,person's hand,669,0.06967933700936436,0.3448473803019666
27,orthogonal,97,pottedplant's pot,181,0.6286832413620712,0.8275512866881671
27,orthogonal,98,pottedplant's plant,203,0.5116995074625673,0.7453237195760746
27,orthogonal,99,sheep's tail,56,0.18973214285714285,0.7815585060577307
27,orthogonal,100,sheep's head,217,0.5071702883814886,0.8823741892103776
27,orthogonal,101,sheep's eye,63,0.2889077857373253,0.7848751553230815
27,orthogonal,102,sheep's torso,236,0.6091101694915254,0.8403348754775726
27,orthogonal,103,sheep's neck,155,0.34838709677419355,0.819822064715047
27,orthogonal,104,sheep's leg,53,0.4237421385522159,0.8392084904436795
27,orthogonal,105,sheep's ear,174,0.26122742274711874,0.7697892254967799
27,orthogonal,106,sheep's muzzle,177,0.5680320181247205,0.8802604991837409
27,orthogonal,107,sheep's horn,22,0.0,0.18592019184407862
27,orthogonal,108,train's headlight,16,0.1171875,0.6811441816389561
27,orthogonal,109,train's head,209,0.07261335165306712,0.5441317081665308
27,orthogonal,110,train's front,203,0.47783251231527096,0.7804319735598094
27,orthogonal,111,train's side,246,0.03861788617886179,0.44188830026281556
27,orthogonal,112,train's back,24,0.4077380957702796,0.7245987529555956
27,orthogonal,113,train's roof,48,0.015625,0.2698716833256185
27,orthogonal,114,train's coach,183,0.34309133496440825,0.7538722105364982
27,orthogonal,115,tvmonitor's screen,289,0.3153114186851211,0.6874655557338755
28,linear,0,aeroplane's body,462,0.204004329004329,0.705789768657127
28,linear,1,aeroplane's stern,414,0.0019927536303870346,0.36137413607847285
28,linear,2,aeroplane's wing,409,0.0018337408312958435,0.4575134510661687
28,linear,3,aeroplane's tail,1,0.0,0.8173083662986755
28,linear,4,aeroplane's engine,300,0.009583333333333333,0.46571266442537307
28,linear,5,aeroplane's wheel,226,0.2586441214765068,0.8973299301831068
28,linear,6,bicycle's wheel,306,0.8108660130718954,0.8399965182628507
28,linear,7,bicycle's saddle,205,0.003048780487804878,0.23122336373823446
28,linear,8,bicycle's handlebar,263,0.4280418251063887,0.9325552493220499
28,linear,9,bicycle's chainwheel,217,0.2805299539170507,0.8917372608514426
28,linear,10,bicycle's headlight,1,1.0,0.9753704071044922
28,linear,11,bird's wing,250,0.19756666779518128,0.6669693167209625
28,linear,12,bird's tail,403,0.5057278746189018,0.924971543086078
28,linear,13,bird's head,535,0.4901112600743214,0.8661707872368186
28,linear,14,bird's eye,218,0.046406728001909515,0.20580251661872645
28,linear,15,bird's beak,431,0.35451607620494824,0.9414936323453544
28,linear,16,bird's torso,575,0.6492132506422374,0.8564303484170334
28,linear,17,bird's neck,284,0.4033534545713747,0.8876762106017747
28,linear,18,bird's leg,285,0.30172932336204933,0.9002140931915819
28,linear,19,bird's foot,199,0.061934673831091455,0.6830105109879719
28,linear,20,bottle's body,432,0.6791087962962963,0.8250252950798582
28,linear,21,bottle's cap,326,0.4150598890668044,0.8647083958690883
28,linear,22,bus's wheel,233,0.6214490093514643,0.933251475059935
28,linear,23,bus's headlight,155,0.27108294934995714,0.851719944900082
28,linear,24,bus's front,183,0.3435792349726776,0.7865666766635707
28,linear,25,bus's side,245,0.16144314882706623,0.6883484960818778
28,linear,26,bus's back,53,0.6933962264150944,0.82137216993098
28,linear,27,bus's roof,20,0.425,0.7158214136958122
28,linear,28,bus's mirror,117,0.002136752136752137,0.24407476906338307
28,linear,29,bus's license plate,4,0.14375000074505806,0.665951669216156
28,linear,30,bus's door,104,0.2862293960956427,0.7431252699058789
28,linear,31,bus's window,261,0.8524904214559387,0.8270409142605646
28,linear,32,car's wheel,515,0.7455224231898206,0.8887388567901352
28,linear,33,car's headlight,289,0.5605989456383003,0.910100800845656
28,linear,34,car's front,365,0.530675146841023,0.7101726628329655
28,linear,35,car's side,515,0.19724919098673516,0.5996484253302361
28,linear,36,car's back,195,0.666514041637763,0.8586090473028329
28,linear,37,car's roof,132,0.391287879058809,0.838936131334666
28,linear,38,car's mirror,279,0.0013440860215053765,0.1902255257983829
28,linear,39,car's license plate,8,0.26041666977107525,0.6956432443112135
28,linear,40,car's door,258,0.6354051311464273,0.8623238838920297
28,linear,41,car's window,548,0.7491071436037547,0.8364269124330396
28,linear,42,cat's tail,332,0.5503765060959092,0.9037720714527441
28,linear,43,cat's head,890,0.7727528089887641,0.7999796097114514
28,linear,44,cat's eye,645,0.46828165474788164,0.9437612581622693
28,linear,45,cat's torso,871,0.8231917336394948,0.8225426207522163
28,linear,46,cat's neck,601,0.4492512479201331,0.81917250969644
28,linear,47,cat's leg,670,0.7055970149253732,0.8827340653138375
28,linear,48,cat's nose,589,0.1163776377769399,0.8667140708309685
28,linear,49,cat's paw,570,0.6095384295572315,0.9141333146576296
28,linear,50,cat's ear,848,0.5328096923295338,0.8929560099781122
28,linear,51,cow's tail,49,0.2923469388363313,0.8948351415444393
28,linear,52,cow's head,180,0.5533399472633997,0.8705033433934053
28,linear,53,cow's eye,60,0.2683730162680149,0.8552537535627683
28,linear,54,cow's torso,187,0.75,0.8529899192844482
28,linear,55,cow's neck,81,0.2700617283950617,0.8079053502023956
28,linear,56,cow's leg,142,0.4498239436619718,0.8543663881194423
28,linear,57,cow's ear,138,0.27756211280390836,0.8273126141748567
28,linear,58,cow's muzzle,161,0.6014492759793442,0.8617385903732007
28,linear,59,cow's horn,53,0.0023584905660377358,0.19181624575043624
28,linear,60,dog's tail,367,0.40615998452138513,0.841796183638904
28,linear,61,dog's head,1010,0.7058545498122083,0.7993855569327232
28,linear,62,dog's eye,641,0.34521023729197137,0.9216890906022975
28,linear,63,dog's torso,981,0.7561890200676661,0.7965260729360775
28,linear,64,dog's neck,454,0.5244126285422216,0.8353776445997969
28,linear,65,dog's leg,810,0.6529835391927649,0.8332679960830712
28,linear,66,dog's nose,815,0.01827052303252776,0.6006938472847265
28,linear,67,dog's paw,629,0.4882920736680918,0.8771514713124554
28,linear,68,dog's ear,899,0.5963557393883704,0.8841762189257132
28,linear,69,dog's muzzle,939,0.549554998390337,0.800296874226917
28,linear,70,horse's tail,147,0.5423955299010893,0.9191490653522161
28,linear,71,horse's head,282,0.5372340425531915,0.8668377806320258
28,linear,72,horse's eye,104,0.23486721644607875,0.808659268829685
28,linear,73,horse's torso,293,0.7559726962457338,0.8396204373840586
28,linear,74,horse's neck,233,0.4347281831400589,0.7904193347615746
28,linear,75,horse's leg,265,0.5207547169811321,0.7876395199377582
28,linear,76,horse's ear,223,0.27116698755009827,0.8699463992442251
28,linear,77,horse's muzzle,256,0.6139648441458121,0.8900226460536942
28,linear,78,horse's hoof,127,0.006889763779527559,0.33799102054688873
28,linear,79,motorbike's wheel,244,0.7792008196721312,0.8451165903787143
28,linear,80,motorbike's saddle,8,0.015625,0.3666591811925173
28,linear,81,motorbike's handlebar,11,0.19318181818181818,0.7325489168817346
28,linear,82,motorbike's headlight,113,0.11393805309734513,0.7933470859991766
28,linear,83,person's head,1334,0.318751339522795,0.5853143758985258
28,linear,84,person's eye,585,0.18007326131193047,0.6135851682307055
28,linear,85,person's torso,1273,0.2805437107818481,0.5607915117002246
28,linear,86,person's neck,757,0.18663269903417307,0.5685471128819996
28,linear,87,person's leg,486,0.06417058604489628,0.46012886698307937
28,linear,88,person's foot,135,0.036543210016356575,0.3298466302730419
28,linear,89,person's nose,907,0.17616028875079676,0.6232148658349708
28,linear,90,person's ear,688,0.17823574308652518,0.5128064741242438
28,linear,91,person's eyebrow,432,0.02923280435303847,0.6291420586510665
28,linear,92,person's mouth,712,0.0967094705052925,0.6011241655181989
28,linear,93,person's hair,1082,0.41421309875086804,0.7192679365150899
28,linear,94,person's lower arm,753,0.02025232411634083,0.2779066121214345
28,linear,95,person's upper arm,1043,0.009365155492852998,0.21923814754404505
28,linear,96,person's hand,669,0.017010107547356587,0.26844044740037554
28,linear,97,pottedplant's pot,181,0.6346685082872928,0.8344385282275426
28,linear,98,pottedplant's plant,203,0.46629720874901476,0.6967562395767332
28,linear,99,sheep's tail,56,0.23883928571428573,0.8362489284149238
28,linear,100,sheep's head,217,0.44016897094689206,0.8526289327078701
28,linear,101,sheep's eye,63,0.24869614532069553,0.7662670034028235
28,linear,102,sheep's torso,236,0.6440677966101694,0.841409459078716
28,linear,103,sheep's neck,155,0.3040322580645161,0.7743992715112624
28,linear,104,sheep's leg,53,0.455188679245283,0.845359704685661
28,linear,105,sheep's ear,174,0.27294745536028653,0.8015424777036426
28,linear,106,sheep's muzzle,177,0.5429714836474866,0.8842883642110447
28,linear,107,sheep's horn,22,0.0,0.1918901548805562
28,linear,108,train's headlight,16,0.11830357182770967,0.6967203319072723
28,linear,109,train's head,209,0.07595693779904306,0.5591457781680463
28,linear,110,train's front,203,0.44519704433497537,0.8303775553926459
28,linear,111,train's side,246,0.04217479674796748,0.43896705227169563
28,linear,112,train's back,24,0.4136904776096344,0.7574328109622002
28,linear,113,train's roof,48,0.010416666666666666,0.2817912825072805
28,linear,114,train's coach,183,0.32673041897067606,0.7494438699360102
28,linear,115,tvmonitor's screen,289,0.10553633217993079,0.6241018892262634
28,orthogonal,0,aeroplane's body,462,0.2048160173160173,0.7205687222994251
28,orthogonal,1,aeroplane's stern,414,0.013184380056201548,0.4707078927057089
28,orthogonal,2,aeroplane's wing,409,0.003056234718826406,0.44589944125533393
28,orthogonal,3,aeroplane's tail,1,0.125,0.8324362635612488
28,orthogonal,4,aeroplane's engine,300,0.04148015886545181,0.4766414309541384
28,orthogonal,5,aeroplane's wheel,226,0.2760008433091957,0.9064286045268574
28,orthogonal,6,bicycle's wheel,306,0.8125,0.8437126134735307
28,orthogonal,7,bicycle's saddle,205,0.0024390243902439024,0.20688431437422589
28,orthogonal,8,bicycle's handlebar,263,0.42728136882129275,0.9395607539909421
28,orthogonal,9,bicycle's chainwheel,217,0.37115975424716,0.9088421218131545
28,orthogonal,10,bicycle's headlight,1,1.0,0.977587103843689
28,orthogonal,11,bird's wing,250,0.22766666674613953,0.6074372346289456
28,orthogonal,12,bird's tail,403,0.4587557605715011,0.917224022797852
28,orthogonal,13,bird's head,535,0.5974477088618502,0.9052506218725276
28,orthogonal,14,bird's eye,218,0.17836391502017274,0.31861355547887193
28,orthogonal,15,bird's beak,431,0.31083582016680467,0.9202085244544974
28,orthogonal,16,bird's torso,575,0.5711677020269892,0.8506064601048179
28,orthogonal,17,bird's neck,284,0.40284624449174167,0.8937457269451148
28,orthogonal,18,bird's leg,285,0.25418964091100194,0.8540114975812142
28,orthogonal,19,bird's foot,199,0.1779732001037454,0.826066606458108
28,orthogonal,20,bottle's body,432,0.6089891975538598,0.8152218947394027
28,orthogonal,21,bottle's cap,326,0.4162101957695616,0.8483723246155341
28,orthogonal,22,bus's wheel,233,0.61636010656541,0.9284890067679687
28,orthogonal,23,bus's headlight,155,0.21693548387096775,0.7854616832348609
28,orthogonal,24,bus's front,183,0.31830601092896177,0.781197933388538
28,orthogonal,25,bus's side,245,0.18408163275037492,0.6940654443234814
28,orthogonal,26,bus's back,53,0.5518867924528302,0.7893504174250476
28,orthogonal,27,bus's roof,20,0.2375,0.5554887473583221
28,orthogonal,28,bus's mirror,117,0.018803418828890875,0.3330809641470257
28,orthogonal,29,bus's license plate,4,0.19375000149011612,0.6956981420516968
28,orthogonal,30,bus's door,104,0.46056547660667163,0.7465941229691873
28,orthogonal,31,bus's window,261,0.8409961685823755,0.836433628053044
28,orthogonal,32,car's wheel,515,0.7305802130004735,0.8801726974836253
28,orthogonal,33,car's headlight,289,0.566506014769465,0.9082855986991968
28,orthogonal,34,car's front,365,0.5358773649147112,0.7360506320244645
28,orthogonal,35,car's side,515,0.2185621822632632,0.618725166679586
28,orthogonal,36,car's back,195,0.6206410256715921,0.8610575862419911
28,orthogonal,37,car's roof,132,0.288780663952683,0.737869138293194
28,orthogonal,38,car's mirror,279,0.20118194311109494,0.6334218547068616
28,orthogonal,39,car's license plate,8,0.1778273843228817,0.8256776332855225
28,orthogonal,40,car's door,258,0.6833564047665559,0.8559578367212947
28,orthogonal,41,car's window,548,0.7539907024942175,0.8639479258852284
28,orthogonal,42,cat's tail,332,0.5431368331234139,0.8963376538132328
28,orthogonal,43,cat's head,890,0.7921696096658707,0.8399965689925665
28,orthogonal,44,cat's eye,645,0.4794407544672027,0.9380408792821474
28,orthogonal,45,cat's torso,871,0.7686088786949109,0.8037233913293799
28,orthogonal,46,cat's neck,601,0.4537893194525492,0.8325943800058222
28,orthogonal,47,cat's leg,670,0.6580223880597015,0.8741955912380076
28,orthogonal,48,cat's nose,589,0.12296264872890984,0.8582568555210159
28,orthogonal,49,cat's paw,570,0.6505346704731908,0.9254648120387604
28,orthogonal,50,cat's ear,848,0.5282780213351801,0.8937965143331379
28,orthogonal,51,cow's tail,49,0.28316326530612246,0.8828718996777827
28,orthogonal,52,cow's head,180,0.6223082015911738,0.9080742592612903
28,orthogonal,53,cow's eye,60,0.3036706360677878,0.8432704115907351
28,orthogonal,54,cow's torso,187,0.695855614973262,0.8392519832932376
28,orthogonal,55,cow's neck,81,0.29034391542275745,0.825354755660634
28,orthogonal,56,cow's leg,142,0.45774647887323944,0.8539044857025146
28,orthogonal,57,cow's ear,138,0.2853692209591036,0.8267819968902547
28,orthogonal,58,cow's muzzle,161,0.6176944707306276,0.858042559384004
28,orthogonal,59,cow's horn,53,0.0023584905660377358,0.2255699782157844
28,orthogonal,60,dog's tail,367,0.3888088750985403,0.8261219760458866
28,orthogonal,61,dog's head,1010,0.7286409719155567,0.8327696425342324
28,orthogonal,62,dog's eye,641,0.3667260979108989,0.9269073045755883
28,orthogonal,63,dog's torso,981,0.7094315811004357,0.7847285539397892
28,orthogonal,64,dog's neck,454,0.5513687855871764,0.8475325350785046
28,orthogonal,65,dog's leg,810,0.642056143578188,0.8351158067032143
28,orthogonal,66,dog's nose,815,0.007680397366453534,0.5741513925461681
28,orthogonal,67,dog's paw,629,0.5373154671563632,0.8819010982997656
28,orthogonal,68,dog's ear,899,0.6090126599167558,0.887050766170489
28,orthogonal,69,dog's muzzle,939,0.5739350381115882,0.8175587278847306
28,orthogonal,70,horse's tail,147,0.5103255590411271,0.9118409910980536
28,orthogonal,71,horse's head,282,0.616590678956069,0.9043924531615373
28,orthogonal,72,horse's eye,104,0.23289835238112852,0.7655039539274114
28,orthogonal,73,horse's torso,293,0.7180034129692833,0.8338212697375756
28,orthogonal,74,horse's neck,233,0.4492131617447849,0.7996295665594642
28,orthogonal,75,horse's leg,265,0.49040880506893375,0.7776943674065032
28,orthogonal,76,horse's ear,223,0.2864723475524663,0.8829566948282879
28,orthogonal,77,horse's muzzle,256,0.6097516755689867,0.8825625239987858
28,orthogonal,78,horse's hoof,127,0.0383389578090878,0.4143465100310919
28,orthogonal,79,motorbike's wheel,244,0.7735655737704918,0.8502514692115002
28,orthogonal,80,motorbike's saddle,8,0.015625,0.4460148811340332
28,orthogonal,81,motorbike's handlebar,11,0.13636363636363635,0.7436095747080717
28,orthogonal,82,motorbike's headlight,113,0.32853982300884954,0.8889829701026984
28,orthogonal,83,person's head,1334,0.3298591783736599,0.6068426991191188
28,orthogonal,84,person's eye,585,0.19349409976066687,0.5569290407129333
28,orthogonal,85,person's torso,1273,0.27430890733485885,0.5468139037808502
28,orthogonal,86,person's neck,757,0.1880480604765437,0.5041767151206928
28,orthogonal,87,person's leg,486,0.11100823082673697,0.4557421696199863
28,orthogonal,88,person's foot,135,0.05777777819721787,0.3601812693531866
28,orthogonal,89,person's nose,907,0.15422638826885454,0.6060378789612171
28,orthogonal,90,person's ear,688,0.1256973287740419,0.34358785472008896
28,orthogonal,91,person's eyebrow,432,0.0501184967794904,0.6111810430129817
28,orthogonal,92,person's mouth,712,0.09896836563777388,0.6010206663671075
28,orthogonal,93,person's hair,1082,0.3069899227063889,0.6470699435820401
28,orthogonal,94,person's lower arm,753,0.03330803780283428,0.3360214856339453
28,orthogonal,95,person's upper arm,1043,0.016171300742678765,0.22917214975168185
28,orthogonal,96,person's hand,669,0.06950494738348574,0.34508240494531855
28,orthogonal,97,pottedplant's pot,181,0.6286832413620712,0.8275311650162902
28,orthogonal,98,pottedplant's plant,203,0.5110837439157693,0.744948152617868
28,orthogonal,99,sheep's tail,56,0.18973214285714285,0.7846911761111447
28,orthogonal,100,sheep's head,217,0.5083772226275387,0.8816272262741344
28,orthogonal,101,sheep's eye,63,0.2889077857373253,0.7839225463214374
28,orthogonal,102,sheep's torso,236,0.6101694915254238,0.8402730391944869
28,orthogonal,103,sheep's neck,155,0.35,0.8209176046233023
28,orthogonal,104,sheep's leg,53,0.42845911968429135,0.8396392959468769
28,orthogonal,105,sheep's ear,174,0.26122742274711874,0.7700305849142458
28,orthogonal,106,sheep's muzzle,177,0.5685768121548291,0.8804294985566435
28,orthogonal,107,sheep's horn,22,0.0,0.1903548834168098
28,orthogonal,108,train's headlight,16,0.11830357182770967,0.683507613837719
28,orthogonal,109,train's head,209,0.07193552071683144,0.5451055216161829
28,orthogonal,110,train's front,203,0.47844827586206895,0.7816628497736208
28,orthogonal,111,train's side,246,0.03861788617886179,0.4418874142494628
28,orthogonal,112,train's back,24,0.4077380957702796,0.7172778137028217
28,orthogonal,113,train's roof,48,0.015625,0.27061320763702196
28,orthogonal,114,train's coach,183,0.3444574551829875,0.7551476527107218
28,orthogonal,115,tvmonitor's screen,289,0.310121107266436,0.6865851378977093
29,linear,0,aeroplane's body,462,0.18993506493506493,0.6983265206540302
29,linear,1,aeroplane's stern,414,0.0015096618357487923,0.3606661410579359
29,linear,2,aeroplane's wing,409,0.002139364303178484,0.4584647982875409
29,linear,3,aeroplane's tail,1,0.0,0.8173083662986755
29,linear,4,aeroplane's engine,300,0.009583333333333333,0.4649695723752181
29,linear,5,aeroplane's wheel,226,0.25975031616677224,0.8976583385889509
29,linear,6,bicycle's wheel,306,0.8141339869281046,0.8390783737687504
29,linear,7,bicycle's saddle,205,0.003048780487804878,0.23075505911213595
29,linear,8,bicycle's handlebar,263,0.4247148289086701,0.9324500210611539
29,linear,9,bicycle's chainwheel,217,0.28110599078341014,0.8930093755919812
29,linear,10,bicycle's headlight,1,0.875,0.9649240970611572
29,linear,11,bird's wing,250,0.20066666764020918,0.6649121049642562
29,linear,12,bird's tail,403,0.5057278746189018,0.92496887330086
29,linear,13,bird's head,535,0.4877481092359418,0.8654228763428525
29,linear,14,bird's eye,218,0.042294670477372794,0.20258647585373132
29,linear,15,bird's beak,431,0.35555187327540944,0.9418290219768847
29,linear,16,bird's torso,575,0.6474120083839997,0.8551707587034806
29,linear,17,bird's neck,284,0.4042714626436502,0.8882326810345264
29,linear,18,bird's leg,285,0.3034001671954205,0.9006540398848685
29,linear,19,bird's foot,199,0.061306533127573865,0.6834168826515351
29,linear,20,bottle's body,432,0.6808449074074074,0.8255012754212927
29,linear,21,bottle's cap,326,0.4158267602324486,0.8654902661962012
29,linear,22,bus's wheel,233,0.6219088495928842,0.9335369485642265
29,linear,23,bus's headlight,155,0.2759216590273765,0.8563125443074011
29,linear,24,bus's front,183,0.34904371584699456,0.7866969996137045
29,linear,25,bus's side,245,0.15787172025563764,0.6864198934058754
29,linear,26,bus's back,53,0.6910377358490566,0.8225890459879389
29,linear,27,bus's roof,20,0.43125,0.7158994540572167
29,linear,28,bus's mirror,117,0.002136752136752137,0.2437406685999316
29,linear,29,bus's license plate,4,0.14375000074505806,0.6548396721482277
29,linear,30,bus's door,104,0.2819368134324367,0.7426054841623857
29,linear,31,bus's window,261,0.8524904214559387,0.8277697315389626
29,linear,32,car's wheel,515,0.7464794272068634,0.8887389783720369
29,linear,33,car's headlight,289,0.5621642776632804,0.9103291196342571
29,linear,34,car's front,365,0.5402641879369134,0.7125678347806408
29,linear,35,car's side,515,0.19530744341391962,0.5970264109810001
29,linear,36,car's back,195,0.6671550672787886,0.8581505922170786
29,linear,37,car's roof,132,0.39539141433708597,0.8394571301160436
29,linear,38,car's mirror,279,0.0013440860215053765,0.18868268208701738
29,linear,39,car's license plate,8,0.26041666977107525,0.6998671349138021
29,linear,40,car's door,258,0.6383121078906133,0.8636834885953932
29,linear,41,car's window,548,0.7494416934893514,0.8356534175194092
29,linear,42,cat's tail,332,0.5511295181441019,0.9037204130317074
29,linear,43,cat's head,890,0.7702247191011236,0.7968852125777958
29,linear,44,cat's eye,645,0.4672757485347201,0.9435642505801001
29,linear,45,cat's torso,871,0.8237657864523537,0.8226174888223512
29,linear,46,cat's neck,601,0.45042983917348994,0.8206785263217824
29,linear,47,cat's leg,670,0.705410447761194,0.8823364543825832
29,linear,48,cat's nose,589,0.11574096545096367,0.8667198422606813
29,linear,49,cat's paw,570,0.6075334170146992,0.9130557273040738
29,linear,50,cat's ear,848,0.5368921272280924,0.8948331493181441
29,linear,51,cow's tail,49,0.2923469388363313,0.8948351476265459
29,linear,52,cow's head,180,0.5504629631009367,0.8696508463058207
29,linear,53,cow's eye,60,0.2683730162680149,0.8571355417370796
29,linear,54,cow's torso,187,0.7506684491978609,0.8533773409491554
29,linear,55,cow's neck,81,0.27314814814814814,0.8089196299329217
29,linear,56,cow's leg,142,0.4498239436619718,0.8540962783383651
29,linear,57,cow's ear,138,0.2885179442987926,0.8343505004177922
29,linear,58,cow's muzzle,161,0.5991200834327604,0.8618231601087574
29,linear,59,cow's horn,53,0.0023584905660377358,0.19103161990642548
29,linear,60,dog's tail,367,0.4060010381794106,0.841691025291704
29,linear,61,dog's head,1010,0.7033910893125109,0.7976315786932955
29,linear,62,dog's eye,641,0.344597355623885,0.9215099407060656
29,linear,63,dog's torso,981,0.7561890200676661,0.7963181487099475
29,linear,64,dog's neck,454,0.5266021607599595,0.8365891480301445
29,linear,65,dog's leg,810,0.6536008231433821,0.8328748292393154
29,linear,66,dog's nose,815,0.01953695597458471,0.6024785649557055
29,linear,67,dog's paw,629,0.4872624726524793,0.8768879958503956
29,linear,68,dog's ear,899,0.6013003869004987,0.8860235518140841
29,linear,69,dog's muzzle,939,0.549833917167113,0.8000553917532531
29,linear,70,horse's tail,147,0.5432458700371438,0.9189902797949557
29,linear,71,horse's head,282,0.5310283687943262,0.864380845258422
29,linear,72,horse's eye,104,0.2332646524390349,0.810189593440065
29,linear,73,horse's torso,293,0.7563993174061433,0.8396580670372211
29,linear,74,horse's neck,233,0.4390200286336211,0.791997412883161
29,linear,75,horse's leg,265,0.5215094339735104,0.7876701797797995
29,linear,76,horse's ear,223,0.2747063853280961,0.8714210050589836
29,linear,77,horse's muzzle,256,0.6139415926882066,0.8900771689368412
29,linear,78,horse's hoof,127,0.005905511811023622,0.3362752187146446
29,linear,79,motorbike's wheel,244,0.7792008196721312,0.8448824811665738
29,linear,80,motorbike's saddle,8,0.015625,0.3666591700166464
29,linear,81,motorbike's handlebar,11,0.19318181818181818,0.7291782579638741
29,linear,82,motorbike's headlight,113,0.11172566371681415,0.792562015288699
29,linear,83,person's head,1334,0.3179178276564228,0.5855154070676468
29,linear,84,person's eye,585,0.17998168613666143,0.6137923580833161
29,linear,85,person's torso,1273,0.28022855725095486,0.5608122583408456
29,linear,86,person's neck,757,0.18808580328718988,0.5700608625087784
29,linear,87,person's leg,486,0.06350186178958955,0.46157707120272723
29,linear,88,person's foot,135,0.03716049404055984,0.3293538174695439
29,linear,89,person's nose,907,0.17964902714042705,0.6258024614609269
29,linear,90,person's ear,688,0.17756956090154344,0.5173853301093914
29,linear,91,person's eyebrow,432,0.028075396945631062,0.6282294794779133
29,linear,92,person's mouth,712,0.09618278511203407,0.6002688861852302
29,linear,93,person's hair,1082,0.41642241133118735,0.7199117957210674
29,linear,94,person's lower arm,753,0.01875830021195836,0.2746146073519125
29,linear,95,person's upper arm,1043,0.010466602781817875,0.21814969627406317
29,linear,96,person's hand,669,0.016252046476030565,0.266395887725406
29,linear,97,pottedplant's pot,181,0.6353591160220995,0.8344305593170513
29,linear,98,pottedplant's plant,203,0.4656814452022167,0.6965417315623736
29,linear,99,sheep's tail,56,0.23883928571428573,0.8366484423833234
29,linear,100,sheep's head,217,0.4384408603478137,0.8516536058368771
29,linear,101,sheep's eye,63,0.24816704482313187,0.7649905727732749
29,linear,102,sheep's torso,236,0.6430084745762712,0.841502112857366
29,linear,103,sheep's neck,155,0.3056451612903226,0.7775736449226256
29,linear,104,sheep's leg,53,0.455188679245283,0.8453579379140206
29,linear,105,sheep's ear,174,0.2759578549142542,0.8035764238615145
29,linear,106,sheep's muzzle,177,0.542265268958221,0.8842156357684378
29,linear,107,sheep's horn,22,0.0,0.19251932474699887
29,linear,108,train's headlight,16,0.11830357182770967,0.6965498328208923
29,linear,109,train's head,209,0.07834928229665072,0.5599772474554737
29,linear,110,train's front,203,0.4458128078817734,0.8318759783588606
29,linear,111,train's side,246,0.041666666666666664,0.4381842459362697
29,linear,112,train's back,24,0.4136904776096344,0.7559445028503736
29,linear,113,train's roof,48,0.0078125,0.2800992988049984
29,linear,114,train's coach,183,0.32673041897067606,0.7498473062541315
29,linear,115,tvmonitor's screen,289,0.10207612456747404,0.6225625519418386
29,orthogonal,0,aeroplane's body,462,0.1920995670995671,0.7131261485931161
29,orthogonal,1,aeroplane's stern,414,0.013788244790501065,0.47326453710379807
29,orthogonal,2,aeroplane's wing,409,0.0027506112469437654,0.44378158151374764
29,orthogonal,3,aeroplane's tail,1,0.125,0.8324362635612488
29,orthogonal,4,aeroplane's engine,300,0.040111111203829444,0.4755053985118866
29,orthogonal,5,aeroplane's wheel,226,0.2766066166547547,0.9071002038179246
29,orthogonal,6,bicycle's wheel,306,0.8125,0.8437748368269478
29,orthogonal,7,bicycle's saddle,205,0.001829268292682927,0.20619858372502212
29,orthogonal,8,bicycle's handlebar,263,0.4282319391634981,0.9394264456890382
29,orthogonal,9,bicycle's chainwheel,217,0.37277814354490024,0.9098770839552726
29,orthogonal,10,bicycle's headlight,1,1.0,0.977587103843689
29,orthogonal,11,bird's wing,250,0.22367142862081527,0.6016532410271466
29,orthogonal,12,bird's tail,403,0.4597896729450368,0.9172252598530601
29,orthogonal,13,bird's head,535,0.5945037836226348,0.9043991508606438
29,orthogonal,14,bird's eye,218,0.17495631351383453,0.3148723646844609
29,orthogonal,15,bird's beak,431,0.31266158528781546,0.9210042483292157
29,orthogonal,16,bird's torso,575,0.5740807455259821,0.851090210572533
29,orthogonal,17,bird's neck,284,0.40691230766160386,0.8947027314611724
29,orthogonal,18,bird's leg,285,0.255066833893458,0.8536948210314701
29,orthogonal,19,bird's foot,199,0.17788944808981527,0.8274617890017716
29,orthogonal,20,bottle's body,432,0.609375,0.8146339790136726
29,orthogonal,21,bottle's cap,326,0.4177439381008499,0.8496145579072595
29,orthogonal,22,bus's wheel,233,0.6168965872521053,0.9285879077573702
29,orthogonal,23,bus's headlight,155,0.22016129032258064,0.7916284993771584
29,orthogonal,24,bus's front,183,0.3237704918032787,0.7824354907854008
29,orthogonal,25,bus's side,245,0.18408163275037492,0.6936958899303358
29,orthogonal,26,bus's back,53,0.5542452830188679,0.7888731104585359
29,orthogonal,27,bus's roof,20,0.23125,0.5458346515893936
29,orthogonal,28,bus's mirror,117,0.015954416022341475,0.33587009001236695
29,orthogonal,29,bus's license plate,4,0.19375000149011612,0.6956981420516968
29,orthogonal,30,bus's door,104,0.4592032969857638,0.7501074347931606
29,orthogonal,31,bus's window,261,0.8400383141762452,0.8378531412146557
29,orthogonal,32,car's wheel,515,0.7311118819759888,0.8801841255458235
29,orthogonal,33,car's headlight,289,0.5698302855850503,0.9105560187134363
29,orthogonal,34,car's front,365,0.5386170908604583,0.7358739763906558
29,orthogonal,35,car's side,515,0.2144822007244073,0.6167118731054287
29,orthogonal,36,car's back,195,0.624487179517746,0.861628838074513
29,orthogonal,37,car's roof,132,0.2906746033466224,0.7382881720409249
29,orthogonal,38,car's mirror,279,0.20171531041463217,0.638896198202205
29,orthogonal,39,car's license plate,8,0.1778273843228817,0.8307497203350067
29,orthogonal,40,car's door,258,0.6879383540430735,0.858784981591757
29,orthogonal,41,car's window,548,0.7545229409732958,0.8641839563629053
29,orthogonal,42,cat's tail,332,0.5442663511957031,0.8968951481293483
29,orthogonal,43,cat's head,890,0.7927314074186796,0.8397607038027785
29,orthogonal,44,cat's eye,645,0.4794407544672027,0.9380901843367159
29,orthogonal,45,cat's torso,871,0.7687728937916313,0.8036912699004403
29,orthogonal,46,cat's neck,601,0.4539973061414011,0.8335317801219254
29,orthogonal,47,cat's leg,670,0.6625,0.8753684315218855
29,orthogonal,48,cat's nose,589,0.12278074236090196,0.857524838633772
29,orthogonal,49,cat's paw,570,0.6515726821725829,0.925121867669779
29,orthogonal,50,cat's ear,848,0.5312612311000813,0.8944177604016831
29,orthogonal,51,cow's tail,49,0.28316326530612246,0.8831039174478881
29,orthogonal,52,cow's head,180,0.6238955032494333,0.9068045869469643
29,orthogonal,53,cow's eye,60,0.3036706360677878,0.842997993528843
29,orthogonal,54,cow's torso,187,0.6971925133689839,0.840028887126535
29,orthogonal,55,cow's neck,81,0.29034391542275745,0.8257665685665461
29,orthogonal,56,cow's leg,142,0.45686619718309857,0.8539233690416309
29,orthogonal,57,cow's ear,138,0.2878709464617398,0.8282555626786273
29,orthogonal,58,cow's muzzle,161,0.6200754231547717,0.8588862583180021
29,orthogonal,59,cow's horn,53,0.0023584905660377358,0.22274971134820074
29,orthogonal,60,dog's tail,367,0.3884682756434994,0.8272994118222424
29,orthogonal,61,dog's head,1010,0.7304231500271523,0.8318646693141154
29,orthogonal,62,dog's eye,641,0.3665310901105869,0.9269007560615421
29,orthogonal,63,dog's torso,981,0.7096439494118171,0.7845435773803796
29,orthogonal,64,dog's neck,454,0.5525435286077633,0.8478954395008508
29,orthogonal,65,dog's leg,810,0.6437845386104819,0.8348772814796295
29,orthogonal,66,dog's nose,815,0.007702307979022067,0.5740344801929099
29,orthogonal,67,dog's paw,629,0.5375804380174661,0.8846095606968968
29,orthogonal,68,dog's ear,899,0.6104163359084039,0.8876547254829174
29,orthogonal,69,dog's muzzle,939,0.5754475387267538,0.8180578917114181
29,orthogonal,70,horse's tail,147,0.5135649500452742,0.9128347136536423
29,orthogonal,71,horse's head,282,0.616590678956069,0.9045127982154806
29,orthogonal,72,horse's eye,104,0.23289835238112852,0.765662354703706
29,orthogonal,73,horse's torso,293,0.7171501706484642,0.8334613187626361
29,orthogonal,74,horse's neck,233,0.4517167381974249,0.8013375839578235
29,orthogonal,75,horse's leg,265,0.49371069186138655,0.7777984358510881
29,orthogonal,76,horse's ear,223,0.2874439469634685,0.8830942901461114
29,orthogonal,77,horse's muzzle,256,0.609356400265824,0.882931906322483
29,orthogonal,78,horse's hoof,127,0.041244844634701884,0.4183566662387585
29,orthogonal,79,motorbike's wheel,244,0.7735655737704918,0.8502209653131297
29,orthogonal,80,motorbike's saddle,8,0.015625,0.44040969386696815
29,orthogonal,81,motorbike's handlebar,11,0.13636363636363635,0.7470916888930581
29,orthogonal,82,motorbike's headlight,113,0.33738938053097345,0.8897528178923952
29,orthogonal,83,person's head,1334,0.33181534313235145,0.607099821628211
29,orthogonal,84,person's eye,585,0.1931481494098647,0.5589388693085848
29,orthogonal,85,person's torso,1273,0.27579957431728036,0.5475961453164653
29,orthogonal,86,person's neck,757,0.18974963936812025,0.505330559867711
29,orthogonal,87,person's leg,486,0.1070473254830749,0.4561874794930894
29,orthogonal,88,person's foot,135,0.05738095298961357,0.3622327139808072
29,orthogonal,89,person's nose,907,0.15424476383210806,0.6049323346426807
29,orthogonal,90,person's ear,688,0.12824612448728362,0.3477150014470342
29,orthogonal,91,person's eyebrow,432,0.04840167577343958,0.6118064572349087
29,orthogonal,92,person's mouth,712,0.09814740522775088,0.6007360846524943
29,orthogonal,93,person's hair,1082,0.31117969466280365,0.6504961564752157
29,orthogonal,94,person's lower arm,753,0.032579207107681994,0.336187640932892
29,orthogonal,95,person's upper arm,1043,0.016051454146322103,0.22776060016206998
29,orthogonal,96,person's hand,669,0.06902270664994135,0.3449284788680518
29,orthogonal,97,pottedplant's pot,181,0.6273020258924579,0.8275090503758489
29,orthogonal,98,pottedplant's plant,203,0.5098522168221732,0.7445424164604084
29,orthogonal,99,sheep's tail,56,0.18973214285714285,0.786130021592336
29,orthogonal,100,sheep's head,217,0.506155366172439,0.8806217324486526
29,orthogonal,101,sheep's eye,63,0.2889077857373253,0.7840555384755135
29,orthogonal,102,sheep's torso,236,0.6106991525423728,0.8403719950277927
29,orthogonal,103,sheep's neck,155,0.35,0.822390478849411
29,orthogonal,104,sheep's leg,53,0.43227762827333416,0.839270533255811
29,orthogonal,105,sheep's ear,174,0.25955117759348334,0.7696527711105072
29,orthogonal,106,sheep's muzzle,177,0.5688122170793135,0.8804440633051813
29,orthogonal,107,sheep's horn,22,0.0,0.19058727464553984
29,orthogonal,108,train's headlight,16,0.12611607182770967,0.6867802143096924
29,orthogonal,109,train's head,209,0.07093871053326073,0.5441239931081471
29,orthogonal,110,train's front,203,0.479064039408867,0.7823953841046747
29,orthogonal,111,train's side,246,0.038109756097560975,0.44121682443996757
29,orthogonal,112,train's back,24,0.4077380957702796,0.71774997189641
29,orthogonal,113,train's roof,48,0.015625,0.27200159694378573
29,orthogonal,114,train's coach,183,0.34309133496440825,0.7553635537624359
29,orthogonal,115,tvmonitor's screen,289,0.3062283737024221,0.6856361201683955
30,linear,0,aeroplane's body,462,0.1774891774891775,0.6919458605897375
30,linear,1,aeroplane's stern,414,0.0015096618357487923,0.3601963160118619
30,linear,2,aeroplane's wing,409,0.0018337408312958435,0.4592883463010811
30,linear,3,aeroplane's tail,1,0.0,0.8173083662986755
30,linear,4,aeroplane's engine,300,0.009166666666666667,0.46402658050258955
30,linear,5,aeroplane's wheel,226,0.2594079225596073,0.898369740068385
30,linear,6,bicycle's wheel,306,0.8178104575163399,0.8389654958170224
30,linear,7,bicycle's saddle,205,0.003048780487804878,0.23039669161889612
30,linear,8,bicycle's handlebar,263,0.42566539925087543,0.932286654928338
30,linear,9,bicycle's chainwheel,217,0.2793778801843318,0.8935935587926944
30,linear,10,bicycle's headlight,1,0.875,0.9649240374565125
30,linear,11,bird's wing,250,0.1962238103747368,0.6646042555868625
30,linear,12,bird's tail,403,0.5063482220134428,0.9256378542400767
30,linear,13,bird's head,535,0.4848776152200788,0.864475743705842
30,linear,14,bird's eye,218,0.03992463983253602,0.20065637446358936
30,linear,15,bird's beak,431,0.356711966082834,0.942201900094955
30,linear,16,bird's torso,575,0.6480517599893653,0.8545937370735666
30,linear,17,bird's neck,284,0.4041876262972053,0.888272286012349
30,linear,18,bird's leg,285,0.3039849624822014,0.9011136640582168
30,linear,19,bird's foot,199,0.060929648690487274,0.682133847145579
30,linear,20,bottle's body,432,0.6822916666666666,0.8254546113312244
30,linear,21,bottle's cap,326,0.4158267602324486,0.8653509402476205
30,linear,22,bus's wheel,233,0.6211424487215255,0.9329697418110565
30,linear,23,bus's headlight,155,0.2815668203176991,0.85987650905886
30,linear,24,bus's front,183,0.3483606557377049,0.7866130762738608
30,linear,25,bus's side,245,0.15379008760257643,0.6851021991700542
30,linear,26,bus's back,53,0.6910377358490566,0.8241249879576126
30,linear,27,bus's roof,20,0.4339285731315613,0.7165086179971695
30,linear,28,bus's mirror,117,0.002136752136752137,0.24169875687768316
30,linear,29,bus's license plate,4,0.1770833358168602,0.6843701675534248
30,linear,30,bus's door,104,0.26510989035551363,0.7408351863806064
30,linear,31,bus's window,261,0.8520114942528736,0.8269642649710863
30,linear,32,car's wheel,515,0.7470688863576037,0.8885683461879064
30,linear,33,car's headlight,289,0.5621642776632804,0.9104434252558695
30,linear,34,car's front,365,0.5423189824574615,0.713280859712052
30,linear,35,car's side,515,0.19530744341391962,0.5950113849732482
30,linear,36,car's back,195,0.6709096460006176,0.8582835368621043
30,linear,37,car's roof,132,0.3995400434642127,0.841340892468438
30,linear,38,car's mirror,279,0.0013440860215053765,0.18754565486380678
30,linear,39,car's license plate,8,0.27604166977107525,0.7197976354509592
30,linear,40,car's door,258,0.6446105575030164,0.863899457477784
30,linear,41,car's window,548,0.7497784156270706,0.8353117374417773
30,linear,42,cat's tail,332,0.5530120482645839,0.9037335985845112
30,linear,43,cat's head,890,0.7675561797752809,0.7942526575470908
30,linear,44,cat's eye,645,0.4667146558909453,0.943846583643625
30,linear,45,cat's torso,871,0.8246268656716418,0.8230328367067122
30,linear,46,cat's neck,601,0.4510537992400457,0.8208633974665611
30,linear,47,cat's leg,670,0.7067164179104478,0.8823984837798929
30,linear,48,cat's nose,589,0.11674549290198827,0.8671495028991246
30,linear,49,cat's paw,570,0.6067815373602666,0.9126860125023022
30,linear,50,cat's ear,848,0.5426409479828095,0.8966583192418769
30,linear,51,cow's tail,49,0.2923469388363313,0.8945466027576097
30,linear,52,cow's head,180,0.5539351853231589,0.8701717051366965
30,linear,53,cow's eye,60,0.2700595242281755,0.8563913787404697
30,linear,54,cow's torso,187,0.7506684491978609,0.8532446310481924
30,linear,55,cow's neck,81,0.27469135802469136,0.8094741032447343
30,linear,56,cow's leg,142,0.4507042253521127,0.8542916879687511
30,linear,57,cow's ear,138,0.2953416157675826,0.8383536302093146
30,linear,58,cow's muzzle,161,0.5975672884017044,0.8616755438378508
30,linear,59,cow's horn,53,0.0023584905660377358,0.18942606364781
30,linear,60,dog's tail,367,0.40711366306046376,0.8420989874557513
30,linear,61,dog's head,1010,0.7021039606025904,0.795980769248292
30,linear,62,dog's eye,641,0.3429072880289298,0.9210201190339979
30,linear,63,dog's torso,981,0.7568261250625692,0.7966649548571165
30,linear,64,dog's neck,454,0.5266021607599595,0.836683738402333
30,linear,65,dog's leg,810,0.6537551441310364,0.8327489388669714
30,linear,66,dog's nose,815,0.020766871271689247,0.6045098536950679
30,linear,67,dog's paw,629,0.4862688319529562,0.87691973646087
30,linear,68,dog's ear,899,0.605866306682052,0.8875710691622686
30,linear,69,dog's muzzle,939,0.548667529409432,0.7994264929264752
30,linear,70,horse's tail,147,0.5440962101731982,0.9216894983839826
30,linear,71,horse's head,282,0.525709219858156,0.8606962636641576
30,linear,72,horse's eye,104,0.2312614472153095,0.8107163148144116
30,linear,73,horse's torso,293,0.7563993174061433,0.8400719921031503
30,linear,74,horse's neck,233,0.4422389127537928,0.7935593720413584
30,linear,75,horse's leg,265,0.5219811320867178,0.7878604420232322
30,linear,76,horse's ear,223,0.27842195245182566,0.8732742348126232
30,linear,77,horse's muzzle,256,0.614708891895134,0.8903168038232252
30,linear,78,horse's hoof,127,0.004921259842519685,0.33431195247713036
30,linear,79,motorbike's wheel,244,0.7776639344262295,0.8436498159512145
30,linear,80,motorbike's saddle,8,0.015625,0.36665917187929153
30,linear,81,motorbike's handlebar,11,0.19318181818181818,0.7287760038267482
30,linear,82,motorbike's headlight,113,0.10951327433628319,0.7904634293729225
30,linear,83,person's head,1334,0.315765332503208,0.5840419015429658
30,linear,84,person's eye,585,0.1796886457846715,0.6163670308943678
30,linear,85,person's torso,1273,0.27975722968297406,0.5599522089230106
30,linear,86,person's neck,757,0.19068692295837905,0.5710835314996767
30,linear,87,person's leg,486,0.06280374309285679,0.4599962801607364
30,linear,88,person's foot,135,0.03716049404055984,0.32902980695168177
30,linear,89,person's nose,907,0.1806124334265668,0.6265529844537172
30,linear,90,person's ear,688,0.1791286001111879,0.5218985916432102
30,linear,91,person's eyebrow,432,0.028847001906898286,0.6280252451284064
30,linear,92,person's mouth,712,0.09571462030407418,0.6004028888536994
30,linear,93,person's hair,1082,0.41903551760200214,0.72065178341277
30,linear,94,person's lower arm,753,0.019920318804255835,0.2723490175850452
30,linear,95,person's upper arm,1043,0.00998721639639122,0.21680850375440125
30,linear,96,person's hand,669,0.014935226762954073,0.26519373334980445
30,linear,97,pottedplant's pot,181,0.636049723756906,0.8343852898363251
30,linear,98,pottedplant's plant,203,0.4656814452022167,0.6943977046299157
30,linear,99,sheep's tail,56,0.23883928571428573,0.8370187681700502
30,linear,100,sheep's head,217,0.4391321044775747,0.8513843689096688
30,linear,101,sheep's eye,63,0.24763794432556818,0.7645764978868621
30,linear,102,sheep's torso,236,0.6440677966101694,0.8413642624677238
30,linear,103,sheep's neck,155,0.3056451612903226,0.778612042627027
30,linear,104,sheep's leg,53,0.455188679245283,0.8442046338657163
30,linear,105,sheep's ear,174,0.27912561629695454,0.8056655723986954
30,linear,106,sheep's muzzle,177,0.5436776983367522,0.8841197372829847
30,linear,107,sheep's horn,22,0.0,0.19354912062937563
30,linear,108,train's headlight,16,0.11830357182770967,0.6966549344360828
30,linear,109,train's head,209,0.07775119617224881,0.5582398815196382
30,linear,110,train's front,203,0.4482758620689655,0.8333969701246675
30,linear,111,train's side,246,0.041666666666666664,0.4380034002952459
30,linear,112,train's back,24,0.4188988109429677,0.7571943402290344
30,linear,113,train's roof,48,0.0078125,0.28208361969639856
30,linear,114,train's coach,183,0.3274134790799657,0.7497358625052405
30,linear,115,tvmonitor's screen,289,0.09991349480968859,0.6217714893570409
30,orthogonal,0,aeroplane's body,462,0.18208874458874458,0.7083772234779931
30,orthogonal,1,aeroplane's stern,414,0.014070048316377372,0.47752701170778505
30,orthogonal,2,aeroplane's wing,409,0.0027506112469437654,0.44202222716983197
30,orthogonal,3,aeroplane's tail,1,0.125,0.815191388130188
30,orthogonal,4,aeroplane's engine,300,0.03730555564165115,0.47577287410696345
30,orthogonal,5,aeroplane's wheel,226,0.277423093804216,0.9074785941469986
30,orthogonal,6,bicycle's wheel,306,0.8092320261437909,0.8431552331042446
30,orthogonal,7,bicycle's saddle,205,0.0024390243902439024,0.2057241852327091
30,orthogonal,8,bicycle's handlebar,263,0.42585551330798477,0.9389793651865462
30,orthogonal,9,bicycle's chainwheel,217,0.375082291010338,0.9106890023578696
30,orthogonal,10,bicycle's headlight,1,1.0,0.977587103843689
30,orthogonal,11,bird's wing,250,0.2195714287161827,0.5998183803446591
30,orthogonal,12,bird's tail,403,0.46041002033957773,0.917419562416692
30,orthogonal,13,bird's head,535,0.592089453395282,0.9031867467493654
30,orthogonal,14,bird's eye,218,0.1731269121033336,0.31316492708246096
30,orthogonal,15,bird's beak,431,0.31295160848967163,0.9215675491467983
30,orthogonal,16,bird's torso,575,0.5770000002436015,0.8519291834727577
30,orthogonal,17,bird's neck,284,0.4073524485066743,0.894597586139407
30,orthogonal,18,bird's leg,285,0.2540559734691653,0.8528019407339263
30,orthogonal,19,bird's foot,199,0.17902608365569284,0.8281179445622554
30,orthogonal,20,bottle's body,432,0.6102430555555556,0.814874694786138
30,orthogonal,21,bottle's cap,326,0.41927768043213826,0.8511593245381227
30,orthogonal,22,bus's wheel,233,0.6177396281850185,0.9288556733100711
30,orthogonal,23,bus's headlight,155,0.23306451612903226,0.8023673234447356
30,orthogonal,24,bus's front,183,0.33401639344262296,0.7837860011012177
30,orthogonal,25,bus's side,245,0.18255102050547697,0.6926834417849171
30,orthogonal,26,bus's back,53,0.5613207547169812,0.7887049249882968
30,orthogonal,27,bus's roof,20,0.225,0.5381394073367118
30,orthogonal,28,bus's mirror,117,0.01575091583097083,0.34062852341140437
30,orthogonal,29,bus's license plate,4,0.19375000149011612,0.7137400507926941
30,orthogonal,30,bus's door,104,0.4580013739088407,0.7534404368354723
30,orthogonal,31,bus's window,261,0.8400383141762452,0.8384810439471541
30,orthogonal,32,car's wheel,515,0.7312736942351443,0.8801987351072066
30,orthogonal,33,car's headlight,289,0.5723430554037688,0.9120294255265727
30,orthogonal,34,car's front,365,0.5429386825185932,0.7360413146345582
30,orthogonal,35,car's side,515,0.21351132693799954,0.6156184971043207
30,orthogonal,36,car's back,195,0.624487179517746,0.8623512760186807
30,orthogonal,37,car's roof,132,0.28756313161416486,0.7394926431729938
30,orthogonal,38,car's mirror,279,0.201378222007478,0.64471855965246
30,orthogonal,39,car's license plate,8,0.1778273843228817,0.8307497203350067
30,orthogonal,40,car's door,258,0.6917451095673465,0.8623176419804263
30,orthogonal,41,car's window,548,0.7542948387835148,0.8646091606712689
30,orthogonal,42,cat's tail,332,0.5446428572197994,0.8977276763643127
30,orthogonal,43,cat's head,890,0.7931942217135697,0.8392672303519891
30,orthogonal,44,cat's eye,645,0.47954780510229655,0.9382828731696273
30,orthogonal,45,cat's torso,871,0.7694904598077047,0.803583111301766
30,orthogonal,46,cat's neck,601,0.45462126620795684,0.834130385354434
30,orthogonal,47,cat's leg,670,0.6666044776119403,0.8760270498136976
30,orthogonal,48,cat's nose,589,0.12248767097757304,0.8571034340987991
30,orthogonal,49,cat's paw,570,0.651489139988757,0.9250021031420482
30,orthogonal,50,cat's ear,848,0.5335284705396812,0.8950592567265596
30,orthogonal,51,cow's tail,49,0.2857142857142857,0.8843147140376422
30,orthogonal,52,cow's head,180,0.6214153447084957,0.9052850926915804
30,orthogonal,53,cow's eye,60,0.3042261915902297,0.8444676597913107
30,orthogonal,54,cow's torso,187,0.6985294117647058,0.8413430737620369
30,orthogonal,55,cow's neck,81,0.29034391542275745,0.8261587178265607
30,orthogonal,56,cow's leg,142,0.45598591549295775,0.8534723591636604
30,orthogonal,57,cow's ear,138,0.29058833776608756,0.8295887286464373
30,orthogonal,58,cow's muzzle,161,0.6185226281237158,0.8588051934096014
30,orthogonal,59,cow's horn,53,0.0023584905660377358,0.22303705465681148
30,orthogonal,60,dog's tail,367,0.38853639555074865,0.8287754586062899
30,orthogonal,61,dog's head,1010,0.729856200471963,0.8303874957827058
30,orthogonal,62,dog's eye,641,0.3659980687866345,0.9270588560334978
30,orthogonal,63,dog's torso,981,0.7094230863448919,0.7839195899186878
30,orthogonal,64,dog's neck,454,0.5531859661776589,0.8484126251962216
30,orthogonal,65,dog's leg,810,0.6448956497289516,0.8349675101446516
30,orthogonal,66,dog's nose,815,0.007855682212150902,0.5743472032386101
30,orthogonal,67,dog's paw,629,0.5380649561201636,0.8849471313182993
30,orthogonal,68,dog's ear,899,0.6124000214993357,0.8881096533925436
30,orthogonal,69,dog's muzzle,939,0.5771717641649409,0.8188865313205285
30,orthogonal,70,horse's tail,147,0.5146420475374274,0.9136781972281787
30,orthogonal,71,horse's head,282,0.6152608917220265,0.9038921599903851
30,orthogonal,72,horse's eye,104,0.23289835238112852,0.7657699806329149
30,orthogonal,73,horse's torso,293,0.7201365187713311,0.8339171021057884
30,orthogonal,74,horse's neck,233,0.4575107297160595,0.803454071219387
30,orthogonal,75,horse's leg,265,0.4960691824274243,0.7769586766665837
30,orthogonal,76,horse's ear,223,0.2868834088468765,0.8823610300640888
30,orthogonal,77,horse's muzzle,256,0.6100539448088966,0.8834126627189107
30,orthogonal,78,horse's hoof,127,0.042229096603205826,0.4220140569322691
30,orthogonal,79,motorbike's wheel,244,0.7730532786885246,0.8497788190353112
30,orthogonal,80,motorbike's saddle,8,0.015625,0.4306500256061554
30,orthogonal,81,motorbike's handlebar,11,0.14772727272727273,0.7555910511450334
30,orthogonal,82,motorbike's headlight,113,0.34292035398230086,0.891261098659144
30,orthogonal,83,person's head,1334,0.3345996652250883,0.6072854457660111
30,orthogonal,84,person's eye,585,0.19317053439270737,0.5602993318237938
30,orthogonal,85,person's torso,1273,0.27707608649324267,0.5470103392996061
30,orthogonal,86,person's neck,757,0.19026860525853725,0.5064790796370416
30,orthogonal,87,person's leg,486,0.10599402353596786,0.45606460531506643
30,orthogonal,88,person's foot,135,0.05645502706368764,0.36521511941596313
30,orthogonal,89,person's nose,907,0.1555139926624666,0.6054527874237138
30,orthogonal,90,person's ear,688,0.13337313182392094,0.3547994635808336
30,orthogonal,91,person's eyebrow,432,0.04786430806335476,0.6106404039461201
30,orthogonal,92,person's mouth,712,0.09739499750515718,0.6007277604834742
30,orthogonal,93,person's hair,1082,0.3203129135554247,0.6556795965763955
30,orthogonal,94,person's lower arm,753,0.03223613494262594,0.3359387324359837
30,orthogonal,95,person's upper arm,1043,0.014533397263899975,0.22442061240134772
30,orthogonal,96,person's hand,669,0.06828599936580801,0.3438448013865872
30,orthogonal,97,pottedplant's pot,181,0.6286832413620712,0.8281546030913928
30,orthogonal,98,pottedplant's plant,203,0.5092364532753751,0.7442285000837495
30,orthogonal,99,sheep's tail,56,0.19196428571428573,0.7880562766055975
30,orthogonal,100,sheep's head,217,0.5059907841517629,0.8798087149309123
30,orthogonal,101,sheep's eye,63,0.2863945582556346,0.7805780083650634
30,orthogonal,102,sheep's torso,236,0.611228813559322,0.8400853668986741
30,orthogonal,103,sheep's neck,155,0.3524193548387097,0.8230296017662171
30,orthogonal,104,sheep's leg,53,0.43935309997144734,0.8393481519986998
30,orthogonal,105,sheep's ear,174,0.260269568398081,0.7703096321088144
30,orthogonal,106,sheep's muzzle,177,0.567224915502435,0.8803452014249596
30,orthogonal,107,sheep's horn,22,0.0,0.19214132758365435
30,orthogonal,108,train's headlight,16,0.12760416697710752,0.6859010979533195
30,orthogonal,109,train's head,209,0.07082478937349822,0.5442018023375689
30,orthogonal,110,train's front,203,0.48091133004926107,0.7855603022895423
30,orthogonal,111,train's side,246,0.03861788617886179,0.44182883675505474
30,orthogonal,112,train's back,24,0.4129464291036129,0.7172677752872308
30,orthogonal,113,train's roof,48,0.015625,0.273055966788282
30,orthogonal,114,train's coach,183,0.34309133496440825,0.7557527494560825
30,orthogonal,115,tvmonitor's screen,289,0.3014705882352941,0.684187119807339
