epoch,method,class_id,class_name,instances,support_purity,proto_gt_cosine
0,absolute,0,aeroplane's body,462,0.050595238095238096,0.62254184548989
0,absolute,1,aeroplane's stern,414,0.5640096618357487,0.8883495355285884
0,absolute,2,aeroplane's wing,409,0.08740831295843521,0.6755783195017603
0,absolute,3,aeroplane's tail,1,0.125,0.9368829727172852
0,absolute,4,aeroplane's engine,300,0.15791666666666668,0.6717337255676588
0,absolute,5,aeroplane's wheel,226,0.0,0.4110498640653306
0,absolute,6,bicycle's wheel,306,0.5649509803921569,0.8024187163979399
0,absolute,7,bicycle's saddle,205,0.08353658536585366,0.7496188560637033
0,absolute,8,bicycle's handlebar,263,0.23669201520912547,0.8559080601418426
0,absolute,9,bicycle's chainwheel,217,0.19182027649769584,0.7977056620033106
0,absolute,10,bicycle's headlight,1,0.25,0.6613311767578125
0,absolute,11,bird's wing,250,0.4655,0.7935805568695068
0,absolute,12,bird's tail,403,0.2531017369727047,0.7374045004878683
0,absolute,13,bird's head,535,0.44929906542056075,0.8483503155897711
0,absolute,14,bird's eye,218,0.012041284403669725,0.5448691843914877
0,absolute,15,bird's beak,431,0.271461716937355,0.9044175229603619
0,absolute,16,bird's torso,575,0.1373913043478261,0.5999478027354116
0,absolute,17,bird's neck,284,0.019806338028169015,0.6477520290604779
0,absolute,18,bird's leg,285,0.25921052631578945,0.8727846057791459
0,absolute,19,bird's foot,199,0.28957286432160806,0.879288392001061
0,absolute,20,bottle's body,432,0.7157407407476394,0.8287293010011867
0,absolute,21,bottle's cap,326,0.20513803680981596,0.7023656391110157
0,absolute,22,bus's wheel,233,0.00536480686695279,0.5252450694981563
0,absolute,23,bus's headlight,155,0.008870967741935484,0.47050642986451424
0,absolute,24,bus's front,183,0.06284153005464481,0.6626061463290877
0,absolute,25,bus's side,245,0.21326530612244898,0.7629566274127182
0,absolute,26,bus's back,53,0.22877358490566038,0.7794704499109736
0,absolute,27,bus's roof,20,0.16875,0.7062645107507706
0,absolute,28,bus's mirror,117,0.0010683760683760685,0.6042363638551826
0,absolute,29,bus's license plate,4,0.0,0.5978005975484848
0,absolute,30,bus's door,104,0.25721153846153844,0.7546377296631153
0,absolute,31,bus's window,261,0.8156130268199234,0.890577121255955
0,absolute,32,car's wheel,515,0.18398058252427185,0.5568142973392912
0,absolute,33,car's headlight,289,0.22621107266435986,0.7392802341586578
0,absolute,34,car's front,365,0.19143835616438357,0.5980096105843374
0,absolute,35,car's side,515,0.22694174757281554,0.6792460396451857
0,absolute,36,car's back,195,0.3942307692307692,0.7942963080528455
0,absolute,37,car's roof,132,0.22916666666666666,0.7380548982006131
0,absolute,38,car's mirror,279,0.05017921146953405,0.6049360130850132
0,absolute,39,car's license plate,8,0.0,0.5096862055361271
0,absolute,40,car's door,258,0.249515503875969,0.7043920991032623
0,absolute,41,car's window,548,0.5652372262773723,0.8343227418669819
0,absolute,42,cat's tail,332,0.036897590361445784,0.5059898857655655
0,absolute,43,cat's head,890,0.8508426966292135,0.8834337619248401
0,absolute,44,cat's eye,645,0.011821705426356589,0.660472955583602
0,absolute,45,cat's torso,871,0.08022388059701492,0.5827127980275761
0,absolute,46,cat's neck,601,0.006031613976705491,0.5540102731913774
0,absolute,47,cat's leg,670,0.5617537313432835,0.8489939779932819
0,absolute,48,cat's nose,589,0.00700339558573854,0.6284772525011785
0,absolute,49,cat's paw,570,0.48486842105263156,0.8955490716455276
0,absolute,50,cat's ear,848,0.4852594339622642,0.8795133381379101
0,absolute,51,cow's tail,49,0.015306122448979591,0.48435554881485143
0,absolute,52,cow's head,180,0.47708333333333336,0.8977572042908933
0,absolute,53,cow's eye,60,0.010416666666666666,0.6717541868487994
0,absolute,54,cow's torso,187,0.07754010695187166,0.6645578726090212
0,absolute,55,cow's neck,81,0.009259259259259259,0.7174786840691979
0,absolute,56,cow's leg,142,0.25088028169014087,0.6899511146713311
0,absolute,57,cow's ear,138,0.3333333333333333,0.866893236187921
0,absolute,58,cow's muzzle,161,0.25698757763975155,0.8223747368554891
0,absolute,59,cow's horn,53,0.018867924528301886,0.5813767010310911
0,absolute,60,dog's tail,367,0.026226158038147138,0.43626033594928254
0,absolute,61,dog's head,1010,0.6866336633663367,0.8130738183413402
0,absolute,62,dog's eye,641,0.0499219968798752,0.7271515553157527
0,absolute,63,dog's torso,981,0.2810907237512742,0.6238480634402548
0,absolute,64,dog's neck,454,0.022301762114537445,0.4676139906278528
0,absolute,65,dog's leg,810,0.4327160493827161,0.7884410685779136
0,absolute,66,dog's nose,815,0.004141104294478528,0.4716501634362285
0,absolute,67,dog's paw,629,0.5129173290937997,0.8982315290192163
0,absolute,68,dog's ear,899,0.03531701890989989,0.4726477359339711
0,absolute,69,dog's muzzle,939,0.2679712460063898,0.7320014968657265
0,absolute,70,horse's tail,147,0.05442176870748299,0.43753761468695945
0,absolute,71,horse's head,282,0.5022163120567376,0.8866252971033678
0,absolute,72,horse's eye,104,0.020432692307692308,0.6956527946660152
0,absolute,73,horse's torso,293,0.04863481228668942,0.5629895890938951
0,absolute,74,horse's neck,233,0.018240343347639486,0.66654170812967
0,absolute,75,horse's leg,265,0.16226415094339622,0.5464632726784022
0,absolute,76,horse's ear,223,0.08688340807174888,0.6912373340450595
0,absolute,77,horse's muzzle,256,0.29296875,0.8327325663994998
0,absolute,78,horse's hoof,127,0.003937007874015748,0.31117869385584135
0,absolute,79,motorbike's wheel,244,0.2832991803278688,0.6907600536331778
0,absolute,80,motorbike's saddle,8,0.046875,0.5889651849865913
0,absolute,81,motorbike's handlebar,11,0.4659090909090909,0.9233372970060869
0,absolute,82,motorbike's headlight,113,0.15597345132743362,0.839092581673006
0,absolute,83,person's head,1334,0.3074801884915518,0.6212701735762541
0,absolute,84,person's eye,585,0.03485958487050146,0.575677106094857
0,absolute,85,person's torso,1273,0.1731287173206939,0.46225699514241336
0,absolute,86,person's neck,757,0.014365918097754293,0.4065827918946349
0,absolute,87,person's leg,486,0.10776748971193416,0.4249846827317367
0,absolute,88,person's foot,135,0.05277777777777778,0.38989025234348246
0,absolute,89,person's nose,907,0.07318081587651598,0.5981097023676395
0,absolute,90,person's ear,688,0.007449127906976744,0.3952778121124856
0,absolute,91,person's eyebrow,432,0.048900462962962965,0.6613651004606962
0,absolute,92,person's mouth,712,0.05495084269662921,0.558626911064003
0,absolute,93,person's hair,1082,0.3606284658068209,0.6968073255292961
0,absolute,94,person's lower arm,753,0.04847277556440903,0.3725627496996882
0,absolute,95,person's upper arm,1043,0.05165388302972196,0.3870550068836456
0,absolute,96,person's hand,669,0.0741778774289985,0.37425640469586813
0,absolute,97,pottedplant's pot,181,0.5179558011049724,0.8127957323967423
0,absolute,98,pottedplant's plant,203,0.4869985926180638,0.7365862691930949
0,absolute,99,sheep's tail,56,0.002232142857142857,0.41045965706663473
0,absolute,100,sheep's head,217,0.5011520737327189,0.9082602394341324
0,absolute,101,sheep's eye,63,0.025793650793650792,0.6500654130701035
0,absolute,102,sheep's torso,236,0.02913135593220339,0.6358345527265031
0,absolute,103,sheep's neck,155,0.037096774193548385,0.7226755780558433
0,absolute,104,sheep's leg,53,0.16981132075471697,0.6325763300904688
0,absolute,105,sheep's ear,174,0.08979885057471264,0.7454313083883675
0,absolute,106,sheep's muzzle,177,0.1384180790960452,0.7769919835915
0,absolute,107,sheep's horn,22,0.028409090909090908,0.7028832625259053
0,absolute,108,train's headlight,16,0.03125,0.6166914394125342
0,absolute,109,train's head,209,0.06578947368421052,0.7138139388777993
0,absolute,110,train's front,203,0.22844827586206898,0.7225734287588467
0,absolute,111,train's side,246,0.3246951219512195,0.7758307432740684
0,absolute,112,train's back,24,0.2708333333333333,0.7451829649507999
0,absolute,113,train's roof,48,0.4583333333333333,0.8299565644313892
0,absolute,114,train's coach,183,0.39959016393442626,0.7462426906074983
0,absolute,115,tvmonitor's screen,289,0.5899653979238755,0.7688843986361085
0,relative,0,aeroplane's body,462,0.16287878787878787,0.6925045688559999
0,relative,1,aeroplane's stern,414,0.013627214204286031,0.4324723546019787
0,relative,2,aeroplane's wing,409,0.060207823960880195,0.504062636224849
0,relative,3,aeroplane's tail,1,0.0,0.5854842662811279
0,relative,4,aeroplane's engine,300,0.08808333337306977,0.3750183772078405
0,relative,5,aeroplane's wheel,226,0.29775600662801116,0.8729862284607592
0,relative,6,bicycle's wheel,306,0.7498638344551224,0.8321591715261437
0,relative,7,bicycle's saddle,205,0.01768292682926829,0.24399192461335079
0,relative,8,bicycle's handlebar,263,0.32604562737642584,0.9008261197646761
0,relative,9,bicycle's chainwheel,217,0.14403664722420653,0.6886836949967637
0,relative,10,bicycle's headlight,1,1.0,0.9717215895652771
0,relative,11,bird's wing,250,0.352233334004879,0.7591281483620406
0,relative,12,bird's tail,403,0.35574264495307695,0.8230652318292161
0,relative,13,bird's head,535,0.5789118827224892,0.9017638710614677
0,relative,14,bird's eye,218,0.0022935779816513763,0.13739619958385346
0,relative,15,bird's beak,431,0.0884929844578015,0.5200725099581819
0,relative,16,bird's torso,575,0.41752588025901627,0.6820812294016714
0,relative,17,bird's neck,284,0.20321093242562993,0.7538779446540375
0,relative,18,bird's leg,285,0.24277360088992536,0.8769345240634784
0,relative,19,bird's foot,199,0.028643216095378052,0.37935704127628
0,relative,20,bottle's body,432,0.603182870377269,0.8188571962355463
0,relative,21,bottle's cap,326,0.10887014317366243,0.41316488959706543
0,relative,22,bus's wheel,233,0.42954731268944146,0.7995729201469298
0,relative,23,bus's headlight,155,0.008064516129032258,0.26512046100631836
0,relative,24,bus's front,183,0.08196721311475409,0.7131184758058663
0,relative,25,bus's side,245,0.21510204082849074,0.6914852833261296
0,relative,26,bus's back,53,0.29245283018867924,0.7118023690187706
0,relative,27,bus's roof,20,0.225,0.5441317558288574
0,relative,28,bus's mirror,117,0.0,0.2055845821960869
0,relative,29,bus's license plate,4,0.15625,0.6438730210065842
0,relative,30,bus's door,104,0.31391941469449264,0.4977064566471829
0,relative,31,bus's window,261,0.37939700826831246,0.4872665959071382
0,relative,32,car's wheel,515,0.49965325987454756,0.5806576958450588
0,relative,33,car's headlight,289,0.18567309293986192,0.3770179501976367
0,relative,34,car's front,365,0.2835388129296368,0.6294791894416286
0,relative,35,car's side,515,0.12592233020125085,0.5666446824313947
0,relative,36,car's back,195,0.3617155069724107,0.787294774254163
0,relative,37,car's roof,132,0.25536616169142,0.6696632451970469
0,relative,38,car's mirror,279,0.02275132299751364,0.20498395258040036
0,relative,39,car's license plate,8,0.296875,0.7073796540498734
0,relative,40,car's door,258,0.4152131796229717,0.5991392973016283
0,relative,41,car's window,548,0.40089720270059404,0.5528161255574792
0,relative,42,cat's tail,332,0.3818452385175659,0.7406715168954289
0,relative,43,cat's head,890,0.4002808988764045,0.7668061711480109
0,relative,44,cat's eye,645,0.19251753440661024,0.4260782480730798
0,relative,45,cat's torso,871,0.6538461538461539,0.7674975044400902
0,relative,46,cat's neck,601,0.269271453386932,0.6884851963840388
0,relative,47,cat's leg,670,0.44455223884155504,0.7692761567657563
0,relative,48,cat's nose,589,0.1026659394109998,0.7733193011148018
0,relative,49,cat's paw,570,0.5607665003653158,0.8696590697948348
0,relative,50,cat's ear,848,0.13593609682020713,0.4815453117612292
0,relative,51,cow's tail,49,0.12755102040816327,0.6628986487583238
0,relative,52,cow's head,180,0.2015873016582595,0.7927195137573613
0,relative,53,cow's eye,60,0.0020833333333333333,0.131773966178298
0,relative,54,cow's torso,187,0.6090527120280393,0.7843236702489343
0,relative,55,cow's neck,81,0.07139917711416881,0.6134872118264069
0,relative,56,cow's leg,142,0.4014084507042254,0.8100573737436617
0,relative,57,cow's ear,138,0.036231884057971016,0.2056082549734392
0,relative,58,cow's muzzle,161,0.31018929424122993,0.7329021604465586
0,relative,59,cow's horn,53,0.02122641509433962,0.1951058677063798
0,relative,60,dog's tail,367,0.2847541201585645,0.6346877432740433
0,relative,61,dog's head,1010,0.3109735973695717,0.7039151240914765
0,relative,62,dog's eye,641,0.15884221116205832,0.56389834784413
0,relative,63,dog's torso,981,0.4791624193952232,0.6435056263799271
0,relative,64,dog's neck,454,0.40137403094033314,0.771389250713298
0,relative,65,dog's leg,810,0.4078159906430009,0.7618161234314795
0,relative,66,dog's nose,815,0.004963482376987949,0.5864932083461913
0,relative,67,dog's paw,629,0.28057195954557823,0.5851625874075914
0,relative,68,dog's ear,899,0.37065257848104727,0.6590050608717377
0,relative,69,dog's muzzle,939,0.3889598882458588,0.7420270123992103
0,relative,70,horse's tail,147,0.44727891156462585,0.8599307776308384
0,relative,71,horse's head,282,0.42104863232754647,0.8592958100509982
0,relative,72,horse's eye,104,0.009615384615384616,0.16838259405743045
0,relative,73,horse's torso,293,0.6396473265243472,0.8149930029192068
0,relative,74,horse's neck,233,0.07415184979786689,0.4795995903053509
0,relative,75,horse's leg,265,0.3133647798929574,0.7096503985377978
0,relative,76,horse's ear,223,0.13127268890896185,0.48659716070015735
0,relative,77,horse's muzzle,256,0.5152343762456439,0.831809885246912
0,relative,78,horse's hoof,127,0.0,0.21586904201040588
0,relative,79,motorbike's wheel,244,0.5046106557377049,0.7531150753502963
0,relative,80,motorbike's saddle,8,0.1875,0.7053270377218723
0,relative,81,motorbike's handlebar,11,0.1590909090909091,0.7988024462353099
0,relative,82,motorbike's headlight,113,0.09070796460176991,0.7446050125676974
0,relative,83,person's head,1334,0.196483901181053,0.5198685329671352
0,relative,84,person's eye,585,0.02427350430407076,0.2733883975304536
0,relative,85,person's torso,1273,0.23185388889026193,0.46867351684842234
0,relative,86,person's neck,757,0.12086714497094425,0.36482769532281106
0,relative,87,person's leg,486,0.13144228923222656,0.3954545114948242
0,relative,88,person's foot,135,0.058985891165556734,0.3407921401369903
0,relative,89,person's nose,907,0.06405208181782883,0.4461266677272162
0,relative,90,person's ear,688,0.03615725363149892,0.20748584247248378
0,relative,91,person's eyebrow,432,0.04421847458514902,0.6136120044048531
0,relative,92,person's mouth,712,0.1180176567076967,0.5897358653032263
0,relative,93,person's hair,1082,0.2710060741676641,0.5572496621663787
0,relative,94,person's lower arm,753,0.06493075320603521,0.36875625429204995
0,relative,95,person's upper arm,1043,0.0402627496025592,0.3464115682466104
0,relative,96,person's hand,669,0.09075912913399427,0.3239292146551725
0,relative,97,pottedplant's pot,181,0.6215469613259669,0.81822186716683
0,relative,98,pottedplant's plant,203,0.5202791461803643,0.7360604858310352
0,relative,99,sheep's tail,56,0.04017857142857143,0.5829390079847404
0,relative,100,sheep's head,217,0.31549264902618074,0.8475299580580627
0,relative,101,sheep's eye,63,0.0,0.3055886867500487
0,relative,102,sheep's torso,236,0.5569007264734325,0.8035531357183294
0,relative,103,sheep's neck,155,0.077073732979836,0.6209057626224334
0,relative,104,sheep's leg,53,0.41273584905660377,0.8251618315588753
0,relative,105,sheep's ear,174,0.12250957894941857,0.4767488952854584
0,relative,106,sheep's muzzle,177,0.4012106550110262,0.8119751477329913
0,relative,107,sheep's horn,22,0.03977272727272727,0.22711958905512636
0,relative,108,train's headlight,16,0.046875,0.4971536686643958
0,relative,109,train's head,209,0.04366028708133971,0.402661886498439
0,relative,110,train's front,203,0.3497536945812808,0.7685270106851174
0,relative,111,train's side,246,0.12652439024390244,0.48482585613562806
0,relative,112,train's back,24,0.3385416666666667,0.7466356183091799
0,relative,113,train's roof,48,0.0026041666666666665,0.26231513475067914
0,relative,114,train's coach,183,0.382285974553374,0.6220200867621136
0,relative,115,tvmonitor's screen,289,0.5899653979238755,0.7688843986361085
1,absolute,0,aeroplane's body,462,0.03977272727272727,0.6036762022352838
1,absolute,1,aeroplane's stern,414,0.6428140096618358,0.9015014416353714
1,absolute,2,aeroplane's wing,409,0.0519559902200489,0.642285183035657
1,absolute,3,aeroplane's tail,1,0.125,0.9229267239570618
1,absolute,4,aeroplane's engine,300,0.06916666666666667,0.5886343457798163
1,absolute,5,aeroplane's wheel,226,0.0,0.35885045090607837
1,absolute,6,bicycle's wheel,306,0.5445261437908496,0.8002195904652277
1,absolute,7,bicycle's saddle,205,0.0701219512195122,0.7314663192120994
1,absolute,8,bicycle's handlebar,263,0.24096958174904942,0.8647406109158984
1,absolute,9,bicycle's chainwheel,217,0.07891705069124424,0.7222555726079897
1,absolute,10,bicycle's headlight,1,0.0,0.5454420447349548
1,absolute,11,bird's wing,250,0.336,0.7126699505448342
1,absolute,12,bird's tail,403,0.11972704714640199,0.5680280686275243
1,absolute,13,bird's head,535,0.452803738317757,0.848501634583852
1,absolute,14,bird's eye,218,0.027522935779816515,0.6342922412200805
1,absolute,15,bird's beak,431,0.25203016241299303,0.8969359348102401
1,absolute,16,bird's torso,575,0.04826086956521739,0.5384865810300993
1,absolute,17,bird's neck,284,0.013644366197183098,0.6450095886338345
1,absolute,18,bird's leg,285,0.2513157894736842,0.8759732914598365
1,absolute,19,bird's foot,199,0.37374371859296485,0.9342504300963339
1,absolute,20,bottle's body,432,0.7206597222291209,0.8278714973065588
1,absolute,21,bottle's cap,326,0.22392638036809817,0.7512406595736925
1,absolute,22,bus's wheel,233,0.002682403433476395,0.4946995618964981
1,absolute,23,bus's headlight,155,0.00564516129032258,0.46307403877858194
1,absolute,24,bus's front,183,0.05806010928961749,0.6626507151322286
1,absolute,25,bus's side,245,0.19438775510204082,0.7597219530416994
1,absolute,26,bus's back,53,0.15566037735849056,0.7456474978968782
1,absolute,27,bus's roof,20,0.075,0.6563569396734238
1,absolute,28,bus's mirror,117,0.003205128205128205,0.6166653671325781
1,absolute,29,bus's license plate,4,0.0,0.4867493435740471
1,absolute,30,bus's door,104,0.22355769230769232,0.7443669263560039
1,absolute,31,bus's window,261,0.814176245210728,0.8935743223204924
1,absolute,32,car's wheel,515,0.12330097087378641,0.5144815783766867
1,absolute,33,car's headlight,289,0.1704152249134948,0.6313318104119037
1,absolute,34,car's front,365,0.11712328767123288,0.5393992925955825
1,absolute,35,car's side,515,0.2216019417475728,0.6594348150983598
1,absolute,36,car's back,195,0.2717948717948718,0.7348069166525816
1,absolute,37,car's roof,132,0.19318181818181818,0.7198211532650571
1,absolute,38,car's mirror,279,0.039874551971326166,0.6114571629672922
1,absolute,39,car's license plate,8,0.015625,0.5010332874953747
1,absolute,40,car's door,258,0.19525193798449614,0.6792255623858104
1,absolute,41,car's window,548,0.5960310218978102,0.8528169103129937
1,absolute,42,cat's tail,332,0.012801204819277108,0.45425332732588414
1,absolute,43,cat's head,890,0.8807584269662921,0.8685211628842889
1,absolute,44,cat's eye,645,0.018604651162790697,0.6837548781735029
1,absolute,45,cat's torso,871,0.02898966704936854,0.5546352379024029
1,absolute,46,cat's neck,601,0.0014559068219633944,0.5101927753643267
1,absolute,47,cat's leg,670,0.5240671641791045,0.8310012257810849
1,absolute,48,cat's nose,589,0.0050933786078098476,0.6073222113283057
1,absolute,49,cat's paw,570,0.47521929824561404,0.8821093244249361
1,absolute,50,cat's ear,848,0.19369103773584906,0.6921784536877893
1,absolute,51,cow's tail,49,0.00510204081632653,0.4484799990848619
1,absolute,52,cow's head,180,0.5368055555555555,0.9002852903472053
1,absolute,53,cow's eye,60,0.014583333333333334,0.6931439538796743
1,absolute,54,cow's torso,187,0.026737967914438502,0.6344246676261412
1,absolute,55,cow's neck,81,0.006172839506172839,0.6915094002529427
1,absolute,56,cow's leg,142,0.11971830985915492,0.5443885078732397
1,absolute,57,cow's ear,138,0.04619565217391304,0.7011323592801025
1,absolute,58,cow's muzzle,161,0.20885093167701863,0.8060188745119556
1,absolute,59,cow's horn,53,0.007075471698113208,0.5781950506399263
1,absolute,60,dog's tail,367,0.006130790190735695,0.37633009258992667
1,absolute,61,dog's head,1010,0.746039603960396,0.8024446244729627
1,absolute,62,dog's eye,641,0.06123244929797192,0.7499585476661808
1,absolute,63,dog's torso,981,0.05823139653414883,0.46633504483009575
1,absolute,64,dog's neck,454,0.0011013215859030838,0.41205149352353576
1,absolute,65,dog's leg,810,0.4217592592592593,0.7707854834971605
1,absolute,66,dog's nose,815,0.00245398773006135,0.46362478343621355
1,absolute,67,dog's paw,629,0.5379570747217806,0.8958148279468661
1,absolute,68,dog's ear,899,0.013626251390433816,0.4367048522339382
1,absolute,69,dog's muzzle,939,0.1538871139510117,0.6701435456736781
1,absolute,70,horse's tail,147,0.00935374149659864,0.346076501976876
1,absolute,71,horse's head,282,0.5186170212765957,0.8851327443799228
1,absolute,72,horse's eye,104,0.026442307692307692,0.7126886503627667
1,absolute,73,horse's torso,293,0.03455631399317406,0.541430036972814
1,absolute,74,horse's neck,233,0.009656652360515022,0.6543491544130022
1,absolute,75,horse's leg,265,0.07216981132075471,0.4436234198088916
1,absolute,76,horse's ear,223,0.0257847533632287,0.620873865124356
1,absolute,77,horse's muzzle,256,0.2451171875,0.8138933387817815
1,absolute,78,horse's hoof,127,0.002952755905511811,0.29296007447355377
1,absolute,79,motorbike's wheel,244,0.13268442622950818,0.6072363940174462
1,absolute,80,motorbike's saddle,8,0.0,0.47560447454452515
1,absolute,81,motorbike's handlebar,11,0.4090909090909091,0.9261300292882052
1,absolute,82,motorbike's headlight,113,0.16039823008849557,0.8423226296374228
1,absolute,83,person's head,1334,0.40052741487835836,0.6655263098814096
1,absolute,84,person's eye,585,0.03721001222092881,0.5929529696416397
1,absolute,85,person's torso,1273,0.15682863876609848,0.45622178443794587
1,absolute,86,person's neck,757,0.008256274768824307,0.4651610875142987
1,absolute,87,person's leg,486,0.09979423868312758,0.41848777425034667
1,absolute,88,person's foot,135,0.053703703703703705,0.3932731817855879
1,absolute,89,person's nose,907,0.06794377067254685,0.6050890079948973
1,absolute,90,person's ear,688,0.006722383720930232,0.44487701817199066
1,absolute,91,person's eyebrow,432,0.05642361111111111,0.6695471027094215
1,absolute,92,person's mouth,712,0.02264747191011236,0.5107718420874202
1,absolute,93,person's hair,1082,0.2535351201506287,0.6600663903515352
1,absolute,94,person's lower arm,753,0.04565073041168659,0.37135053609941865
1,absolute,95,person's upper arm,1043,0.04865771812080537,0.38954649710347333
1,absolute,96,person's hand,669,0.07548579970104634,0.3856533809198882
1,absolute,97,pottedplant's pot,181,0.5165745856353591,0.8101240488705714
1,absolute,98,pottedplant's plant,203,0.46914144976092087,0.7193247899046085
1,absolute,99,sheep's tail,56,0.002232142857142857,0.3983537631907633
1,absolute,100,sheep's head,217,0.511520737327189,0.9057949112582316
1,absolute,101,sheep's eye,63,0.027777777777777776,0.6657596079130021
1,absolute,102,sheep's torso,236,0.018538135593220338,0.6135489246097662
1,absolute,103,sheep's neck,155,0.016935483870967744,0.6979240980840499
1,absolute,104,sheep's leg,53,0.10613207547169812,0.5422222906688474
1,absolute,105,sheep's ear,174,0.02586206896551724,0.6827689266667284
1,absolute,106,sheep's muzzle,177,0.12146892655367232,0.7687723217374187
1,absolute,107,sheep's horn,22,0.028409090909090908,0.6746761094440114
1,absolute,108,train's headlight,16,0.03125,0.588268781080842
1,absolute,109,train's head,209,0.06638755980861244,0.7077641189098358
1,absolute,110,train's front,203,0.21551724137931033,0.7129516368869491
1,absolute,111,train's side,246,0.3313008130081301,0.773238307092248
1,absolute,112,train's back,24,0.21875,0.7166163474321365
1,absolute,113,train's roof,48,0.5078125,0.8815803416073322
1,absolute,114,train's coach,183,0.39207650273224043,0.7439592442388743
1,absolute,115,tvmonitor's screen,289,0.5834775086505191,0.7618076671366049
1,relative,0,aeroplane's body,462,0.17625231918318446,0.698911306016889
1,relative,1,aeroplane's stern,414,0.01393202209962163,0.42791359437908527
1,relative,2,aeroplane's wing,409,0.05043660505039476,0.5088050953797941
1,relative,3,aeroplane's tail,1,0.0,0.6053036451339722
1,relative,4,aeroplane's engine,300,0.08822619050741196,0.39703815266179543
1,relative,5,aeroplane's wheel,226,0.2768120527663062,0.8863988192999257
1,relative,6,bicycle's wheel,306,0.7753267973856209,0.8347386608472447
1,relative,7,bicycle's saddle,205,0.018292682926829267,0.24768389696028176
1,relative,8,bicycle's handlebar,263,0.3341254752851711,0.9038755026833639
1,relative,9,bicycle's chainwheel,217,0.14224270370698744,0.6775216535806724
1,relative,10,bicycle's headlight,1,1.0,0.9719851016998291
1,relative,11,bird's wing,250,0.3723476198911667,0.743105081655085
1,relative,12,bird's tail,403,0.3827986536043749,0.8436132075251184
1,relative,13,bird's head,535,0.5912572320655127,0.9040601920858722
1,relative,14,bird's eye,218,0.0015290520333368844,0.13263942987162516
1,relative,15,bird's beak,431,0.13768368160779956,0.6490275043812678
1,relative,16,bird's torso,575,0.4641511392334233,0.7263683614264363
1,relative,17,bird's neck,284,0.2318200873027385,0.789843479512443
1,relative,18,bird's leg,285,0.248550543136764,0.8751798641263393
1,relative,19,bird's foot,199,0.02467695627380256,0.40352223328684445
1,relative,20,bottle's body,432,0.6034722222291209,0.82191452484026
1,relative,21,bottle's cap,326,0.12092827950701392,0.44499396536773517
1,relative,22,bus's wheel,233,0.5006642144637047,0.8584045549702747
1,relative,23,bus's headlight,155,0.004838709677419355,0.24810231611613304
1,relative,24,bus's front,183,0.08879781420765027,0.7161238160941119
1,relative,25,bus's side,245,0.21975218665843108,0.7001643556721356
1,relative,26,bus's back,53,0.3113207547169811,0.7188253458940758
1,relative,27,bus's roof,20,0.225,0.5398152954876423
1,relative,28,bus's mirror,117,0.0,0.23818057380680346
1,relative,29,bus's license plate,4,0.15625,0.638514906167984
1,relative,30,bus's door,104,0.34895833409749544,0.5168411424383521
1,relative,31,bus's window,261,0.4251505203859103,0.5128105079533953
1,relative,32,car's wheel,515,0.5753513648961355,0.6811756278234489
1,relative,33,car's headlight,289,0.24163783184384804,0.43414948081797483
1,relative,34,car's front,365,0.29353881286431666,0.6429633554938722
1,relative,35,car's side,515,0.15324549249653677,0.590908013985863
1,relative,36,car's back,195,0.3830586082660235,0.7942212784137481
1,relative,37,car's roof,132,0.2695346323378158,0.679810728031126
1,relative,38,car's mirror,279,0.01928656791273411,0.22499034399547244
1,relative,39,car's license plate,8,0.296875,0.699546656338498
1,relative,40,car's door,258,0.4165466972446257,0.6321210695806053
1,relative,41,car's window,548,0.45809436978323614,0.5990350640304115
1,relative,42,cat's tail,332,0.4043746416019388,0.7712157727499683
1,relative,43,cat's head,890,0.34058988764044945,0.7433670823284414
1,relative,44,cat's eye,645,0.30639904088290165,0.49871832185908577
1,relative,45,cat's torso,871,0.6684845005740528,0.7724284707097043
1,relative,46,cat's neck,601,0.30764598752714434,0.7423356980853986
1,relative,47,cat's leg,670,0.44116915428816383,0.7682807225789596
1,relative,48,cat's nose,589,0.10393726284313688,0.8329538069032955
1,relative,49,cat's paw,570,0.5839494576318223,0.8790067434441625
1,relative,50,cat's ear,848,0.13446765561711113,0.5336468863819357
1,relative,51,cow's tail,49,0.13811953365802765,0.649034176401946
1,relative,52,cow's head,180,0.20791666673289405,0.7874175382985009
1,relative,53,cow's eye,60,0.0020833333333333333,0.13393864737202724
1,relative,54,cow's torso,187,0.6277692895681463,0.7920579106253098
1,relative,55,cow's neck,81,0.0864197532703847,0.6686927755305796
1,relative,56,cow's leg,142,0.40669014084507044,0.8174638725082639
1,relative,57,cow's ear,138,0.058876811594202896,0.25104091119736544
1,relative,58,cow's muzzle,161,0.47797249414905996,0.7937633066050569
1,relative,59,cow's horn,53,0.013252471134347736,0.21176607880460205
1,relative,60,dog's tail,367,0.3055858316067454,0.6687559593641466
1,relative,61,dog's head,1010,0.3363625648440701,0.7150929174800911
1,relative,62,dog's eye,641,0.16212577106614195,0.5723088683760994
1,relative,63,dog's torso,981,0.5117105967559824,0.6732207419128593
1,relative,64,dog's neck,454,0.41512743944901204,0.7965407877963545
1,relative,65,dog's leg,810,0.4189373898285407,0.7652192743564094
1,relative,66,dog's nose,815,0.00467426237518802,0.5698814206693802
1,relative,67,dog's paw,629,0.33388977297633554,0.6401105030855854
1,relative,68,dog's ear,899,0.3603951496396367,0.6966439046191509
1,relative,69,dog's muzzle,939,0.3998719527127263,0.7478528883669197
1,relative,70,horse's tail,147,0.45963718828295363,0.8583783927012463
1,relative,71,horse's head,282,0.444803275960557,0.8578143415721595
1,relative,72,horse's eye,104,0.009615384615384616,0.1514848590326997
1,relative,73,horse's torso,293,0.6757679180887372,0.8200324814474217
1,relative,74,horse's neck,233,0.09142141843558381,0.5237334917095597
1,relative,75,horse's leg,265,0.3231132075471698,0.7080430896495873
1,relative,76,horse's ear,223,0.12956972099473124,0.5732570789345109
1,relative,77,horse's muzzle,256,0.5385556202381849,0.8419440054567531
1,relative,78,horse's hoof,127,0.0,0.21006241374773774
1,relative,79,motorbike's wheel,244,0.6470286885245902,0.8121088596641041
1,relative,80,motorbike's saddle,8,0.203125,0.6929491832852364
1,relative,81,motorbike's handlebar,11,0.1590909090909091,0.8139140009880066
1,relative,82,motorbike's headlight,113,0.07632743362831858,0.7419668355610518
1,relative,83,person's head,1334,0.20786214063594724,0.5402124980199283
1,relative,84,person's eye,585,0.03488603990811568,0.29452453901449965
1,relative,85,person's torso,1273,0.23637919473254765,0.46990685295152645
1,relative,86,person's neck,757,0.12490249770635657,0.37302624053829886
1,relative,87,person's leg,486,0.12768959465586108,0.396082750354882
1,relative,88,person's foot,135,0.05788359851748855,0.33716488584738086
1,relative,89,person's nose,907,0.10210400620986766,0.5131984205429813
1,relative,90,person's ear,688,0.040206256993981296,0.20498258438567782
1,relative,91,person's eyebrow,432,0.05653935194843345,0.6118087293817317
1,relative,92,person's mouth,712,0.12268592852554965,0.5930960099212825
1,relative,93,person's hair,1082,0.26500858265954774,0.5538542044995431
1,relative,94,person's lower arm,753,0.06200910651509663,0.3676762705239632
1,relative,95,person's upper arm,1043,0.03865908800641277,0.3425702280494405
1,relative,96,person's hand,669,0.0917556413486934,0.32446820404720234
1,relative,97,pottedplant's pot,181,0.6180939226519337,0.8186022752062392
1,relative,98,pottedplant's plant,203,0.5171123625609675,0.7368185226553179
1,relative,99,sheep's tail,56,0.05357142857142857,0.606191970674055
1,relative,100,sheep's head,217,0.3442725481525544,0.8535115277986922
1,relative,101,sheep's eye,63,0.0,0.22687778545040932
1,relative,102,sheep's torso,236,0.5647951977611598,0.8024335402553364
1,relative,103,sheep's neck,155,0.10833333336537884,0.6511603702460566
1,relative,104,sheep's leg,53,0.4009433962264151,0.8195977925129656
1,relative,105,sheep's ear,174,0.10632183925173748,0.4523298177632621
1,relative,106,sheep's muzzle,177,0.4921240269464288,0.8341982546183517
1,relative,107,sheep's horn,22,0.03409090909090909,0.21795789093117823
1,relative,108,train's headlight,16,0.0625,0.44835013383999467
1,relative,109,train's head,209,0.03597060836958543,0.4124092329070685
1,relative,110,train's front,203,0.37007389162561577,0.7697147351914438
1,relative,111,train's side,246,0.1133130081300813,0.47816870531173256
1,relative,112,train's back,24,0.375,0.7551730411748091
1,relative,113,train's roof,48,0.0026041666666666665,0.26372427221698064
1,relative,114,train's coach,183,0.3770491803278688,0.6512642823709328
1,relative,115,tvmonitor's screen,289,0.5756920415224913,0.7596791188609642
2,absolute,0,aeroplane's body,462,0.03463203463203463,0.5796496989407065
2,absolute,1,aeroplane's stern,414,0.6364734299516909,0.8907046254706268
2,absolute,2,aeroplane's wing,409,0.044926650366748165,0.6113118813134056
2,absolute,3,aeroplane's tail,1,0.125,0.9293807744979858
2,absolute,4,aeroplane's engine,300,0.03208333333333333,0.5469635111590226
2,absolute,5,aeroplane's wheel,226,0.0,0.32388410934832246
2,absolute,6,bicycle's wheel,306,0.3611111111111111,0.7324240135601143
2,absolute,7,bicycle's saddle,205,0.0475609756097561,0.6948899903675405
2,absolute,8,bicycle's handlebar,263,0.2637832699619772,0.8860059577702569
2,absolute,9,bicycle's chainwheel,217,0.01728110599078341,0.6090571799311221
2,absolute,10,bicycle's headlight,1,0.0,0.5559375286102295
2,absolute,11,bird's wing,250,0.147,0.5668577467799186
2,absolute,12,bird's tail,403,0.030707196029776673,0.4099864714938417
2,absolute,13,bird's head,535,0.41985981308411213,0.8357121806696196
2,absolute,14,bird's eye,218,0.025802752293577983,0.6189665520956756
2,absolute,15,bird's beak,431,0.2633410672853828,0.9035733847634698
2,absolute,16,bird's torso,575,0.030217391304347824,0.5167609391264294
2,absolute,17,bird's neck,284,0.012764084507042254,0.6355135762198291
2,absolute,18,bird's leg,285,0.19956140350877194,0.8206408362639578
2,absolute,19,bird's foot,199,0.3599246231155779,0.9095507352495912
2,absolute,20,bottle's body,432,0.7316550925994912,0.8248587835718084
2,absolute,21,bottle's cap,326,0.23351226993865032,0.776022011951252
2,absolute,22,bus's wheel,233,0.001609442060085837,0.4763192037528165
2,absolute,23,bus's headlight,155,0.0016129032258064516,0.45430327855771585
2,absolute,24,bus's front,183,0.05259562841530055,0.660557148397946
2,absolute,25,bus's side,245,0.18316326530612245,0.7602618044736434
2,absolute,26,bus's back,53,0.08254716981132075,0.7048823743496301
2,absolute,27,bus's roof,20,0.05,0.6270961210131645
2,absolute,28,bus's mirror,117,0.002136752136752137,0.623620623197311
2,absolute,29,bus's license plate,4,0.0,0.42772015929222107
2,absolute,30,bus's door,104,0.18870192307692307,0.7326530834230093
2,absolute,31,bus's window,261,0.8160919540229885,0.8953886939876381
2,absolute,32,car's wheel,515,0.03932038834951456,0.43819183041748494
2,absolute,33,car's headlight,289,0.028546712802768166,0.40225032912921743
2,absolute,34,car's front,365,0.09520547945205479,0.5167708630022937
2,absolute,35,car's side,515,0.19563106796116506,0.6378082054621965
2,absolute,36,car's back,195,0.15320512820512822,0.6506366584545527
2,absolute,37,car's roof,132,0.13541666666666666,0.6913454784362605
2,absolute,38,car's mirror,279,0.025089605734767026,0.6068282190403204
2,absolute,39,car's license plate,8,0.0,0.36150762252509594
2,absolute,40,car's door,258,0.1686046511627907,0.6680685512779295
2,absolute,41,car's window,548,0.6261405109489051,0.8637343977380844
2,absolute,42,cat's tail,332,0.00941265060240964,0.4343214861106083
2,absolute,43,cat's head,890,0.8851123595505618,0.8606201188115591
2,absolute,44,cat's eye,645,0.025193798449612403,0.6840383692767269
2,absolute,45,cat's torso,871,0.0169345579793341,0.5420485032309621
2,absolute,46,cat's neck,601,0.0016638935108153079,0.501071867500486
2,absolute,47,cat's leg,670,0.517910447761194,0.823653422162604
2,absolute,48,cat's nose,589,0.00466893039049236,0.6059844078960969
2,absolute,49,cat's paw,570,0.4475877192982456,0.8629236663381259
2,absolute,50,cat's ear,848,0.052034198113207544,0.5755809471362604
2,absolute,51,cow's tail,49,0.002551020408163265,0.4215857705899647
2,absolute,52,cow's head,180,0.5486111111111112,0.8989741066263781
2,absolute,53,cow's eye,60,0.014583333333333334,0.6892199849088987
2,absolute,54,cow's torso,187,0.0213903743315508,0.6276412643691435
2,absolute,55,cow's neck,81,0.004629629629629629,0.6860543938330662
2,absolute,56,cow's leg,142,0.05721830985915493,0.46761067809773166
2,absolute,57,cow's ear,138,0.026268115942028984,0.678187341361806
2,absolute,58,cow's muzzle,161,0.18400621118012422,0.8012882687660478
2,absolute,59,cow's horn,53,0.0047169811320754715,0.5771742772381261
2,absolute,60,dog's tail,367,0.0006811989100817438,0.3465839733625952
2,absolute,61,dog's head,1010,0.7681930693069307,0.8013751965569388
2,absolute,62,dog's eye,641,0.06396255850234009,0.7376522074065602
2,absolute,63,dog's torso,981,0.02089704383282365,0.42798064769104227
2,absolute,64,dog's neck,454,0.0005506607929515419,0.41076358240343924
2,absolute,65,dog's leg,810,0.4166666666666667,0.7612326541616593
2,absolute,66,dog's nose,815,0.002607361963190184,0.4594621813736079
2,absolute,67,dog's paw,629,0.5139109697933227,0.8811408979003873
2,absolute,68,dog's ear,899,0.011818687430478309,0.4305756151991108
2,absolute,69,dog's muzzle,939,0.11994142705005324,0.6538392233804138
2,absolute,70,horse's tail,147,0.003401360544217687,0.3279093983424764
2,absolute,71,horse's head,282,0.525709219858156,0.8852780672675329
2,absolute,72,horse's eye,104,0.027644230769230768,0.7129192750614423
2,absolute,73,horse's torso,293,0.03114334470989761,0.5382917223326582
2,absolute,74,horse's neck,233,0.01072961373390558,0.6540348224118032
2,absolute,75,horse's leg,265,0.03443396226415094,0.4047480412811603
2,absolute,76,horse's ear,223,0.015134529147982063,0.6070172170619793
2,absolute,77,horse's muzzle,256,0.2265625,0.8086655917577446
2,absolute,78,horse's hoof,127,0.002952755905511811,0.2884924245162273
2,absolute,79,motorbike's wheel,244,0.02663934426229508,0.5252609285296964
2,absolute,80,motorbike's saddle,8,0.0,0.46463848277926445
2,absolute,81,motorbike's handlebar,11,0.4772727272727273,0.9358029094609347
2,absolute,82,motorbike's headlight,113,0.13606194690265486,0.837891300431395
2,absolute,83,person's head,1334,0.41252141787685914,0.6708945697145551
2,absolute,84,person's eye,585,0.0355006105115271,0.5950945190639577
2,absolute,85,person's torso,1273,0.13070923578102384,0.44186603981059247
2,absolute,86,person's neck,757,0.009247027741083224,0.4753173528450739
2,absolute,87,person's leg,486,0.08873456790123457,0.4091583280000115
2,absolute,88,person's foot,135,0.05462962962962963,0.3933455596436505
2,absolute,89,person's nose,907,0.06987320837927233,0.6068456094042535
2,absolute,90,person's ear,688,0.0078125,0.448769849244516
2,absolute,91,person's eyebrow,432,0.055844907407407406,0.6702611756713681
2,absolute,92,person's mouth,712,0.017029494382022472,0.4979764205204804
2,absolute,93,person's hair,1082,0.1981977818881518,0.6332416863537044
2,absolute,94,person's lower arm,753,0.03751660026560425,0.37226340533104313
2,absolute,95,person's upper arm,1043,0.0364333652924257,0.39486997513491606
2,absolute,96,person's hand,669,0.0726831091180867,0.3920876654101639
2,absolute,97,pottedplant's pot,181,0.5227900552486188,0.8095102507765122
2,absolute,98,pottedplant's plant,203,0.42850105567225094,0.6893584124854045
2,absolute,99,sheep's tail,56,0.0,0.39405426516064573
2,absolute,100,sheep's head,217,0.5126728110599078,0.9045508788203314
2,absolute,101,sheep's eye,63,0.02976190476190476,0.6655159171611543
2,absolute,102,sheep's torso,236,0.019597457627118644,0.6097526540190487
2,absolute,103,sheep's neck,155,0.016129032258064516,0.6926181860508457
2,absolute,104,sheep's leg,53,0.0589622641509434,0.49386240570050366
2,absolute,105,sheep's ear,174,0.013649425287356323,0.6639517555548542
2,absolute,106,sheep's muzzle,177,0.11087570621468927,0.7660812946025934
2,absolute,107,sheep's horn,22,0.028409090909090908,0.6679558618502184
2,absolute,108,train's headlight,16,0.0234375,0.5481234807521105
2,absolute,109,train's head,209,0.0645933014354067,0.7026974193074487
2,absolute,110,train's front,203,0.20073891625615764,0.7026080591191212
2,absolute,111,train's side,246,0.33434959349593496,0.7708517002865551
2,absolute,112,train's back,24,0.1875,0.6958439176281294
2,absolute,113,train's roof,48,0.5182291666666666,0.8968961189190546
2,absolute,114,train's coach,183,0.3941256830601093,0.7409555234544264
2,absolute,115,tvmonitor's screen,289,0.5679065743944637,0.7548076131970824
2,relative,0,aeroplane's body,462,0.19453463203463203,0.7109718351782143
2,relative,1,aeroplane's stern,414,0.012278582990745416,0.4260793210407674
2,relative,2,aeroplane's wing,409,0.040627546918129864,0.5069902414469672
2,relative,3,aeroplane's tail,1,0.0,0.6667315363883972
2,relative,4,aeroplane's engine,300,0.0700317462782065,0.41929002283451455
2,relative,5,aeroplane's wheel,226,0.2776917409052891,0.8956481583614265
2,relative,6,bicycle's wheel,306,0.7912581699346405,0.8379480573866103
2,relative,7,bicycle's saddle,205,0.01707317073170732,0.25498508509339357
2,relative,8,bicycle's handlebar,263,0.3564638783269962,0.9122148002055208
2,relative,9,bicycle's chainwheel,217,0.1411729209846066,0.676895410766662
2,relative,10,bicycle's headlight,1,0.875,0.9534798264503479
2,relative,11,bird's wing,250,0.38431428676843643,0.7303987706825137
2,relative,12,bird's tail,403,0.38953680772491484,0.8612931542671644
2,relative,13,bird's head,535,0.5976858034869221,0.9072477662674735
2,relative,14,bird's eye,218,0.0015290520333368844,0.13351081674619483
2,relative,15,bird's beak,431,0.18646834642040758,0.7466021736094127
2,relative,16,bird's torso,575,0.5046625263794609,0.7631506472307703
2,relative,17,bird's neck,284,0.26465040266933576,0.8168292190407364
2,relative,18,bird's leg,285,0.2412406016337244,0.868714017407936
2,relative,19,bird's foot,199,0.03161641551022554,0.43310934870536605
2,relative,20,bottle's body,432,0.6115740740809728,0.8240431249141693
2,relative,21,bottle's cap,326,0.14130514188229673,0.47925104701925825
2,relative,22,bus's wheel,233,0.5420958513609841,0.8940415256396895
2,relative,23,bus's headlight,155,0.004032258064516129,0.2493729356075487
2,relative,24,bus's front,183,0.09631147540983606,0.7202679912249247
2,relative,25,bus's side,245,0.21887755102040815,0.7034958564505285
2,relative,26,bus's back,53,0.3018867924528302,0.7161778093508955
2,relative,27,bus's roof,20,0.225,0.5341984912753105
2,relative,28,bus's mirror,117,0.0,0.2723406963687167
2,relative,29,bus's license plate,4,0.1770833358168602,0.6423942893743515
2,relative,30,bus's door,104,0.3562500004011851,0.5418550566985056
2,relative,31,bus's window,261,0.4735951473886483,0.543341801769432
2,relative,32,car's wheel,515,0.6400231166661364,0.7506644837051919
2,relative,33,car's headlight,289,0.27237189048095556,0.5057088261966475
2,relative,34,car's front,365,0.3200717548393223,0.6582617650701575
2,relative,35,car's side,515,0.17927415637136662,0.6065749350320367
2,relative,36,car's back,195,0.40650183184024613,0.8032807588577271
2,relative,37,car's roof,132,0.2862644303928722,0.6949562995384136
2,relative,38,car's mirror,279,0.023745519713261647,0.25452822370881945
2,relative,39,car's license plate,8,0.265625,0.6824207482859492
2,relative,40,car's door,258,0.41443337078473363,0.6581466718353042
2,relative,41,car's window,548,0.5098952907443481,0.6503118142132124
2,relative,42,cat's tail,332,0.4214321575071438,0.7848918554541396
2,relative,43,cat's head,890,0.3467696629213483,0.740252892116315
2,relative,44,cat's eye,645,0.4259819136109463,0.6319253141919599
2,relative,45,cat's torso,871,0.6784347493359745,0.7770272660679713
2,relative,46,cat's neck,601,0.33294509224804386,0.7659248509405556
2,relative,47,cat's leg,670,0.44561833694799624,0.7702165001586302
2,relative,48,cat's nose,589,0.11172891925571325,0.8535886058277105
2,relative,49,cat's paw,570,0.5987781961497508,0.8924890738601486
2,relative,50,cat's ear,848,0.15112589895373807,0.5746021193094147
2,relative,51,cow's tail,49,0.15291545220783778,0.6638206522531656
2,relative,52,cow's head,180,0.20894179915388425,0.7901864135430918
2,relative,53,cow's eye,60,0.010416666666666666,0.15381606792410216
2,relative,54,cow's torso,187,0.6377005347593583,0.7976073419505899
2,relative,55,cow's neck,81,0.10875955352812637,0.6909743094885791
2,relative,56,cow's leg,142,0.4163732394366197,0.8229760357611616
2,relative,57,cow's ear,138,0.05766908219759015,0.31781261855992826
2,relative,58,cow's muzzle,161,0.5852558436045735,0.8293470031356219
2,relative,59,cow's horn,53,0.04528301898038612,0.1976026939931062
2,relative,60,dog's tail,367,0.31989100879966725,0.6900108981197471
2,relative,61,dog's head,1010,0.3661185761932099,0.7285720927142861
2,relative,62,dog's eye,641,0.201049328013069,0.636694907096713
2,relative,63,dog's torso,981,0.550671084150748,0.7018244932125589
2,relative,64,dog's neck,454,0.44058632302520556,0.8124771216137556
2,relative,65,dog's leg,810,0.43270723111467596,0.7713138873654383
2,relative,66,dog's nose,815,0.00404031554614108,0.5578292535675083
2,relative,67,dog's paw,629,0.3791978963560444,0.6905781334896819
2,relative,68,dog's ear,899,0.3739485685631749,0.7399789073895062
2,relative,69,dog's muzzle,939,0.41988691248007604,0.7567126082694823
2,relative,70,horse's tail,147,0.4722222222560117,0.8627938802043597
2,relative,71,horse's head,282,0.45866261401497727,0.8606995218400414
2,relative,72,horse's eye,104,0.017628205223725393,0.16054701283932304
2,relative,73,horse's torso,293,0.6868600682593856,0.8224292001321454
2,relative,74,horse's neck,233,0.10759247916195014,0.5427850430967214
2,relative,75,horse's leg,265,0.3330188679245283,0.7120382639737624
2,relative,76,horse's ear,223,0.12021140413433981,0.6214916009973784
2,relative,77,horse's muzzle,256,0.5577659990522079,0.8474608054384589
2,relative,78,horse's hoof,127,0.0,0.20587161137891097
2,relative,79,motorbike's wheel,244,0.742827868852459,0.8496770408676296
2,relative,80,motorbike's saddle,8,0.203125,0.7108604721724987
2,relative,81,motorbike's handlebar,11,0.17045454545454544,0.7996777133508162
2,relative,82,motorbike's headlight,113,0.07853982300884955,0.754164235913648
2,relative,83,person's head,1334,0.21628649982957468,0.5494796602876446
2,relative,84,person's eye,585,0.04764143269286197,0.318722981111043
2,relative,85,person's torso,1273,0.23677196766294462,0.4738456020395082
2,relative,86,person's neck,757,0.13308643235713047,0.3843025699580184
2,relative,87,person's leg,486,0.12666323765683077,0.4000952506664021
2,relative,88,person's foot,135,0.06114638513988919,0.3433227651993985
2,relative,89,person's nose,907,0.11897017968594699,0.5437324490760634
2,relative,90,person's ear,688,0.04872819770474073,0.20862126093950709
2,relative,91,person's eyebrow,432,0.06055445341324365,0.610643287764914
2,relative,92,person's mouth,712,0.12600153854137727,0.5940102484035358
2,relative,93,person's hair,1082,0.26332189127554956,0.553548341409119
2,relative,94,person's lower arm,753,0.058001328076657706,0.36259119679108087
2,relative,95,person's upper arm,1043,0.04441743153339379,0.33579741260581514
2,relative,96,person's hand,669,0.08612534746817231,0.3245103556742148
2,relative,97,pottedplant's pot,181,0.6169889503421045,0.8175444506643885
2,relative,98,pottedplant's plant,203,0.5145320199393286,0.7365187948266861
2,relative,99,sheep's tail,56,0.0625,0.6115301071799227
2,relative,100,sheep's head,217,0.33896203682444614,0.8472977742072074
2,relative,101,sheep's eye,63,0.0,0.18797153346831835
2,relative,102,sheep's torso,236,0.5667372881355932,0.8023969983145341
2,relative,103,sheep's neck,155,0.13248847934507554,0.6679452590404018
2,relative,104,sheep's leg,53,0.39622641509433965,0.8157000367371541
2,relative,105,sheep's ear,174,0.11377257819490871,0.4786819700344369
2,relative,106,sheep's muzzle,177,0.5298426173164346,0.8464978040632724
2,relative,107,sheep's horn,22,0.019480521028692074,0.19171457949348472
2,relative,108,train's headlight,16,0.0703125,0.46770526887848973
2,relative,109,train's head,209,0.04724880382775119,0.4185797083793146
2,relative,110,train's front,203,0.4039408866995074,0.7741197430588341
2,relative,111,train's side,246,0.09959349593495935,0.4721016019461601
2,relative,112,train's back,24,0.3854166666666667,0.7542317161957423
2,relative,113,train's roof,48,0.0078125,0.2653331760472308
2,relative,114,train's coach,183,0.3743169398907104,0.6628623975369611
2,relative,115,tvmonitor's screen,289,0.5640138408304498,0.7532274325001198
3,absolute,0,aeroplane's body,462,0.03300865800865801,0.5655757308135301
3,absolute,1,aeroplane's stern,414,0.5996376811594203,0.8802011547169247
3,absolute,2,aeroplane's wing,409,0.04125916870415648,0.5941125404791028
3,absolute,3,aeroplane's tail,1,0.25,0.9403553009033203
3,absolute,4,aeroplane's engine,300,0.01625,0.517452428440253
3,absolute,5,aeroplane's wheel,226,0.0,0.2984500866943756
3,absolute,6,bicycle's wheel,306,0.2013888888888889,0.6619333200205385
3,absolute,7,bicycle's saddle,205,0.03536585365853658,0.6782705925586747
3,absolute,8,bicycle's handlebar,263,0.2899239543726236,0.9000361074512903
3,absolute,9,bicycle's chainwheel,217,0.008640552995391706,0.5514764616840996
3,absolute,10,bicycle's headlight,1,0.0,0.5623921751976013
3,absolute,11,bird's wing,250,0.0705,0.4964260159730911
3,absolute,12,bird's tail,403,0.012096774193548387,0.3599569055600734
3,absolute,13,bird's head,535,0.38037383177570094,0.8185221455155689
3,absolute,14,bird's eye,218,0.017201834862385322,0.5891370263394959
3,absolute,15,bird's beak,431,0.2790023201856148,0.9141249939488147
3,absolute,16,bird's torso,575,0.025652173913043478,0.5060800969859828
3,absolute,17,bird's neck,284,0.013644366197183098,0.6262193013140014
3,absolute,18,bird's leg,285,0.12192982456140351,0.6882487546979336
3,absolute,19,bird's foot,199,0.2964824120603015,0.8032434929405624
3,absolute,20,bottle's body,432,0.7336805555624543,0.8200288367354207
3,absolute,21,bottle's cap,326,0.236579754601227,0.7946916910036941
3,absolute,22,bus's wheel,233,0.001072961373390558,0.46570186179467027
3,absolute,23,bus's headlight,155,0.0,0.44803989279654716
3,absolute,24,bus's front,183,0.04439890710382514,0.6560609755945987
3,absolute,25,bus's side,245,0.18112244897959184,0.7611606258518842
3,absolute,26,bus's back,53,0.05660377358490566,0.6822544235103535
3,absolute,27,bus's roof,20,0.03125,0.6082864850759506
3,absolute,28,bus's mirror,117,0.002136752136752137,0.6240501844475412
3,absolute,29,bus's license plate,4,0.0,0.3936365321278572
3,absolute,30,bus's door,104,0.17067307692307693,0.7264881328894541
3,absolute,31,bus's window,261,0.8175287356321839,0.8964322591878445
3,absolute,32,car's wheel,515,0.013349514563106795,0.4012802758118481
3,absolute,33,car's headlight,289,0.012975778546712802,0.35912119081585464
3,absolute,34,car's front,365,0.09383561643835617,0.515640663059607
3,absolute,35,car's side,515,0.17160194174757282,0.6245405305936499
3,absolute,36,car's back,195,0.11346153846153846,0.6068579936638857
3,absolute,37,car's roof,132,0.09185606060606061,0.6703195727684281
3,absolute,38,car's mirror,279,0.013440860215053764,0.5931229370255624
3,absolute,39,car's license plate,8,0.0,0.2779491674154997
3,absolute,40,car's door,258,0.15843023255813954,0.6643113739961801
3,absolute,41,car's window,548,0.6530565693430657,0.8746905786386372
3,absolute,42,cat's tail,332,0.007530120481927711,0.4205063930880952
3,absolute,43,cat's head,890,0.8832865168539326,0.8570348807307107
3,absolute,44,cat's eye,645,0.028488372093023257,0.6835846761862437
3,absolute,45,cat's torso,871,0.012629161882893225,0.5333148185783905
3,absolute,46,cat's neck,601,0.0014559068219633944,0.4981825845610481
3,absolute,47,cat's leg,670,0.5070895522388059,0.8176556201345885
3,absolute,48,cat's nose,589,0.005730050933786078,0.6085753921539553
3,absolute,49,cat's paw,570,0.4307017543859649,0.8476769786916281
3,absolute,50,cat's ear,848,0.031987028301886794,0.5547990281978306
3,absolute,51,cow's tail,49,0.002551020408163265,0.414896017738751
3,absolute,52,cow's head,180,0.55625,0.8995911996397707
3,absolute,53,cow's eye,60,0.014583333333333334,0.6851942593852679
3,absolute,54,cow's torso,187,0.02339572192513369,0.6272885918139136
3,absolute,55,cow's neck,81,0.004629629629629629,0.684980587090975
3,absolute,56,cow's leg,142,0.03345070422535211,0.44283970193543903
3,absolute,57,cow's ear,138,0.020833333333333332,0.6727792251369228
3,absolute,58,cow's muzzle,161,0.17857142857142858,0.800536583854545
3,absolute,59,cow's horn,53,0.0047169811320754715,0.5780895909048477
3,absolute,60,dog's tail,367,0.0003405994550408719,0.3318229432367499
3,absolute,61,dog's head,1010,0.7735148514851485,0.8006849080324173
3,absolute,62,dog's eye,641,0.06357254290171607,0.7305440852961934
3,absolute,63,dog's torso,981,0.016692150866462793,0.4199278206468601
3,absolute,64,dog's neck,454,0.0005506607929515419,0.4118265665837847
3,absolute,65,dog's leg,810,0.4137345679012346,0.7563932759618318
3,absolute,66,dog's nose,815,0.0023006134969325155,0.4566171604797153
3,absolute,67,dog's paw,629,0.504570747217806,0.8755306041487071
3,absolute,68,dog's ear,899,0.011123470522803115,0.4293547157649867
3,absolute,69,dog's muzzle,939,0.10796059637912674,0.6477507399484372
3,absolute,70,horse's tail,147,0.002551020408163265,0.32387603778822893
3,absolute,71,horse's head,282,0.5310283687943262,0.8851813663404884
3,absolute,72,horse's eye,104,0.030048076923076924,0.7128722349611613
3,absolute,73,horse's torso,293,0.03114334470989761,0.5375952168332839
3,absolute,74,horse's neck,233,0.011802575107296138,0.6549490548254594
3,absolute,75,horse's leg,265,0.02169811320754717,0.3932119467348423
3,absolute,76,horse's ear,223,0.011210762331838564,0.6028408378763583
3,absolute,77,horse's muzzle,256,0.2197265625,0.8070674128830433
3,absolute,78,horse's hoof,127,0.001968503937007874,0.28792095266458556
3,absolute,79,motorbike's wheel,244,0.005122950819672131,0.49393024631455296
3,absolute,80,motorbike's saddle,8,0.0,0.46462417766451836
3,absolute,81,motorbike's handlebar,11,0.5113636363636364,0.9531735669482838
3,absolute,82,motorbike's headlight,113,0.10287610619469026,0.8283361033000777
3,absolute,83,person's head,1334,0.4169254658528711,0.6739997328517364
3,absolute,84,person's eye,585,0.03656898657990317,0.5972454538966856
3,absolute,85,person's torso,1273,0.08995903939453524,0.4139483831237595
3,absolute,86,person's neck,757,0.009412153236459709,0.4774408527899686
3,absolute,87,person's leg,486,0.07381687242798354,0.39082279887219024
3,absolute,88,person's foot,135,0.05555555555555555,0.3788590884732979
3,absolute,89,person's nose,907,0.0711135611907387,0.6085409378825944
3,absolute,90,person's ear,688,0.007449127906976744,0.45085784819533475
3,absolute,91,person's eyebrow,432,0.05439814814814815,0.6720953087895867
3,absolute,92,person's mouth,712,0.015625,0.4949182003129567
3,absolute,93,person's hair,1082,0.18514325323750483,0.6260863737032754
3,absolute,94,person's lower arm,753,0.022244355909694556,0.3598530096475624
3,absolute,95,person's upper arm,1043,0.02205177372962608,0.3867192619635562
3,absolute,96,person's hand,669,0.062406576980568014,0.3768385911265719
3,absolute,97,pottedplant's pot,181,0.5248618784530387,0.8098002629385469
3,absolute,98,pottedplant's plant,203,0.3897079522239751,0.6610287631967385
3,absolute,99,sheep's tail,56,0.0,0.3944085519760847
3,absolute,100,sheep's head,217,0.5120967741935484,0.9028801144817458
3,absolute,101,sheep's eye,63,0.02976190476190476,0.6636179926849547
3,absolute,102,sheep's torso,236,0.018008474576271187,0.6114307917275671
3,absolute,103,sheep's neck,155,0.016129032258064516,0.690688891372373
3,absolute,104,sheep's leg,53,0.04245283018867924,0.4781973958015442
3,absolute,105,sheep's ear,174,0.010057471264367816,0.6577494931888992
3,absolute,106,sheep's muzzle,177,0.10805084745762712,0.7640147928127461
3,absolute,107,sheep's horn,22,0.028409090909090908,0.6680504815144972
3,absolute,108,train's headlight,16,0.015625,0.5325592430308461
3,absolute,109,train's head,209,0.06698564593301436,0.6996546948783136
3,absolute,110,train's front,203,0.17672413793103448,0.6883531847757659
3,absolute,111,train's side,246,0.3333333333333333,0.7703696333053636
3,absolute,112,train's back,24,0.16666666666666666,0.6840188714365164
3,absolute,113,train's roof,48,0.5208333333333334,0.9002990759909153
3,absolute,114,train's coach,183,0.3927595628415301,0.7392408477315486
3,absolute,115,tvmonitor's screen,289,0.5519031141868512,0.7493868168043842
3,relative,0,aeroplane's body,462,0.21107761287715013,0.7218503895582575
3,relative,1,aeroplane's stern,414,0.012781803554670823,0.42660357995669623
3,relative,2,aeroplane's wing,409,0.04028408437020038,0.5041558150302227
3,relative,3,aeroplane's tail,1,0.0,0.675222635269165
3,relative,4,aeroplane's engine,300,0.08128174612919489,0.4431372311618179
3,relative,5,aeroplane's wheel,226,0.27906131507021137,0.8978827920107715
3,relative,6,bicycle's wheel,306,0.8031045751633987,0.842345321684881
3,relative,7,bicycle's saddle,205,0.016463414634146342,0.25479430158327265
3,relative,8,bicycle's handlebar,263,0.376425855513308,0.9189566767034422
3,relative,9,bicycle's chainwheel,217,0.14616524040149653,0.6848649179846186
3,relative,10,bicycle's headlight,1,0.875,0.9435085654258728
3,relative,11,bird's wing,250,0.38696190565824506,0.7247303727194667
3,relative,12,bird's tail,403,0.4007975900217558,0.86944798870063
3,relative,13,bird's head,535,0.6069336896466317,0.9087768597580562
3,relative,14,bird's eye,218,0.01529051992324514,0.14223028315068864
3,relative,15,bird's beak,431,0.2149624358473687,0.7940424445956047
3,relative,16,bird's torso,575,0.5305093173617902,0.7929372406524161
3,relative,17,bird's neck,284,0.28559691506162493,0.8332468834771237
3,relative,18,bird's leg,285,0.2443107770723209,0.8650113656855466
3,relative,19,bird's foot,199,0.04166666676650694,0.47581330950760364
3,relative,20,bottle's body,432,0.6173611111180098,0.8260727364362942
3,relative,21,bottle's cap,326,0.1644025709640029,0.5224176194815914
3,relative,22,bus's wheel,233,0.5675965665236051,0.9083194547200919
3,relative,23,bus's headlight,155,0.004032258064516129,0.2653958229287978
3,relative,24,bus's front,183,0.10450819672131148,0.7228897622699946
3,relative,25,bus's side,245,0.21887755102040815,0.7044589970793043
3,relative,26,bus's back,53,0.3231132075471698,0.7187744148497311
3,relative,27,bus's roof,20,0.225,0.5475144013762474
3,relative,28,bus's mirror,117,0.0,0.30795191549974626
3,relative,29,bus's license plate,4,0.19375000149011612,0.641802467405796
3,relative,30,bus's door,104,0.3767742682248354,0.5700631542489506
3,relative,31,bus's window,261,0.5340631277054205,0.5822205173558203
3,relative,32,car's wheel,515,0.6867961172629329,0.7951938576743152
3,relative,33,car's headlight,289,0.3052067892258555,0.5749144354177749
3,relative,34,car's front,365,0.34686888472674643,0.669888597767647
3,relative,35,car's side,515,0.20043689336591555,0.6174528521169158
3,relative,36,car's back,195,0.41904761921136807,0.8092660963535309
3,relative,37,car's roof,132,0.28969155884150305,0.7021974080778433
3,relative,38,car's mirror,279,0.03707970662783551,0.2743052652649795
3,relative,39,car's license plate,8,0.265625,0.7043815646320581
3,relative,40,car's door,258,0.4422480625122093,0.6825918524937574
3,relative,41,car's window,548,0.5594021552888147,0.6905502304570735
3,relative,42,cat's tail,332,0.44002438359052304,0.8030003709073391
3,relative,43,cat's head,890,0.3845505617977528,0.7491146485415402
3,relative,44,cat's eye,645,0.4969398328269175,0.7449512089617089
3,relative,45,cat's torso,871,0.6962303865345967,0.7850661194112353
3,relative,46,cat's neck,601,0.35335155758703013,0.7748695452838591
3,relative,47,cat's leg,670,0.45789978684329274,0.7750199492965172
3,relative,48,cat's nose,589,0.11855445073598107,0.8632151590745599
3,relative,49,cat's paw,570,0.6125543030207617,0.9031854458316638
3,relative,50,cat's ear,848,0.18055789580322662,0.622029198759745
3,relative,51,cow's tail,49,0.17755102046898433,0.693940119817853
3,relative,52,cow's head,180,0.22337962968481911,0.7967678561806679
3,relative,53,cow's eye,60,0.022916666666666665,0.17315239577243727
3,relative,54,cow's torso,187,0.642379679144385,0.8030537923070836
3,relative,55,cow's neck,81,0.1369488544670152,0.7174604227881373
3,relative,56,cow's leg,142,0.41813380281690143,0.8282153121602367
3,relative,57,cow's ear,138,0.06888371338878853,0.3997779118599019
3,relative,58,cow's muzzle,161,0.6306492179076865,0.8454081381191008
3,relative,59,cow's horn,53,0.007547169923782349,0.15532339295758954
3,relative,60,dog's tail,367,0.33818606532886825,0.7131013029968056
3,relative,61,dog's head,1010,0.4022736917037775,0.741959073512566
3,relative,62,dog's eye,641,0.256778842829133,0.7308019856535851
3,relative,63,dog's torso,981,0.5897043833886934,0.7295926543565944
3,relative,64,dog's neck,454,0.46158223244718516,0.8196567695276065
3,relative,65,dog's leg,810,0.45141828345295826,0.7766554658703598
3,relative,66,dog's nose,815,0.004184925537899228,0.5520737882772107
3,relative,67,dog's paw,629,0.4168237574718336,0.7391241028303775
3,relative,68,dog's ear,899,0.4036945827280454,0.7769983664416067
3,relative,69,dog's muzzle,939,0.43532887215431504,0.764159976499784
3,relative,70,horse's tail,147,0.4762552642092413,0.8697191660045361
3,relative,71,horse's head,282,0.47107396153270775,0.8650825682049947
3,relative,72,horse's eye,104,0.03302426765171381,0.18742076699765256
3,relative,73,horse's torso,293,0.6928327645051194,0.8253022861307798
3,relative,74,horse's neck,233,0.12221540990305561,0.5665849546218379
3,relative,75,horse's leg,265,0.3471698113207547,0.7191307324705258
3,relative,76,horse's ear,223,0.11977365031637953,0.672813657044763
3,relative,77,horse's muzzle,256,0.5722656266880222,0.854414934059605
3,relative,78,horse's hoof,127,0.0,0.21129814366714691
3,relative,79,motorbike's wheel,244,0.7786885245901639,0.8615986321304665
3,relative,80,motorbike's saddle,8,0.171875,0.6812294647097588
3,relative,81,motorbike's handlebar,11,0.1590909090909091,0.776989145712419
3,relative,82,motorbike's headlight,113,0.07964601769911504,0.7641931764319935
3,relative,83,person's head,1334,0.22342935708285808,0.5550295005603435
3,relative,84,person's eye,585,0.08279202284975949,0.3525801331497347
3,relative,85,person's torso,1273,0.23625668697205474,0.4792041102071634
3,relative,86,person's neck,757,0.1380197528055826,0.3985910318567955
3,relative,87,person's leg,486,0.12299382754068806,0.40228311046421406
3,relative,88,person's foot,135,0.06255731991043798,0.34535762691801347
3,relative,89,person's nose,907,0.13223736090000304,0.5580904328535375
3,relative,90,person's ear,688,0.0390019380205939,0.2074448534979236
3,relative,91,person's eyebrow,432,0.060298170514956666,0.6123017870575294
3,relative,92,person's mouth,712,0.12647304740430934,0.593128897610717
3,relative,93,person's hair,1082,0.26277616479590726,0.5570868752314063
3,relative,94,person's lower arm,753,0.05521248348284844,0.3586306464753224
3,relative,95,person's upper arm,1043,0.043745149187707943,0.32947697871778076
3,relative,96,person's hand,669,0.08602569605292049,0.32976681758094195
3,relative,97,pottedplant's pot,181,0.6169889503421045,0.8188100163284586
3,relative,98,pottedplant's plant,203,0.5169950741265208,0.7377277710314455
3,relative,99,sheep's tail,56,0.08035714285714286,0.6248581980222038
3,relative,100,sheep's head,217,0.3338819404351546,0.844015809316789
3,relative,101,sheep's eye,63,0.010204081734021505,0.19794765363136926
3,relative,102,sheep's torso,236,0.5667372881355932,0.803279594976013
3,relative,103,sheep's neck,155,0.15,0.6824071365979409
3,relative,104,sheep's leg,53,0.39622641509433965,0.8191159215738189
3,relative,105,sheep's ear,174,0.10623289567643199,0.5023902340941987
3,relative,106,sheep's muzzle,177,0.5475450664927057,0.8471846539779739
3,relative,107,sheep's horn,22,0.0,0.18318739237094467
3,relative,108,train's headlight,16,0.0703125,0.49908099323511124
3,relative,109,train's head,209,0.04744816596428173,0.42349350679906433
3,relative,110,train's front,203,0.4195812808469011,0.7777980752105783
3,relative,111,train's side,246,0.0858739837398374,0.4656713895681428
3,relative,112,train's back,24,0.4047619054714839,0.7549101337790489
3,relative,113,train's roof,48,0.0078125,0.26126589012953144
3,relative,114,train's coach,183,0.37636612021857924,0.6821992618077602
3,relative,115,tvmonitor's screen,289,0.541955017301038,0.7462227766282831
4,absolute,0,aeroplane's body,462,0.032467532467532464,0.5571653917754368
4,absolute,1,aeroplane's stern,414,0.5634057971014492,0.8738145466875915
4,absolute,2,aeroplane's wing,409,0.038202933985330076,0.5868437451590536
4,absolute,3,aeroplane's tail,1,0.125,0.93589848279953
4,absolute,4,aeroplane's engine,300,0.010833333333333334,0.4916217096646627
4,absolute,5,aeroplane's wheel,226,0.0,0.28640306938802246
4,absolute,6,bicycle's wheel,306,0.10661764705882353,0.6060197908504337
4,absolute,7,bicycle's saddle,205,0.03170731707317073,0.6793858387848226
4,absolute,8,bicycle's handlebar,263,0.3255703422053232,0.9153527374956545
4,absolute,9,bicycle's chainwheel,217,0.006336405529953917,0.5066923227865026
4,absolute,10,bicycle's headlight,1,0.0,0.5625211596488953
4,absolute,11,bird's wing,250,0.041,0.4613946200311184
4,absolute,12,bird's tail,403,0.007133995037220843,0.33931460953490905
4,absolute,13,bird's head,535,0.3518691588785047,0.8047978827190176
4,absolute,14,bird's eye,218,0.011467889908256881,0.5664695573782702
4,absolute,15,bird's beak,431,0.2990139211136891,0.9242778582252096
4,absolute,16,bird's torso,575,0.025652173913043478,0.5006419105892596
4,absolute,17,bird's neck,284,0.014524647887323943,0.617481545322168
4,absolute,18,bird's leg,285,0.06842105263157895,0.5733143937692308
4,absolute,19,bird's foot,199,0.20351758793969849,0.6700307662463069
4,absolute,20,bottle's body,432,0.7258680555624543,0.8119465391393061
4,absolute,21,bottle's cap,326,0.254601226993865,0.8190134279201368
4,absolute,22,bus's wheel,233,0.0,0.4610072978384505
4,absolute,23,bus's headlight,155,0.0,0.44512847575449177
4,absolute,24,bus's front,183,0.040983606557377046,0.6524943531862374
4,absolute,25,bus's side,245,0.1836734693877551,0.7627323781957431
4,absolute,26,bus's back,53,0.04009433962264151,0.6671711172697679
4,absolute,27,bus's roof,20,0.01875,0.6054180771112442
4,absolute,28,bus's mirror,117,0.002136752136752137,0.6229788312035748
4,absolute,29,bus's license plate,4,0.0,0.36614833772182465
4,absolute,30,bus's door,104,0.15985576923076922,0.7215567090763495
4,absolute,31,bus's window,261,0.8208812260536399,0.8974701687979059
4,absolute,32,car's wheel,515,0.007766990291262136,0.3872683987889475
4,absolute,33,car's headlight,289,0.010380622837370242,0.3478548796428529
4,absolute,34,car's front,365,0.09349315068493151,0.5205765664475421
4,absolute,35,car's side,515,0.15048543689320387,0.6123864269372329
4,absolute,36,car's back,195,0.09358974358974359,0.5896232686745815
4,absolute,37,car's roof,132,0.06723484848484848,0.6652640158479864
4,absolute,38,car's mirror,279,0.00985663082437276,0.5745830887321076
4,absolute,39,car's license plate,8,0.0,0.2637413991615176
4,absolute,40,car's door,258,0.1506782945736434,0.6594945802822594
4,absolute,41,car's window,548,0.677007299270073,0.8844816918573241
4,absolute,42,cat's tail,332,0.005647590361445783,0.4119979638875608
4,absolute,43,cat's head,890,0.8824438202247191,0.8549883655994461
4,absolute,44,cat's eye,645,0.02945736434108527,0.6847056182317955
4,absolute,45,cat's torso,871,0.011194029850746268,0.5305537699575266
4,absolute,46,cat's neck,601,0.0012479201331114808,0.4965564499232614
4,absolute,47,cat's leg,670,0.4930970149253731,0.8118025780391337
4,absolute,48,cat's nose,589,0.005942275042444821,0.6107055239746243
4,absolute,49,cat's paw,570,0.42214912280701755,0.8394881251349784
4,absolute,50,cat's ear,848,0.028007075471698114,0.5496311674843419
4,absolute,51,cow's tail,49,0.002551020408163265,0.4136733646903719
4,absolute,52,cow's head,180,0.5597222222222222,0.8994517575535509
4,absolute,53,cow's eye,60,0.014583333333333334,0.6851660539706548
4,absolute,54,cow's torso,187,0.02406417112299465,0.6284347623586655
4,absolute,55,cow's neck,81,0.004629629629629629,0.6852000219586455
4,absolute,56,cow's leg,142,0.022007042253521125,0.4288975097973582
4,absolute,57,cow's ear,138,0.019021739130434784,0.6705576267795287
4,absolute,58,cow's muzzle,161,0.16770186335403728,0.7988173323018211
4,absolute,59,cow's horn,53,0.0047169811320754715,0.5784681540615154
4,absolute,60,dog's tail,367,0.0003405994550408719,0.3253214712120207
4,absolute,61,dog's head,1010,0.7768564356435643,0.8007352055594472
4,absolute,62,dog's eye,641,0.06435257410296412,0.7299905647632671
4,absolute,63,dog's torso,981,0.014143730886850153,0.4144035063980187
4,absolute,64,dog's neck,454,0.0005506607929515419,0.41138368972170986
4,absolute,65,dog's leg,810,0.40925925925925927,0.7523124667689388
4,absolute,66,dog's nose,815,0.0023006134969325155,0.45491898165890043
4,absolute,67,dog's paw,629,0.5081478537360891,0.8759005097687149
4,absolute,68,dog's ear,899,0.010567296996662959,0.4292572643338507
4,absolute,69,dog's muzzle,939,0.09957401490947816,0.6427343382368199
4,absolute,70,horse's tail,147,0.002551020408163265,0.32233978939705155
4,absolute,71,horse's head,282,0.5341312056737588,0.8849835647336135
4,absolute,72,horse's eye,104,0.03125,0.7133526369356192
4,absolute,73,horse's torso,293,0.031569965870307165,0.5386861720894791
4,absolute,74,horse's neck,233,0.012875536480686695,0.65581327216308
4,absolute,75,horse's leg,265,0.014622641509433962,0.387123260014462
4,absolute,76,horse's ear,223,0.010650224215246636,0.6036741231054469
4,absolute,77,horse's muzzle,256,0.2109375,0.8054174344288185
4,absolute,78,horse's hoof,127,0.001968503937007874,0.2873058753806775
4,absolute,79,motorbike's wheel,244,0.0015368852459016393,0.4743086599790659
4,absolute,80,motorbike's saddle,8,0.0,0.46091222763061523
4,absolute,81,motorbike's handlebar,11,0.5,0.9529129537669095
4,absolute,82,motorbike's headlight,113,0.07079646017699115,0.817845330829114
4,absolute,83,person's head,1334,0.4173939815950001,0.6754154870398287
4,absolute,84,person's eye,585,0.03806471307562967,0.598400453509938
4,absolute,85,person's torso,1273,0.06442879587528937,0.3917655948259065
4,absolute,86,person's neck,757,0.009577278731836196,0.47896677090280754
4,absolute,87,person's leg,486,0.05941358024691358,0.3736897653233214
4,absolute,88,person's foot,135,0.05555555555555555,0.36744432000236377
4,absolute,89,person's nose,907,0.07318081587651598,0.6096264967097271
4,absolute,90,person's ear,688,0.007449127906976744,0.45213040869871185
4,absolute,91,person's eyebrow,432,0.056712962962962965,0.6743634882990995
4,absolute,92,person's mouth,712,0.015273876404494381,0.4950716578888215
4,absolute,93,person's hair,1082,0.18121534196208894,0.624489299362515
4,absolute,94,person's lower arm,753,0.015770252324037184,0.35108453486668834
4,absolute,95,person's upper arm,1043,0.013782358581016299,0.38010849136357355
4,absolute,96,person's hand,669,0.05063527653213752,0.3606015783449237
4,absolute,97,pottedplant's pot,181,0.5255524861878453,0.80860235710829
4,absolute,98,pottedplant's plant,203,0.35768824779047753,0.636295241234925
4,absolute,99,sheep's tail,56,0.0,0.39383604510554243
4,absolute,100,sheep's head,217,0.5109447004608295,0.9025892050859565
4,absolute,101,sheep's eye,63,0.02976190476190476,0.6635846462514665
4,absolute,102,sheep's torso,236,0.020127118644067795,0.6141214846807012
4,absolute,103,sheep's neck,155,0.01532258064516129,0.6912492963575547
4,absolute,104,sheep's leg,53,0.025943396226415096,0.4672391527103928
4,absolute,105,sheep's ear,174,0.009339080459770116,0.6561335232322929
4,absolute,106,sheep's muzzle,177,0.10451977401129943,0.7628482563347466
4,absolute,107,sheep's horn,22,0.028409090909090908,0.66642326252027
4,absolute,108,train's headlight,16,0.015625,0.5278294486925006
4,absolute,109,train's head,209,0.07236842105263158,0.7000628688403864
4,absolute,110,train's front,203,0.15578817733990147,0.6752192055063294
4,absolute,111,train's side,246,0.33790650406504064,0.7677016708909011
4,absolute,112,train's back,24,0.14583333333333334,0.6735611222684383
4,absolute,113,train's roof,48,0.5208333333333334,0.9018216555317243
4,absolute,114,train's coach,183,0.38866120218579236,0.7359944878380156
4,absolute,115,tvmonitor's screen,289,0.53719723183391,0.7448566183705644
4,relative,0,aeroplane's body,462,0.23028756958710683,0.7344538560096836
4,relative,1,aeroplane's stern,414,0.012781803554670823,0.42783201212324384
4,relative,2,aeroplane's wing,409,0.03943416009905286,0.5037446285536499
4,relative,3,aeroplane's tail,1,0.0,0.7227700352668762
4,relative,4,aeroplane's engine,300,0.09223015934228897,0.45779315545844534
4,relative,5,aeroplane's wheel,226,0.27892962526694864,0.8989627925695571
4,relative,6,bicycle's wheel,306,0.8092320261437909,0.8432016832376618
4,relative,7,bicycle's saddle,205,0.01707317073170732,0.25055081628989884
4,relative,8,bicycle's handlebar,263,0.38783269961977185,0.9225579646377056
4,relative,9,bicycle's chainwheel,217,0.16315009922201182,0.7048355787219952
4,relative,10,bicycle's headlight,1,0.875,0.9435085654258728
4,relative,11,bird's wing,250,0.37705238175392153,0.7109384518042207
4,relative,12,bird's tail,403,0.4083717363717834,0.8786626881168734
4,relative,13,bird's head,535,0.6147018251017989,0.9120994190746379
4,relative,14,bird's eye,218,0.03363914377645615,0.1582343321306409
4,relative,15,bird's beak,431,0.24142083857562868,0.8339563593302968
4,relative,16,bird's torso,575,0.5451718430933745,0.8147780984380971
4,relative,17,bird's neck,284,0.30242287105237936,0.8439415414148653
4,relative,18,bird's leg,285,0.2501211362972594,0.8657339141034244
4,relative,19,bird's foot,199,0.055754965648579236,0.5266696312581775
4,relative,20,bottle's body,432,0.613020833340232,0.8264987573579505
4,relative,21,bottle's cap,326,0.18809523821974095,0.5636585866860999
4,relative,22,bus's wheel,233,0.5843807480621748,0.9165731474053707
4,relative,23,bus's headlight,155,0.004838709677419355,0.29096938643244
4,relative,24,bus's front,183,0.12431693989071038,0.7269827554134723
4,relative,25,bus's side,245,0.21173469387755103,0.7068076238340261
4,relative,26,bus's back,53,0.3490566037735849,0.7194996043196265
4,relative,27,bus's roof,20,0.23125,0.5482150472700595
4,relative,28,bus's mirror,117,0.0,0.32060224952924454
4,relative,29,bus's license plate,4,0.1770833358168602,0.6601985618472099
4,relative,30,bus's door,104,0.3762706055377538,0.5830267998031698
4,relative,31,bus's window,261,0.5777914615426484,0.6125579221723637
4,relative,32,car's wheel,515,0.706719834306865,0.8174160947751941
4,relative,33,car's headlight,289,0.3333745268801917,0.6206170168663391
4,relative,34,car's front,365,0.37669602118126333,0.6818586485026634
4,relative,35,car's side,515,0.20832639866083572,0.6245493268576062
4,relative,36,car's back,195,0.42365689881336993,0.8117970281686538
4,relative,37,car's roof,132,0.29391233803647937,0.7052383703377211
4,relative,38,car's mirror,279,0.045340501920296726,0.29824536543933666
4,relative,39,car's license plate,8,0.21875,0.6977338306605816
4,relative,40,car's door,258,0.457576596979485,0.7032882731855493
4,relative,41,car's window,548,0.5972258430926034,0.7246620564238868
4,relative,42,cat's tail,332,0.4573221461600568,0.818594781275143
4,relative,43,cat's head,890,0.44410112359550563,0.7634627647572354
4,relative,44,cat's eye,645,0.5145256583542787,0.8278628029369627
4,relative,45,cat's torso,871,0.7121603520914279,0.791620717958112
4,relative,46,cat's neck,601,0.36614372917201476,0.7804166954599582
4,relative,47,cat's leg,670,0.47152985076406106,0.7822752351858723
4,relative,48,cat's nose,589,0.1222532137798332,0.8676139749776325
4,relative,49,cat's paw,570,0.6247723482941326,0.9099977278461059
4,relative,50,cat's ear,848,0.2183723610316245,0.6770527998231491
4,relative,51,cow's tail,49,0.19353741529036542,0.7043438185082407
4,relative,52,cow's head,180,0.25135582031475173,0.8094595899184545
4,relative,53,cow's eye,60,0.0901984137793382,0.24395689703524112
4,relative,54,cow's torso,187,0.6470588235294118,0.8077731726163211
4,relative,55,cow's neck,81,0.15013227528995937,0.7249899789874936
4,relative,56,cow's leg,142,0.4269366197183099,0.8330464659022613
4,relative,57,cow's ear,138,0.07898550739754802,0.44636425720122846
4,relative,58,cow's muzzle,161,0.657238984052439,0.8557834758752991
4,relative,59,cow's horn,53,0.006918239143659484,0.15600081380316108
4,relative,60,dog's tail,367,0.3497599589483614,0.7314454054419327
4,relative,61,dog's head,1010,0.43992102786456005,0.7559294635116464
4,relative,62,dog's eye,641,0.3051723499379924,0.820552158675065
4,relative,63,dog's torso,981,0.6214370663134452,0.7505532072953857
4,relative,64,dog's neck,454,0.4842799458537858,0.8253687761625529
4,relative,65,dog's leg,810,0.4669018225353441,0.7824423660558683
4,relative,66,dog's nose,815,0.003907391209543848,0.5525756067659225
4,relative,67,dog's paw,629,0.44315618269489,0.7761419403821301
4,relative,68,dog's ear,899,0.4271889412164423,0.8068327999283229
4,relative,69,dog's muzzle,939,0.4500684634216042,0.7705770318849653
4,relative,70,horse's tail,147,0.47896825415747507,0.8721505119433614
4,relative,71,horse's head,282,0.4888044579866085,0.8705333343423005
4,relative,72,horse's eye,104,0.08029990858183457,0.26005848688789857
4,relative,73,horse's torso,293,0.7069112627986348,0.8276784650396568
4,relative,74,horse's neck,233,0.14829348066078235,0.5905388607743473
4,relative,75,horse's leg,265,0.3622641509433962,0.7259281169834002
4,relative,76,horse's ear,223,0.1409192835669881,0.7143088962732409
4,relative,77,horse's muzzle,256,0.5847144733997993,0.8566902383463457
4,relative,78,horse's hoof,127,0.0,0.21733099876309003
4,relative,79,motorbike's wheel,244,0.7909836065573771,0.8624067553242699
4,relative,80,motorbike's saddle,8,0.15625,0.653854638338089
4,relative,81,motorbike's handlebar,11,0.1590909090909091,0.7668554891239513
4,relative,82,motorbike's headlight,113,0.084070796460177,0.7753017550021146
4,relative,83,person's head,1334,0.23030627583679947,0.5610228898729765
4,relative,84,person's eye,585,0.11688034216053465,0.3901558828739147
4,relative,85,person's torso,1273,0.24210806910858693,0.4877957355776818
4,relative,86,person's neck,757,0.1403267918206269,0.4053815399226456
4,relative,87,person's leg,486,0.12240593816027229,0.4026909248650442
4,relative,88,person's foot,135,0.06286596181216063,0.345490373250235
4,relative,89,person's nose,907,0.1379206707124016,0.5678777489282372
4,relative,90,person's ear,688,0.0390019380205939,0.20910133843528117
4,relative,91,person's eyebrow,432,0.06484788394084683,0.6150518646312843
4,relative,92,person's mouth,712,0.1254899013745651,0.594148994525476
4,relative,93,person's hair,1082,0.2595040056159007,0.5621239750477349
4,relative,94,person's lower arm,753,0.051582558775644695,0.35299323964802176
4,relative,95,person's upper arm,1043,0.043202986038885546,0.3201549194671914
4,relative,96,person's hand,669,0.08450067662515626,0.33447619369225673
4,relative,97,pottedplant's pot,181,0.6156077348724913,0.8193479416614079
4,relative,98,pottedplant's plant,203,0.5157635470329247,0.7387393185584415
4,relative,99,sheep's tail,56,0.08482142857142858,0.6272064194615398
4,relative,100,sheep's head,217,0.33210445501013286,0.8441271748960293
4,relative,101,sheep's eye,63,0.04795918459930117,0.3019350866772353
4,relative,102,sheep's torso,236,0.5715042372881356,0.8060117482633914
4,relative,103,sheep's neck,155,0.17715053769849962,0.7046338608188014
4,relative,104,sheep's leg,53,0.3915094339622642,0.8180484827959312
4,relative,105,sheep's ear,174,0.11316365671568904,0.5378756238757794
4,relative,106,sheep's muzzle,177,0.559402748184689,0.8487440631488117
4,relative,107,sheep's horn,22,0.0,0.1856093852865425
4,relative,108,train's headlight,16,0.078125,0.5235729776322842
4,relative,109,train's head,209,0.05039872414472571,0.4334370456725074
4,relative,110,train's front,203,0.4341133004926108,0.7794172354593065
4,relative,111,train's side,246,0.07571138211382114,0.458733637037316
4,relative,112,train's back,24,0.4308035721381505,0.7565231546759605
4,relative,113,train's roof,48,0.0078125,0.26052056819510955
4,relative,114,train's coach,183,0.378220140608282,0.6933067327090463
4,relative,115,tvmonitor's screen,289,0.5211937716262975,0.7402239490339088
5,absolute,0,aeroplane's body,462,0.02813852813852814,0.5500309987888707
5,absolute,1,aeroplane's stern,414,0.5389492753623188,0.8699152767658234
5,absolute,2,aeroplane's wing,409,0.039119804400977995,0.5830577105138005
5,absolute,3,aeroplane's tail,1,0.125,0.93589848279953
5,absolute,4,aeroplane's engine,300,0.007083333333333333,0.4788409015039603
5,absolute,5,aeroplane's wheel,226,0.0,0.2810487687192132
5,absolute,6,bicycle's wheel,306,0.05923202614379085,0.5683325252501793
5,absolute,7,bicycle's saddle,205,0.03597560975609756,0.6845303221446711
5,absolute,8,bicycle's handlebar,263,0.35503802281368824,0.9252436015995736
5,absolute,9,bicycle's chainwheel,217,0.005184331797235023,0.47641640633756666
5,absolute,10,bicycle's headlight,1,0.0,0.5625211596488953
5,absolute,11,bird's wing,250,0.032,0.44932038557529447
5,absolute,12,bird's tail,403,0.005272952853598015,0.3314816047513751
5,absolute,13,bird's head,535,0.32850467289719626,0.7947299000885442
5,absolute,14,bird's eye,218,0.010894495412844037,0.5510763107636653
5,absolute,15,bird's beak,431,0.310614849187935,0.9297923468520083
5,absolute,16,bird's torso,575,0.02608695652173913,0.49770621317884195
5,absolute,17,bird's neck,284,0.014964788732394365,0.612546385279004
5,absolute,18,bird's leg,285,0.03903508771929825,0.510589453159717
5,absolute,19,bird's foot,199,0.1457286432160804,0.5933033250384594
5,absolute,20,bottle's body,432,0.7096643518587505,0.7974277342221251
5,absolute,21,bottle's cap,326,0.2764570552147239,0.8346676149068435
5,absolute,22,bus's wheel,233,0.0,0.4574372537210264
5,absolute,23,bus's headlight,155,0.0,0.4436320737484963
5,absolute,24,bus's front,183,0.0389344262295082,0.6499216015873059
5,absolute,25,bus's side,245,0.18571428571428572,0.7638177652748264
5,absolute,26,bus's back,53,0.04009433962264151,0.6624912512752245
5,absolute,27,bus's roof,20,0.01875,0.6032761454582214
5,absolute,28,bus's mirror,117,0.0010683760683760685,0.6212946123037583
5,absolute,29,bus's license plate,4,0.0,0.3339044004678726
5,absolute,30,bus's door,104,0.15384615384615385,0.7195886390713545
5,absolute,31,bus's window,261,0.8237547892720306,0.898535204915708
5,absolute,32,car's wheel,515,0.005825242718446602,0.379018668367446
5,absolute,33,car's headlight,289,0.006920415224913495,0.3404230524408776
5,absolute,34,car's front,365,0.09315068493150686,0.5279202847652239
5,absolute,35,car's side,515,0.13446601941747574,0.6017500327628793
5,absolute,36,car's back,195,0.08333333333333333,0.5814797399899898
5,absolute,37,car's roof,132,0.05587121212121212,0.6622976033073483
5,absolute,38,car's mirror,279,0.008512544802867384,0.5554552039792461
5,absolute,39,car's license plate,8,0.0,0.2642685193568468
5,absolute,40,car's door,258,0.14147286821705427,0.6494872081995935
5,absolute,41,car's window,548,0.7000456204379562,0.8920994323209255
5,absolute,42,cat's tail,332,0.005647590361445783,0.4075164089809699
5,absolute,43,cat's head,890,0.8816011235955056,0.8542110908943951
5,absolute,44,cat's eye,645,0.03352713178294574,0.6888665275980336
5,absolute,45,cat's torso,871,0.010763490241102182,0.5302366725544432
5,absolute,46,cat's neck,601,0.0012479201331114808,0.49581078820538005
5,absolute,47,cat's leg,670,0.4822761194029851,0.8075861764932746
5,absolute,48,cat's nose,589,0.005942275042444821,0.6106548824415547
5,absolute,49,cat's paw,570,0.425,0.8370564488465326
5,absolute,50,cat's ear,848,0.026238207547169812,0.5479642339402212
5,absolute,51,cow's tail,49,0.002551020408163265,0.4143334067597681
5,absolute,52,cow's head,180,0.5645833333333333,0.9004501956204574
5,absolute,53,cow's eye,60,0.014583333333333334,0.6872645954291026
5,absolute,54,cow's torso,187,0.02406417112299465,0.628994574361944
5,absolute,55,cow's neck,81,0.006172839506172839,0.6861946277412367
5,absolute,56,cow's leg,142,0.017605633802816902,0.42216894828097923
5,absolute,57,cow's ear,138,0.018115942028985508,0.6711469912442608
5,absolute,58,cow's muzzle,161,0.16071428571428573,0.7972796242799818
5,absolute,59,cow's horn,53,0.0047169811320754715,0.5818160086307885
5,absolute,60,dog's tail,367,0.0003405994550408719,0.32191885410927296
5,absolute,61,dog's head,1010,0.7801980198019802,0.8007690188908341
5,absolute,62,dog's eye,641,0.06766770670826833,0.7334464363951393
5,absolute,63,dog's torso,981,0.014143730886850153,0.41132370949885166
5,absolute,64,dog's neck,454,0.0005506607929515419,0.41140495182429376
5,absolute,65,dog's leg,810,0.4,0.7480469169624058
5,absolute,66,dog's nose,815,0.00245398773006135,0.45307931879912416
5,absolute,67,dog's paw,629,0.518879173290938,0.8799230241718656
5,absolute,68,dog's ear,899,0.010984427141268075,0.42988537554447853
5,absolute,69,dog's muzzle,939,0.09305111821086262,0.637806528482955
5,absolute,70,horse's tail,147,0.002551020408163265,0.32109737092134905
5,absolute,71,horse's head,282,0.5398936170212766,0.8851545780685777
5,absolute,72,horse's eye,104,0.03125,0.7146091042802885
5,absolute,73,horse's torso,293,0.03199658703071672,0.5392250890617891
5,absolute,74,horse's neck,233,0.013948497854077254,0.657358460288191
5,absolute,75,horse's leg,265,0.012735849056603774,0.3853312522172928
5,absolute,76,horse's ear,223,0.010089686098654708,0.6046772090041584
5,absolute,77,horse's muzzle,256,0.20263671875,0.8035737014142796
5,absolute,78,horse's hoof,127,0.001968503937007874,0.2871228819639664
5,absolute,79,motorbike's wheel,244,0.0005122950819672131,0.4616232218800998
5,absolute,80,motorbike's saddle,8,0.0,0.4604405350983143
5,absolute,81,motorbike's handlebar,11,0.5227272727272727,0.9539220495657488
5,absolute,82,motorbike's headlight,113,0.06305309734513274,0.8120225129929264
5,absolute,83,person's head,1334,0.41673805955601956,0.6754089232333105
5,absolute,84,person's eye,585,0.03977411478503137,0.6003298469874848
5,absolute,85,person's torso,1273,0.05205644709288559,0.38317174798035697
5,absolute,86,person's neck,757,0.009412153236459709,0.4794367061807347
5,absolute,87,person's leg,486,0.049639917695473254,0.3629620703619449
5,absolute,88,person's foot,135,0.05555555555555555,0.3595585473916597
5,absolute,89,person's nose,907,0.07235391400220507,0.6095162020932551
5,absolute,90,person's ear,688,0.007085755813953488,0.4526418942205478
5,absolute,91,person's eyebrow,432,0.05873842592592592,0.6761043679370131
5,absolute,92,person's mouth,712,0.015625,0.49557034184716725
5,absolute,93,person's hair,1082,0.18133086876430704,0.6247046232299256
5,absolute,94,person's lower arm,753,0.012782204515272245,0.3479192118391711
5,absolute,95,person's upper arm,1043,0.012104506232023011,0.3753739072448348
5,absolute,96,person's hand,669,0.044095665171898356,0.3509540700552754
5,absolute,97,pottedplant's pot,181,0.5262430939226519,0.8084337009497768
5,absolute,98,pottedplant's plant,203,0.3318261788249603,0.615366674702743
5,absolute,99,sheep's tail,56,0.0,0.3941474551601069
5,absolute,100,sheep's head,217,0.5132488479262672,0.9024712461205672
5,absolute,101,sheep's eye,63,0.02976190476190476,0.6648114564872923
5,absolute,102,sheep's torso,236,0.021716101694915255,0.6165639081243741
5,absolute,103,sheep's neck,155,0.013709677419354839,0.6915902860703007
5,absolute,104,sheep's leg,53,0.01650943396226415,0.4637823481604738
5,absolute,105,sheep's ear,174,0.007902298850574713,0.6545938020036823
5,absolute,106,sheep's muzzle,177,0.10028248587570622,0.761168093331116
5,absolute,107,sheep's horn,22,0.022727272727272728,0.6668986461379312
5,absolute,108,train's headlight,16,0.0234375,0.5300777638331056
5,absolute,109,train's head,209,0.07655502392344497,0.7023082384082119
5,absolute,110,train's front,203,0.13608374384236452,0.6642663925152107
5,absolute,111,train's side,246,0.3323170731707317,0.7638420154893302
5,absolute,112,train's back,24,0.140625,0.6700229917963346
5,absolute,113,train's roof,48,0.5234375,0.9052033014595509
5,absolute,114,train's coach,183,0.38456284153005466,0.7336270861286934
5,absolute,115,tvmonitor's screen,289,0.5198961937716263,0.7397014549240521
5,relative,0,aeroplane's body,462,0.2482864358079382,0.7437400858188088
5,relative,1,aeroplane's stern,414,0.013768115949227614,0.43023610798920986
5,relative,2,aeroplane's wing,409,0.03267260460515477,0.5030922508709734
5,relative,3,aeroplane's tail,1,0.125,0.8260688185691833
5,relative,4,aeroplane's engine,300,0.09825396870573362,0.47821518314071
5,relative,5,aeroplane's wheel,226,0.28109987389988605,0.9011855503890367
5,relative,6,bicycle's wheel,306,0.8130446623256004,0.8444637644524667
5,relative,7,bicycle's saddle,205,0.01707317073170732,0.24726335106462968
5,relative,8,bicycle's handlebar,263,0.39401140684410646,0.9262645651405755
5,relative,9,bicycle's chainwheel,217,0.18355826236959977,0.7308132817050279
5,relative,10,bicycle's headlight,1,0.875,0.9435085654258728
5,relative,11,bird's wing,250,0.37682857203483583,0.707833019606769
5,relative,12,bird's tail,403,0.41165071511386936,0.8874874987983822
5,relative,13,bird's head,535,0.621172675128295,0.9154800114787628
5,relative,14,bird's eye,218,0.05963302759128973,0.17955819286038638
5,relative,15,bird's beak,431,0.24874047208966346,0.8546526982446834
5,relative,16,bird's torso,575,0.5543291928457177,0.8251713890873867
5,relative,17,bird's neck,284,0.31375754566889413,0.8502782333747182
5,relative,18,bird's leg,285,0.24967836267069765,0.8661004926029005
5,relative,19,bird's foot,199,0.06670854304304075,0.57140440098829
5,relative,20,bottle's body,432,0.6179398148217135,0.8275755718005476
5,relative,21,bottle's cap,326,0.215724510877776,0.6020226098962722
5,relative,22,bus's wheel,233,0.5968884120299581,0.9193763566631105
5,relative,23,bus's headlight,155,0.007526881752475616,0.3149632203482812
5,relative,24,bus's front,183,0.13866120218579234,0.731943683871806
5,relative,25,bus's side,245,0.20714285714285716,0.7069381666426756
5,relative,26,bus's back,53,0.37028301886792453,0.7245279585696617
5,relative,27,bus's roof,20,0.23809524178504943,0.5487491928040982
5,relative,28,bus's mirror,117,0.0,0.3306912396612585
5,relative,29,bus's license plate,4,0.1770833358168602,0.6650225892663002
5,relative,30,bus's door,104,0.3591117224154564,0.5898071314709691
5,relative,31,bus's window,261,0.6261174968832754,0.6473895305075408
5,relative,32,car's wheel,515,0.7190453081165703,0.8377698434462536
5,relative,33,car's headlight,289,0.36689322851727163,0.664528776237348
5,relative,34,car's front,365,0.4060176126760979,0.6943071987122705
5,relative,35,car's side,515,0.21953074448895685,0.6310100873986494
5,relative,36,car's back,195,0.43107448113270297,0.8156015348740113
5,relative,37,car's roof,132,0.28869949574723386,0.7085237738422372
5,relative,38,car's mirror,279,0.07213261670109192,0.3343121391724408
5,relative,39,car's license plate,8,0.21875,0.7016760008409619
5,relative,40,car's door,258,0.474206349877424,0.7255047234858192
5,relative,41,car's window,548,0.6239463852813644,0.751497468183728
5,relative,42,cat's tail,332,0.47062535880200834,0.8290194103196936
5,relative,43,cat's head,890,0.5049157303370787,0.7777229729202692
5,relative,44,cat's eye,645,0.49980435826519665,0.8765457462129551
5,relative,45,cat's torso,871,0.7256505931936094,0.7953702886636989
5,relative,46,cat's neck,601,0.3722268445618736,0.7835321425399844
5,relative,47,cat's leg,670,0.48134328358208955,0.7880696115431501
5,relative,48,cat's nose,589,0.1240156844435402,0.8703069867525117
5,relative,49,cat's paw,570,0.6296825404752765,0.9168245362608056
5,relative,50,cat's ear,848,0.26472652770297705,0.7311037649479607
5,relative,51,cow's tail,49,0.19863945610669195,0.7115679921544328
5,relative,52,cow's head,180,0.2805224868986342,0.8210713295472993
5,relative,53,cow's eye,60,0.1972817468146483,0.3824179091801246
5,relative,54,cow's torso,187,0.6597593582887701,0.8119495942949612
5,relative,55,cow's neck,81,0.16945914188284933,0.7377937811392324
5,relative,56,cow's leg,142,0.43133802816901406,0.8353373034739159
5,relative,57,cow's ear,138,0.1012767431312713,0.5328717071536011
5,relative,58,cow's muzzle,161,0.6674060942778676,0.8561421002706756
5,relative,59,cow's horn,53,0.005053908476289714,0.17990300778018417
5,relative,60,dog's tail,367,0.3582392637427561,0.7422601732955764
5,relative,61,dog's head,1010,0.4832154644597875,0.7717921566033717
5,relative,62,dog's eye,641,0.3290561624510612,0.8725657077875226
5,relative,63,dog's torso,981,0.6424955100762856,0.7607521800424953
5,relative,64,dog's neck,454,0.4934235371747731,0.828821292023958
5,relative,65,dog's leg,810,0.4846781306244709,0.7893911845890093
5,relative,66,dog's nose,815,0.004284253606767011,0.554514301700826
5,relative,67,dog's paw,629,0.45813839168351483,0.8000400319343081
5,relative,68,dog's ear,899,0.44908893569160224,0.823065796394618
5,relative,69,dog's muzzle,939,0.45896597306568404,0.7754219367989083
5,relative,70,horse's tail,147,0.4871396179101905,0.8794037778259945
5,relative,71,horse's head,282,0.5211626140149772,0.8784853698725396
5,relative,72,horse's eye,104,0.11098901153757022,0.346034297056926
5,relative,73,horse's torso,293,0.7128839590443686,0.8294206102960345
5,relative,74,horse's neck,233,0.16206315159797668,0.6065723390154573
5,relative,75,horse's leg,265,0.3797843666009183,0.7353149770144022
5,relative,76,horse's ear,223,0.16960282015693562,0.7580573012542832
5,relative,77,horse's muzzle,256,0.5937639524927363,0.858148334431462
5,relative,78,horse's hoof,127,0.0,0.22630325065353724
5,relative,79,motorbike's wheel,244,0.7889344262295082,0.8617350754679226
5,relative,80,motorbike's saddle,8,0.09375,0.6219521164894104
5,relative,81,motorbike's handlebar,11,0.1590909090909091,0.7540827556089922
5,relative,82,motorbike's headlight,113,0.08738938053097345,0.7830873384939886
5,relative,83,person's head,1334,0.24080727533109184,0.5661570666339724
5,relative,84,person's eye,585,0.15447089972659053,0.4339242266666176
5,relative,85,person's torso,1273,0.2457889130358048,0.4938369384582337
5,relative,86,person's neck,757,0.14779989998123289,0.4149140712966259
5,relative,87,person's leg,486,0.12343229509798097,0.4046706291099573
5,relative,88,person's foot,135,0.06258377465936872,0.34565678047775117
5,relative,89,person's nose,907,0.1451147170254782,0.5788007931955274
5,relative,90,person's ear,688,0.0446947674851778,0.21307682336530062
5,relative,91,person's eyebrow,432,0.06412863779675078,0.6152891070448311
5,relative,92,person's mouth,712,0.12500668840294474,0.5947484966528371
5,relative,93,person's hair,1082,0.26103446066599895,0.5674804272052665
5,relative,94,person's lower arm,753,0.04907038522906512,0.3464435059076316
5,relative,95,person's upper arm,1043,0.04177053379875359,0.31673741077402406
5,relative,96,person's hand,669,0.08490817879169332,0.3359770006611553
5,relative,97,pottedplant's pot,181,0.616298342607298,0.8199667269518363
5,relative,98,pottedplant's plant,203,0.5151477834861267,0.7395937825585234
5,relative,99,sheep's tail,56,0.08705357142857142,0.630437887539821
5,relative,100,sheep's head,217,0.34554531524807625,0.8495080601509815
5,relative,101,sheep's eye,63,0.15958049940684485,0.45285035604758866
5,relative,102,sheep's torso,236,0.5736228813559322,0.8083711208428367
5,relative,103,sheep's neck,155,0.19435483880581395,0.7172950736937984
5,relative,104,sheep's leg,53,0.3915094339622642,0.8197752344158461
5,relative,105,sheep's ear,174,0.12897509601952015,0.5743445448320488
5,relative,106,sheep's muzzle,177,0.5686844271623482,0.8596533744959003
5,relative,107,sheep's horn,22,0.0,0.18880344241518865
5,relative,108,train's headlight,16,0.078125,0.5387710351496935
5,relative,109,train's head,209,0.04920255189592188,0.4431472691711769
5,relative,110,train's front,203,0.44889162561576357,0.7815810942958141
5,relative,111,train's side,246,0.06707317073170732,0.45317962353791647
5,relative,112,train's back,24,0.4357638905445735,0.7534599117934704
5,relative,113,train's roof,48,0.010416666666666666,0.2601904289331287
5,relative,114,train's coach,183,0.37002341929680665,0.7075851378972576
5,relative,115,tvmonitor's screen,289,0.509083044982699,0.7355333546041205
6,absolute,0,aeroplane's body,462,0.026515151515151516,0.545373060680055
6,absolute,1,aeroplane's stern,414,0.5157004830917874,0.8660923030209426
6,absolute,2,aeroplane's wing,409,0.03850855745721271,0.5807754421073825
6,absolute,3,aeroplane's tail,1,0.25,0.9476912021636963
6,absolute,4,aeroplane's engine,300,0.005,0.47223776335517564
6,absolute,5,aeroplane's wheel,226,0.0,0.27836236074171233
6,absolute,6,bicycle's wheel,306,0.04044117647058824,0.5447146771780027
6,absolute,7,bicycle's saddle,205,0.03597560975609756,0.6874798011489031
6,absolute,8,bicycle's handlebar,263,0.376425855513308,0.9311389245461148
6,absolute,9,bicycle's chainwheel,217,0.004608294930875576,0.45811001091234144
6,absolute,10,bicycle's headlight,1,0.0,0.5572522282600403
6,absolute,11,bird's wing,250,0.0275,0.44331969851255415
6,absolute,12,bird's tail,403,0.003411910669975186,0.3282269736377536
6,absolute,13,bird's head,535,0.31542056074766356,0.7881449624826418
6,absolute,14,bird's eye,218,0.008600917431192661,0.5403030603577238
6,absolute,15,bird's beak,431,0.3213457076566125,0.934269216317865
6,absolute,16,bird's torso,575,0.02673913043478261,0.49679794031640756
6,absolute,17,bird's neck,284,0.01584507042253521,0.6089219411074276
6,absolute,18,bird's leg,285,0.028070175438596492,0.4789116903093823
6,absolute,19,bird's foot,199,0.10615577889447236,0.5408434038934995
6,absolute,20,bottle's body,432,0.6917245370439358,0.7811729232953103
6,absolute,21,bottle's cap,326,0.30099693251533743,0.8472873989058418
6,absolute,22,bus's wheel,233,0.0,0.4538769781461601
6,absolute,23,bus's headlight,155,0.0,0.44433959376427434
6,absolute,24,bus's front,183,0.036885245901639344,0.6484690023575975
6,absolute,25,bus's side,245,0.19183673469387755,0.7639968526606657
6,absolute,26,bus's back,53,0.04009433962264151,0.6584125931532878
6,absolute,27,bus's roof,20,0.01875,0.6055470675230026
6,absolute,28,bus's mirror,117,0.0010683760683760685,0.6200446624022263
6,absolute,29,bus's license plate,4,0.0,0.3290312737226486
6,absolute,30,bus's door,104,0.14903846153846154,0.7163753200035828
6,absolute,31,bus's window,261,0.8271072796934866,0.899703211482914
6,absolute,32,car's wheel,515,0.005825242718446602,0.37262832600514867
6,absolute,33,car's headlight,289,0.0038927335640138406,0.33576625243963665
6,absolute,34,car's front,365,0.09931506849315068,0.5376364757753398
6,absolute,35,car's side,515,0.1220873786407767,0.589274827427077
6,absolute,36,car's back,195,0.08141025641025641,0.5825219678573119
6,absolute,37,car's roof,132,0.052083333333333336,0.6631745262579485
6,absolute,38,car's mirror,279,0.007168458781362007,0.5389942619749295
6,absolute,39,car's license plate,8,0.0,0.26734774746000767
6,absolute,40,car's door,258,0.1371124031007752,0.6376193997471832
6,absolute,41,car's window,548,0.7155565693430657,0.8955154344439507
6,absolute,42,cat's tail,332,0.005647590361445783,0.4047826564006777
6,absolute,43,cat's head,890,0.8803370786516854,0.8536470790299472
6,absolute,44,cat's eye,645,0.03527131782945737,0.6927227383436159
6,absolute,45,cat's torso,871,0.011050516647531573,0.532427682771201
6,absolute,46,cat's neck,601,0.0012479201331114808,0.4959877445773158
6,absolute,47,cat's leg,670,0.4684701492537313,0.8035129327382614
6,absolute,48,cat's nose,589,0.005942275042444821,0.6102504729212646
6,absolute,49,cat's paw,570,0.4407894736842105,0.8417451402074412
6,absolute,50,cat's ear,848,0.02550117924528302,0.5473600666759149
6,absolute,51,cow's tail,49,0.002551020408163265,0.41426704945612924
6,absolute,52,cow's head,180,0.5708333333333333,0.9013757461475002
6,absolute,53,cow's eye,60,0.01875,0.6927177026867867
6,absolute,54,cow's torso,187,0.02406417112299465,0.6298246223499431
6,absolute,55,cow's neck,81,0.006172839506172839,0.6870849375371579
6,absolute,56,cow's leg,142,0.016725352112676055,0.4182883471670285
6,absolute,57,cow's ear,138,0.018115942028985508,0.6722738021525784
6,absolute,58,cow's muzzle,161,0.15605590062111802,0.7952253026251467
6,absolute,59,cow's horn,53,0.0047169811320754715,0.583758533563254
6,absolute,60,dog's tail,367,0.0,0.3195432209148394
6,absolute,61,dog's head,1010,0.782549504950495,0.800438638769164
6,absolute,62,dog's eye,641,0.06981279251170047,0.7359289461848516
6,absolute,63,dog's torso,981,0.015035677879714576,0.40911029014930084
6,absolute,64,dog's neck,454,0.0005506607929515419,0.41130758962278063
6,absolute,65,dog's leg,810,0.3921296296296296,0.7441829731434951
6,absolute,66,dog's nose,815,0.0023006134969325155,0.4507898370363961
6,absolute,67,dog's paw,629,0.5323926868044515,0.884724751778172
6,absolute,68,dog's ear,899,0.011262513904338153,0.4308135024581656
6,absolute,69,dog's muzzle,939,0.0878594249201278,0.6332692262082816
6,absolute,70,horse's tail,147,0.002551020408163265,0.3201310161222406
6,absolute,71,horse's head,282,0.5456560283687943,0.8855577197903437
6,absolute,72,horse's eye,104,0.03365384615384615,0.7214725031875647
6,absolute,73,horse's torso,293,0.032423208191126277,0.54008111901861
6,absolute,74,horse's neck,233,0.015021459227467811,0.6578546995257103
6,absolute,75,horse's leg,265,0.011320754716981131,0.3837990563433125
6,absolute,76,horse's ear,223,0.010089686098654708,0.6070665803992695
6,absolute,77,horse's muzzle,256,0.19140625,0.8007510824827477
6,absolute,78,horse's hoof,127,0.001968503937007874,0.28703164954589105
6,absolute,79,motorbike's wheel,244,0.0005122950819672131,0.4527257564248609
6,absolute,80,motorbike's saddle,8,0.0,0.45755311101675034
6,absolute,81,motorbike's handlebar,11,0.5,0.9510501352223483
6,absolute,82,motorbike's headlight,113,0.05309734513274336,0.8058236399583057
6,absolute,83,person's head,1334,0.41589473122018744,0.6752809053035579
6,absolute,84,person's eye,585,0.041697191708108296,0.6015900605222863
6,absolute,85,person's torso,1273,0.04685220514473162,0.3788041917714001
6,absolute,86,person's neck,757,0.009247027741083224,0.4797865529661528
6,absolute,87,person's leg,486,0.04758230452674897,0.35969967576349343
6,absolute,88,person's foot,135,0.053703703703703705,0.3572571405864976
6,absolute,89,person's nose,907,0.07166482910694598,0.6091930769792581
6,absolute,90,person's ear,688,0.007085755813953488,0.4527342821719114
6,absolute,91,person's eyebrow,432,0.061342592592592594,0.6778895794780476
6,absolute,92,person's mouth,712,0.01597612359550562,0.4955505278390529
6,absolute,93,person's hair,1082,0.18375693161088746,0.6257521505476201
6,absolute,94,person's lower arm,753,0.011620185922974768,0.3451073128392408
6,absolute,95,person's upper arm,1043,0.010786193672099712,0.3736534376868894
6,absolute,96,person's hand,669,0.03867713004484305,0.34578990619434724
6,absolute,97,pottedplant's pot,181,0.5248618784530387,0.8094363592523897
6,absolute,98,pottedplant's plant,203,0.3133532724210194,0.6022496214641139
6,absolute,99,sheep's tail,56,0.0,0.3937019245432956
6,absolute,100,sheep's head,217,0.5126728110599078,0.9025709730688878
6,absolute,101,sheep's eye,63,0.02976190476190476,0.6680455709260608
6,absolute,102,sheep's torso,236,0.020127118644067795,0.6176460488873013
6,absolute,103,sheep's neck,155,0.013709677419354839,0.6915973980580606
6,absolute,104,sheep's leg,53,0.01650943396226415,0.4629635580305783
6,absolute,105,sheep's ear,174,0.007902298850574713,0.6556756254499672
6,absolute,106,sheep's muzzle,177,0.09745762711864407,0.759168630939419
6,absolute,107,sheep's horn,22,0.022727272727272728,0.6670839055017992
6,absolute,108,train's headlight,16,0.0234375,0.5362581070512533
6,absolute,109,train's head,209,0.0819377990430622,0.7042655052180495
6,absolute,110,train's front,203,0.12992610837438423,0.6565894898522664
6,absolute,111,train's side,246,0.3257113821138211,0.7620710195080052
6,absolute,112,train's back,24,0.13020833333333334,0.6687007745107015
6,absolute,113,train's roof,48,0.5286458333333334,0.9055612335602442
6,absolute,114,train's coach,183,0.3770491803278688,0.7328562589942432
6,absolute,115,tvmonitor's screen,289,0.5086505190311419,0.7356989239326398
6,relative,0,aeroplane's body,462,0.2599206349421373,0.7504634156952172
6,relative,1,aeroplane's stern,414,0.013768115949227614,0.4314085310639966
6,relative,2,aeroplane's wing,409,0.03057690081357373,0.5004542141806672
6,relative,3,aeroplane's tail,1,0.125,0.8664045333862305
6,relative,4,aeroplane's engine,300,0.10172619079550108,0.4959523988732447
6,relative,5,aeroplane's wheel,226,0.2799936791436862,0.9012780979407572
6,relative,6,bicycle's wheel,306,0.8122276688615481,0.8440816441392587
6,relative,7,bicycle's saddle,205,0.016463414634146342,0.24468392671608344
6,relative,8,bicycle's handlebar,263,0.40019011406844107,0.9288797673163759
6,relative,9,bicycle's chainwheel,217,0.20682466558871732,0.7533939562154256
6,relative,10,bicycle's headlight,1,1.0,0.9305101037025452
6,relative,11,bird's wing,250,0.37162380999326705,0.7073129368424416
6,relative,12,bird's tail,403,0.4137569424458236,0.8920445086494568
6,relative,13,bird's head,535,0.6285558526482538,0.9174915399506828
6,relative,14,bird's eye,218,0.07891000451844767,0.20020780173437927
6,relative,15,bird's beak,431,0.2671417534489643,0.8718465434045913
6,relative,16,bird's torso,575,0.5568530023616293,0.8300122748120972
6,relative,17,bird's neck,284,0.32811871249700936,0.8582720919446626
6,relative,18,bird's leg,285,0.24964912288021623,0.8650251080069625
6,relative,19,bird's foot,199,0.07768604968061399,0.6134456959950864
6,relative,20,bottle's body,432,0.6179398148217135,0.8277264739973126
6,relative,21,bottle's cap,326,0.24038854817305605,0.6405096587502151
6,relative,22,bus's wheel,233,0.6032188842352879,0.9216476778615698
6,relative,23,bus's headlight,155,0.008333333365378842,0.34746695285843265
6,relative,24,bus's front,183,0.1598360655737705,0.7368801584660681
6,relative,25,bus's side,245,0.20357142857142857,0.7079517515338197
6,relative,26,bus's back,53,0.38207547169811323,0.7305125809221897
6,relative,27,bus's roof,20,0.2458333343267441,0.542130509763956
6,relative,28,bus's mirror,117,0.0,0.3369670877089867
6,relative,29,bus's license plate,4,0.1770833358168602,0.6650225818157196
6,relative,30,bus's door,104,0.354681779558842,0.5933678100745265
6,relative,31,bus's window,261,0.6661877394636015,0.6759889994772915
6,relative,32,car's wheel,515,0.7194521501805018,0.8496836468541217
6,relative,33,car's headlight,289,0.3875720886107547,0.700121736327979
6,relative,34,car's front,365,0.4237051533917858,0.7019816790949809
6,relative,35,car's side,515,0.22823855769865722,0.6356894289116257
6,relative,36,car's back,195,0.4455311357210844,0.8182399669518837
6,relative,37,car's roof,132,0.29104437306523323,0.7159482742462194
6,relative,38,car's mirror,279,0.07231609507273602,0.3473268818664348
6,relative,39,car's license plate,8,0.20000000298023224,0.7038913676515222
6,relative,40,car's door,258,0.48859819221173145,0.7341256190466788
6,relative,41,car's window,548,0.6486661453479833,0.7745447855198035
6,relative,42,cat's tail,332,0.4763374932738672,0.8401817611267184
6,relative,43,cat's head,890,0.5660513643803221,0.7920469304944358
6,relative,44,cat's eye,645,0.4914950185274893,0.9075433843025519
6,relative,45,cat's torso,871,0.7361748947683897,0.7984149837192793
6,relative,46,cat's neck,601,0.3849477065531862,0.7898817200728145
6,relative,47,cat's leg,670,0.4922441365113899,0.7954437853240255
6,relative,48,cat's nose,589,0.12667555995728244,0.8725734793269574
6,relative,49,cat's paw,570,0.633410610650715,0.919061967521383
6,relative,50,cat's ear,848,0.3127639266082419,0.774919912561704
6,relative,51,cow's tail,49,0.21139455814750827,0.7398149691598148
6,relative,52,cow's head,180,0.32028439169128736,0.8340680183635818
6,relative,53,cow's eye,60,0.24059523964921634,0.5160380657762289
6,relative,54,cow's torso,187,0.6644385026737968,0.813558399996018
6,relative,55,cow's neck,81,0.18672839524569335,0.7466127865108443
6,relative,56,cow's leg,142,0.4269366197183099,0.8373193646400747
6,relative,57,cow's ear,138,0.11495859283899916,0.5823723811359294
6,relative,58,cow's muzzle,161,0.6734989662163006,0.8608301465416918
6,relative,59,cow's horn,53,0.0047169811320754715,0.19061161597030904
6,relative,60,dog's tail,367,0.3598060209598463,0.7458781936010523
6,relative,61,dog's head,1010,0.5133132956995823,0.7824718691113561
6,relative,62,dog's eye,641,0.3416536663558665,0.8949772393601175
6,relative,63,dog's torso,981,0.6611256737045557,0.7708017583803543
6,relative,64,dog's neck,454,0.4969320329078494,0.8290084195261748
6,relative,65,dog's leg,810,0.5021252205158457,0.7967461866453106
6,relative,66,dog's nose,815,0.004805725995748321,0.556891774308462
6,relative,67,dog's paw,629,0.4724846704491371,0.8182948339309999
6,relative,68,dog's ear,899,0.4676333497940367,0.8355611949595514
6,relative,69,dog's muzzle,939,0.46980070090268494,0.7791745291985135
6,relative,70,horse's tail,147,0.49031422109830947,0.8839973704445929
6,relative,71,horse's head,282,0.5410460993013484,0.8845882807851683
6,relative,72,horse's eye,104,0.15777243630817303,0.4575527774778983
6,relative,73,horse's torso,293,0.7128839590443686,0.8289752255476782
6,relative,74,horse's neck,233,0.1856223177244735,0.6308797424890964
6,relative,75,horse's leg,265,0.3904761906502382,0.7439784494211089
6,relative,76,horse's ear,223,0.19539291227879546,0.7984960506181545
6,relative,77,horse's muzzle,256,0.5983491455554031,0.8631922990898602
6,relative,78,horse's hoof,127,0.000984251968503937,0.23367373057179094
6,relative,79,motorbike's wheel,244,0.7930327868852459,0.8615719038443487
6,relative,80,motorbike's saddle,8,0.09375,0.6189112141728401
6,relative,81,motorbike's handlebar,11,0.14772727272727273,0.7510903802785006
6,relative,82,motorbike's headlight,113,0.09402654867256637,0.79035389159633
6,relative,83,person's head,1334,0.24808577891589997,0.5711945163315048
6,relative,84,person's eye,585,0.15556573113824568,0.4564831925357063
6,relative,85,person's torso,1273,0.24969232831521945,0.5006673468885181
6,relative,86,person's neck,757,0.15493803915212145,0.4234024018807093
6,relative,87,person's leg,486,0.12023074688857475,0.40668737961538903
6,relative,88,person's foot,135,0.06245149947978832,0.3495319019244225
6,relative,89,person's nose,907,0.1514464228392436,0.5901975048903084
6,relative,90,person's ear,688,0.04384689927534308,0.21677288728925875
6,relative,91,person's eyebrow,432,0.06509314391210123,0.6172711972720679
6,relative,92,person's mouth,712,0.12344335239338741,0.5953303373083891
6,relative,93,person's hair,1082,0.2611708924615009,0.5711375514110774
6,relative,94,person's lower arm,753,0.04861032072291431,0.3440109455795986
6,relative,95,person's upper arm,1043,0.041522850840569454,0.30993720900163785
6,relative,96,person's hand,669,0.08364474361341986,0.34083994478822555
6,relative,97,pottedplant's pot,181,0.6190607735465244,0.8199959467293808
6,relative,98,pottedplant's plant,203,0.5139162563925306,0.740371015601851
6,relative,99,sheep's tail,56,0.09375,0.6401712839558188
6,relative,100,sheep's head,217,0.36132323941052785,0.8566578462513911
6,relative,101,sheep's eye,63,0.20833333333333334,0.5475743763030522
6,relative,102,sheep's torso,236,0.5794491525423728,0.8123025543103783
6,relative,103,sheep's neck,155,0.21678187414523095,0.7291672806585988
6,relative,104,sheep's leg,53,0.39622641509433965,0.8202484795507395
6,relative,105,sheep's ear,174,0.14129036707782197,0.5988626053835127
6,relative,106,sheep's muzzle,177,0.5711528158794015,0.8617334717011216
6,relative,107,sheep's horn,22,0.0,0.19141199346631765
6,relative,108,train's headlight,16,0.0859375,0.5502088628709316
6,relative,109,train's head,209,0.052312599913925645,0.45912121843243614
6,relative,110,train's front,203,0.4692997889125288,0.7786897618341916
6,relative,111,train's side,246,0.056910569105691054,0.44960119120958375
6,relative,112,train's back,24,0.4513888905445735,0.7511997533341249
6,relative,113,train's roof,48,0.010416666666666666,0.26217850755589706
6,relative,114,train's coach,183,0.3681693989071038,0.7111544591257644
6,relative,115,tvmonitor's screen,289,0.4935121107266436,0.7297232595488274
7,absolute,0,aeroplane's body,462,0.025703463203463204,0.5409588849260694
7,absolute,1,aeroplane's stern,414,0.49667874396135264,0.862930920244991
7,absolute,2,aeroplane's wing,409,0.03942542787286064,0.578842630013277
7,absolute,3,aeroplane's tail,1,0.125,0.9334937334060669
7,absolute,4,aeroplane's engine,300,0.005,0.46832461868723235
7,absolute,5,aeroplane's wheel,226,0.0,0.2769273626988968
7,absolute,6,bicycle's wheel,306,0.03308823529411765,0.5304181398519503
7,absolute,7,bicycle's saddle,205,0.04024390243902439,0.6905816020762048
7,absolute,8,bicycle's handlebar,263,0.3935361216730038,0.934232038803427
7,absolute,9,bicycle's chainwheel,217,0.0034562211981566822,0.4483478857624915
7,absolute,10,bicycle's headlight,1,0.0,0.5516579151153564
7,absolute,11,bird's wing,250,0.027,0.44165311348438263
7,absolute,12,bird's tail,403,0.0024813895781637717,0.32569446725304013
7,absolute,13,bird's head,535,0.30514018691588785,0.7840502453741626
7,absolute,14,bird's eye,218,0.007454128440366973,0.5334545613155453
7,absolute,15,bird's beak,431,0.3245359628770302,0.9370199318136804
7,absolute,16,bird's torso,575,0.02717391304347826,0.4956913649647132
7,absolute,17,bird's neck,284,0.015404929577464789,0.6054757486136866
7,absolute,18,bird's leg,285,0.021929824561403508,0.46329008834926705
7,absolute,19,bird's foot,199,0.0829145728643216,0.5119599723935726
7,absolute,20,bottle's body,432,0.665682870377269,0.7637491911580717
7,absolute,21,bottle's cap,326,0.3232361963190184,0.8580531538264152
7,absolute,22,bus's wheel,233,0.0,0.4523403137730427
7,absolute,23,bus's headlight,155,0.0,0.4438439570126995
7,absolute,24,bus's front,183,0.03756830601092896,0.645657611837804
7,absolute,25,bus's side,245,0.1989795918367347,0.7654434724729888
7,absolute,26,bus's back,53,0.04009433962264151,0.6555206550742095
7,absolute,27,bus's roof,20,0.01875,0.6059394299983978
7,absolute,28,bus's mirror,117,0.0,0.6168268208320324
7,absolute,29,bus's license plate,4,0.0,0.3290312737226486
7,absolute,30,bus's door,104,0.1466346153846154,0.7146163413730952
7,absolute,31,bus's window,261,0.8314176245210728,0.9005211983375623
7,absolute,32,car's wheel,515,0.00412621359223301,0.3667293281665126
7,absolute,33,car's headlight,289,0.0038927335640138406,0.33362002250541867
7,absolute,34,car's front,365,0.10787671232876712,0.5436774589835781
7,absolute,35,car's side,515,0.10970873786407767,0.577841346240738
7,absolute,36,car's back,195,0.07948717948717948,0.5863725672165553
7,absolute,37,car's roof,132,0.054924242424242424,0.6688226946827137
7,absolute,38,car's mirror,279,0.0062724014336917565,0.526285913682753
7,absolute,39,car's license plate,8,0.0,0.2654516650363803
7,absolute,40,car's door,258,0.12839147286821706,0.622022498889949
7,absolute,41,car's window,548,0.7262773722627737,0.8976179056250266
7,absolute,42,cat's tail,332,0.005647590361445783,0.40291795255728513
7,absolute,43,cat's head,890,0.8799157303370787,0.8535258275111405
7,absolute,44,cat's eye,645,0.037209302325581395,0.697685411918995
7,absolute,45,cat's torso,871,0.011050516647531573,0.5330250759691376
7,absolute,46,cat's neck,601,0.0012479201331114808,0.49619551050087773
7,absolute,47,cat's leg,670,0.4542910447761194,0.799731810791279
7,absolute,48,cat's nose,589,0.005730050933786078,0.6093203528121696
7,absolute,49,cat's paw,570,0.44978070175438595,0.8434125981048534
7,absolute,50,cat's ear,848,0.02550117924528302,0.5480586252755152
7,absolute,51,cow's tail,49,0.002551020408163265,0.4144985821782326
7,absolute,52,cow's head,180,0.5756944444444444,0.9021597082002295
7,absolute,53,cow's eye,60,0.020833333333333332,0.6931961312890053
7,absolute,54,cow's torso,187,0.024732620320855617,0.630426206611057
7,absolute,55,cow's neck,81,0.006172839506172839,0.6880624191260633
7,absolute,56,cow's leg,142,0.014964788732394365,0.41429094749857004
7,absolute,57,cow's ear,138,0.018115942028985508,0.6734463214010432
7,absolute,58,cow's muzzle,161,0.15372670807453417,0.7942194448124548
7,absolute,59,cow's horn,53,0.0047169811320754715,0.5867090787527696
7,absolute,60,dog's tail,367,0.0,0.31795494209680636
7,absolute,61,dog's head,1010,0.7831683168316832,0.80032563039867
7,absolute,62,dog's eye,641,0.0719578783151326,0.7400587657684469
7,absolute,63,dog's torso,981,0.014398572884811417,0.4072658321711023
7,absolute,64,dog's neck,454,0.0005506607929515419,0.4112064920710441
7,absolute,65,dog's leg,810,0.38333333333333336,0.7405005875560973
7,absolute,66,dog's nose,815,0.0023006134969325155,0.4491900024421376
7,absolute,67,dog's paw,629,0.5453100158982512,0.88847200799917
7,absolute,68,dog's ear,899,0.011818687430478309,0.4316091555459746
7,absolute,69,dog's muzzle,939,0.08346645367412141,0.6296330407277717
7,absolute,70,horse's tail,147,0.002551020408163265,0.32034036365090585
7,absolute,71,horse's head,282,0.5487588652482269,0.8858731710318978
7,absolute,72,horse's eye,104,0.03485576923076923,0.7265736411970395
7,absolute,73,horse's torso,293,0.03284982935153584,0.5408293170530235
7,absolute,74,horse's neck,233,0.015021459227467811,0.6583316108699521
7,absolute,75,horse's leg,265,0.00990566037735849,0.38228469665320414
7,absolute,76,horse's ear,223,0.010089686098654708,0.6081459655890016
7,absolute,77,horse's muzzle,256,0.185546875,0.7988985743140802
7,absolute,78,horse's hoof,127,0.001968503937007874,0.286870534025778
7,absolute,79,motorbike's wheel,244,0.0,0.44701065868139267
7,absolute,80,motorbike's saddle,8,0.0,0.4579133354127407
7,absolute,81,motorbike's handlebar,11,0.4659090909090909,0.9468707388097589
7,absolute,82,motorbike's headlight,113,0.04756637168141593,0.7993086966793094
7,absolute,83,person's head,1334,0.4143017776969491,0.6748338105726702
7,absolute,84,person's eye,585,0.04148351649443308,0.6027595043055013
7,absolute,85,person's torso,1273,0.04341544159406391,0.3757199024834991
7,absolute,86,person's neck,757,0.009247027741083224,0.48062810365755304
7,absolute,87,person's leg,486,0.04372427983539095,0.3568458797509778
7,absolute,88,person's foot,135,0.053703703703703705,0.355468189323114
7,absolute,89,person's nose,907,0.07138919514884234,0.6094056424051276
7,absolute,90,person's ear,688,0.007085755813953488,0.45293307135444744
7,absolute,91,person's eyebrow,432,0.0642361111111111,0.6792452234399712
7,absolute,92,person's mouth,712,0.01597612359550562,0.4960096063369655
7,absolute,93,person's hair,1082,0.18872458410626639,0.6280333729161297
7,absolute,94,person's lower arm,753,0.010624169986719787,0.343243639065252
7,absolute,95,person's upper arm,1043,0.009827420901246404,0.37307398326959273
7,absolute,96,person's hand,669,0.03624813153961136,0.3420245721212328
7,absolute,97,pottedplant's pot,181,0.5262430939226519,0.8092256800492824
7,absolute,98,pottedplant's plant,203,0.29919071084466475,0.5907695355086491
7,absolute,99,sheep's tail,56,0.0,0.3941730298101902
7,absolute,100,sheep's head,217,0.5138248847926268,0.9028870847917372
7,absolute,101,sheep's eye,63,0.02976190476190476,0.6714337416111477
7,absolute,102,sheep's torso,236,0.021716101694915255,0.6189215331006859
7,absolute,103,sheep's neck,155,0.013709677419354839,0.6914163758677822
7,absolute,104,sheep's leg,53,0.01650943396226415,0.4598259194841925
7,absolute,105,sheep's ear,174,0.007902298850574713,0.6561458572830962
7,absolute,106,sheep's muzzle,177,0.0925141242937853,0.757517064358555
7,absolute,107,sheep's horn,22,0.022727272727272728,0.6678438159552488
7,absolute,108,train's headlight,16,0.0234375,0.548891132697463
7,absolute,109,train's head,209,0.0861244019138756,0.7023166244109852
7,absolute,110,train's front,203,0.12192118226600986,0.6510573082369536
7,absolute,111,train's side,246,0.32113821138211385,0.757845047043591
7,absolute,112,train's back,24,0.125,0.6665228183070818
7,absolute,113,train's roof,48,0.5390625,0.9082792848348618
7,absolute,114,train's coach,183,0.3702185792349727,0.7291581441795891
7,absolute,115,tvmonitor's screen,289,0.48875432525951557,0.730317331309137
7,relative,0,aeroplane's body,462,0.2746212121212121,0.7576080219118626
7,relative,1,aeroplane's stern,414,0.013989533023269857,0.4325591468292734
7,relative,2,aeroplane's wing,409,0.02656013516750196,0.5002199308286378
7,relative,3,aeroplane's tail,1,0.125,0.8354974985122681
7,relative,4,aeroplane's engine,300,0.09796825438737869,0.5014608149199437
7,relative,5,aeroplane's wheel,226,0.27822903523930403,0.9014453541124816
7,relative,6,bicycle's wheel,306,0.8147875817090857,0.844333199893727
7,relative,7,bicycle's saddle,205,0.015853658536585366,0.23947388940468067
7,relative,8,bicycle's handlebar,263,0.40209125475285173,0.9301955944684975
7,relative,9,bicycle's chainwheel,217,0.2213517668472457,0.7785885392726841
7,relative,10,bicycle's headlight,1,1.0,0.9305100440979004
7,relative,11,bird's wing,250,0.3670714290142059,0.7005650635883212
7,relative,12,bird's tail,403,0.4177567061064557,0.8948293096448292
7,relative,13,bird's head,535,0.6323742772095672,0.9184232558045432
7,relative,14,bird's eye,218,0.10184578433496143,0.22170240638794703
7,relative,15,bird's beak,431,0.28230858582078444,0.8807801891403519
7,relative,16,bird's torso,575,0.5549855075711789,0.8329062329167906
7,relative,17,bird's neck,284,0.3405809861568498,0.8663650606824479
7,relative,18,bird's leg,285,0.24935672528911054,0.8649595980058636
7,relative,19,bird's foot,199,0.0902668107394597,0.6380631430963775
7,relative,20,bottle's body,432,0.6134259259259259,0.8268306020785261
7,relative,21,bottle's cap,326,0.2635407539690199,0.6784898779737804
7,relative,22,bus's wheel,233,0.6043276110176364,0.9230271618765311
7,relative,23,bus's headlight,155,0.016520737448046285,0.3755362213138611
7,relative,24,bus's front,183,0.16666666666666666,0.7413291709670604
7,relative,25,bus's side,245,0.20408163265306123,0.7087171679856826
7,relative,26,bus's back,53,0.3938679245283019,0.7359745138377514
7,relative,27,bus's roof,20,0.2487500011920929,0.5427340053021907
7,relative,28,bus's mirror,117,0.008547008547008548,0.35205125741851634
7,relative,29,bus's license plate,4,0.19375000149011612,0.6680759638547897
7,relative,30,bus's door,104,0.3899610817718964,0.6130862857859868
7,relative,31,bus's window,261,0.6968390804597702,0.6985670645574957
7,relative,32,car's wheel,515,0.7203097555243854,0.858667523967265
7,relative,33,car's headlight,289,0.4071304999214555,0.727676502412836
7,relative,34,car's front,365,0.4378930204126933,0.7109530936773509
7,relative,35,car's side,515,0.23456773020110083,0.639529729063071
7,relative,36,car's back,195,0.4545054946954434,0.8217425802579292
7,relative,37,car's roof,132,0.2871212128436927,0.7169671689131947
7,relative,38,car's mirror,279,0.0827999660832053,0.36442389196672853
7,relative,39,car's license plate,8,0.2083333358168602,0.6921458607539535
7,relative,40,car's door,258,0.5122739022900892,0.7466420271946478
7,relative,41,car's window,548,0.6680265903527284,0.7916235566737443
7,relative,42,cat's tail,332,0.48772231826042556,0.8502422566329275
7,relative,43,cat's head,890,0.6109082397115364,0.8025191396642267
7,relative,44,cat's eye,645,0.4804946490498476,0.9198468732337157
7,relative,45,cat's torso,871,0.7430361926760931,0.8006399029568607
7,relative,46,cat's neck,601,0.39331471394381784,0.7944930144732884
7,relative,47,cat's leg,670,0.5032338308531846,0.8016581409013094
7,relative,48,cat's nose,589,0.12762349434133702,0.8736549840515863
7,relative,49,cat's paw,570,0.6388847124942562,0.922730479114934
7,relative,50,cat's ear,848,0.3506064693671915,0.8031136210533386
7,relative,51,cow's tail,49,0.22094266329492843,0.763478032142228
7,relative,52,cow's head,180,0.3582010583745109,0.8486578937206003
7,relative,53,cow's eye,60,0.25279762024680774,0.6031236290931702
7,relative,54,cow's torso,187,0.6671122994652406,0.815106107748766
7,relative,55,cow's neck,81,0.1933127573610824,0.7580934564272562
7,relative,56,cow's leg,142,0.42077464788732394,0.8371117310204976
7,relative,57,cow's ear,138,0.14307280986205392,0.6288311665715731
7,relative,58,cow's muzzle,161,0.6717021606908822,0.8617142730664392
7,relative,59,cow's horn,53,0.0023584905660377358,0.19149221295385427
7,relative,60,dog's tail,367,0.36189503094805686,0.7521771188046306
7,relative,61,dog's head,1010,0.547310231183425,0.7945885307127887
7,relative,62,dog's eye,641,0.3493536886252033,0.9066699054237461
7,relative,63,dog's torso,981,0.6739053930954345,0.7770019353772765
7,relative,64,dog's neck,454,0.5030102792159051,0.8291851110132781
7,relative,65,dog's leg,810,0.5159920635414712,0.8016390864863808
7,relative,66,dog's nose,815,0.0051124744620059896,0.5591438659678207
7,relative,67,dog's paw,629,0.4865886902818619,0.8304442724772686
7,relative,68,dog's ear,899,0.48058557177213196,0.8433506814835466
7,relative,69,dog's muzzle,939,0.47766367564249596,0.7821552956574006
7,relative,70,horse's tail,147,0.4936507937251305,0.8865210243126973
7,relative,71,horse's head,282,0.5583966565681687,0.8894821408581226
7,relative,72,horse's eye,104,0.1863438650392569,0.5380823907549851
7,relative,73,horse's torso,293,0.7158703071672355,0.8285398359947644
7,relative,74,horse's neck,233,0.20222767228220664,0.6472630496636481
7,relative,75,horse's leg,265,0.4016397125878424,0.7518242111183563
7,relative,76,horse's ear,223,0.22334507969730102,0.8201099143033604
7,relative,77,horse's muzzle,256,0.6028785353992134,0.8669079993269406
7,relative,78,horse's hoof,127,0.000984251968503937,0.24387901896742856
7,relative,79,motorbike's wheel,244,0.7925204918032787,0.8610817638577007
7,relative,80,motorbike's saddle,8,0.078125,0.599486704915762
7,relative,81,motorbike's handlebar,11,0.14772727272727273,0.7439927187832919
7,relative,82,motorbike's headlight,113,0.09955752212389381,0.7978980683647425
7,relative,83,person's head,1334,0.254280895709634,0.5774534326359124
7,relative,84,person's eye,585,0.1616585275811008,0.4773270345643226
7,relative,85,person's torso,1273,0.2514588715799756,0.5064673812316258
7,relative,86,person's neck,757,0.15535321191957163,0.42782022806482395
7,relative,87,person's leg,486,0.1211934161100368,0.41078051227171725
7,relative,88,person's foot,135,0.06121693154176076,0.3559931364255371
7,relative,89,person's nose,907,0.15271302668301773,0.5945363206472638
7,relative,90,person's ear,688,0.04348352718231983,0.218854625948277
7,relative,91,person's eyebrow,432,0.06422508828755882,0.6134483489289845
7,relative,92,person's mouth,712,0.12028324003383685,0.5939546529971471
7,relative,93,person's hair,1082,0.26253080783952404,0.5764861230268497
7,relative,94,person's lower arm,753,0.04631790307017753,0.34193396547210625
7,relative,95,person's upper arm,1043,0.03420307735125833,0.30149872702200853
7,relative,96,person's hand,669,0.08263755457194574,0.34329820898889113
7,relative,97,pottedplant's pot,181,0.6197513812813311,0.8210556674234116
7,relative,98,pottedplant's plant,203,0.5168308703770191,0.7411297993193119
7,relative,99,sheep's tail,56,0.10044642857142858,0.6567321861761489
7,relative,100,sheep's head,217,0.38839697212942187,0.8669625056504104
7,relative,101,sheep's eye,63,0.22738095242825765,0.619207579819929
7,relative,102,sheep's torso,236,0.5826271186440678,0.8146318581144688
7,relative,103,sheep's neck,155,0.2364055299951184,0.7447157796352141
7,relative,104,sheep's leg,53,0.39858490566037735,0.8233861453690619
7,relative,105,sheep's ear,174,0.15688971027560616,0.6350623574750177
7,relative,106,sheep's muzzle,177,0.5706416499816765,0.8654175355378012
7,relative,107,sheep's horn,22,0.0,0.19301659605381163
7,relative,108,train's headlight,16,0.0859375,0.5680612772703171
7,relative,109,train's head,209,0.05181704290460742,0.4701081673975624
7,relative,110,train's front,203,0.47844827586206895,0.7762465366882644
7,relative,111,train's side,246,0.05233739837398374,0.44676309369686174
7,relative,112,train's back,24,0.4670138905445735,0.7538622779150804
7,relative,113,train's roof,48,0.010416666666666666,0.26061514555476606
7,relative,114,train's coach,183,0.3640710382513661,0.7190384670298119
7,relative,115,tvmonitor's screen,289,0.4744809688581315,0.7246449944469755
8,absolute,0,aeroplane's body,462,0.024891774891774892,0.5375826682943803
8,absolute,1,aeroplane's stern,414,0.4767512077294686,0.8598042487522254
8,absolute,2,aeroplane's wing,409,0.03881418092909535,0.5776887246040959
8,absolute,3,aeroplane's tail,1,0.125,0.9334937334060669
8,absolute,4,aeroplane's engine,300,0.004583333333333333,0.46405853430430094
8,absolute,5,aeroplane's wheel,226,0.0,0.2758244515388413
8,absolute,6,bicycle's wheel,306,0.029411764705882353,0.5212872634136599
8,absolute,7,bicycle's saddle,205,0.042682926829268296,0.6918116959129892
8,absolute,8,bicycle's handlebar,263,0.39923954372623577,0.9361415524673099
8,absolute,9,bicycle's chainwheel,217,0.0034562211981566822,0.4429800051011248
8,absolute,10,bicycle's headlight,1,0.0,0.504628598690033
8,absolute,11,bird's wing,250,0.025,0.4388012644052505
8,absolute,12,bird's tail,403,0.0024813895781637717,0.3253620988123174
8,absolute,13,bird's head,535,0.29602803738317757,0.7801762158068541
8,absolute,14,bird's eye,218,0.007454128440366973,0.5289283012031415
8,absolute,15,bird's beak,431,0.33033642691415316,0.9389518107311355
8,absolute,16,bird's torso,575,0.027608695652173915,0.4949840030981147
8,absolute,17,bird's neck,284,0.016285211267605633,0.6046446073852795
8,absolute,18,bird's leg,285,0.01929824561403509,0.4551690343440625
8,absolute,19,bird's foot,199,0.06972361809045226,0.49409419620156886
8,absolute,20,bottle's body,432,0.6338541666735653,0.7482164187908724
8,absolute,21,bottle's cap,326,0.3370398773006135,0.8637824847014404
8,absolute,22,bus's wheel,233,0.0,0.4508334734664966
8,absolute,23,bus's headlight,155,0.0,0.44396841660622627
8,absolute,24,bus's front,183,0.03756830601092896,0.6442539820579883
8,absolute,25,bus's side,245,0.20357142857142857,0.7660719265743178
8,absolute,26,bus's back,53,0.04245283018867924,0.6551855397674272
8,absolute,27,bus's roof,20,0.01875,0.6096467345952987
8,absolute,28,bus's mirror,117,0.0,0.6141169679979993
8,absolute,29,bus's license plate,4,0.0,0.33081360161304474
8,absolute,30,bus's door,104,0.14302884615384615,0.7121017073782591
8,absolute,31,bus's window,261,0.8323754789272031,0.9009970917555564
8,absolute,32,car's wheel,515,0.0033980582524271844,0.3626194809391661
8,absolute,33,car's headlight,289,0.0038927335640138406,0.33189339590320127
8,absolute,34,car's front,365,0.11301369863013698,0.5487318737049626
8,absolute,35,car's side,515,0.09854368932038834,0.5654371771418932
8,absolute,36,car's back,195,0.0891025641025641,0.592650513503796
8,absolute,37,car's roof,132,0.058712121212121215,0.6763274098436037
8,absolute,38,car's mirror,279,0.004032258064516129,0.5142989366926173
8,absolute,39,car's license plate,8,0.0,0.2658818867057562
8,absolute,40,car's door,258,0.11724806201550388,0.606845888403035
8,absolute,41,car's window,548,0.7363138686131386,0.8980452537427853
8,absolute,42,cat's tail,332,0.005271084337349397,0.4015094152236559
8,absolute,43,cat's head,890,0.8787921348314607,0.8538904728556282
8,absolute,44,cat's eye,645,0.03934108527131783,0.7024236777032069
8,absolute,45,cat's torso,871,0.01047646383467279,0.5349218087649372
8,absolute,46,cat's neck,601,0.0012479201331114808,0.49688839275210156
8,absolute,47,cat's leg,670,0.4449626865671642,0.7971821171801482
8,absolute,48,cat's nose,589,0.0055178268251273345,0.6082570120717552
8,absolute,49,cat's paw,570,0.4649122807017544,0.84921110222737
8,absolute,50,cat's ear,848,0.02564858490566038,0.5492858196134275
8,absolute,51,cow's tail,49,0.0,0.4123080400179844
8,absolute,52,cow's head,180,0.5777777777777777,0.9024064790043566
8,absolute,53,cow's eye,60,0.025,0.6969393153985342
8,absolute,54,cow's torso,187,0.02406417112299465,0.6310869208312927
8,absolute,55,cow's neck,81,0.006172839506172839,0.6897279686397977
8,absolute,56,cow's leg,142,0.01232394366197183,0.4115465285492615
8,absolute,57,cow's ear,138,0.018115942028985508,0.6741022102642751
8,absolute,58,cow's muzzle,161,0.1498447204968944,0.7934772590672747
8,absolute,59,cow's horn,53,0.0047169811320754715,0.5879248465007206
8,absolute,60,dog's tail,367,0.0,0.3172806785200857
8,absolute,61,dog's head,1010,0.7860148514851485,0.8003393931554096
8,absolute,62,dog's eye,641,0.07546801872074883,0.7445306728206075
8,absolute,63,dog's torso,981,0.014143730886850153,0.4063219025001978
8,absolute,64,dog's neck,454,0.0005506607929515419,0.4111548171333542
8,absolute,65,dog's leg,810,0.3756172839506173,0.7374627195390654
8,absolute,66,dog's nose,815,0.002147239263803681,0.44749506463302424
8,absolute,67,dog's paw,629,0.5556438791732909,0.8916463520502248
8,absolute,68,dog's ear,899,0.011957730812013349,0.4324748660453302
8,absolute,69,dog's muzzle,939,0.07827476038338659,0.625704952671378
8,absolute,70,horse's tail,147,0.0017006802721088435,0.3201721180863932
8,absolute,71,horse's head,282,0.5531914893617021,0.8864758805180273
8,absolute,72,horse's eye,104,0.03485576923076923,0.7290636911415137
8,absolute,73,horse's torso,293,0.03370307167235495,0.5415485691495316
8,absolute,74,horse's neck,233,0.01555793991416309,0.6588710288121465
8,absolute,75,horse's leg,265,0.00990566037735849,0.3813637480420886
8,absolute,76,horse's ear,223,0.010650224215246636,0.6107294685102899
8,absolute,77,horse's muzzle,256,0.1787109375,0.7969988512340933
8,absolute,78,horse's hoof,127,0.001968503937007874,0.2867970776370191
8,absolute,79,motorbike's wheel,244,0.0,0.44136978032403307
8,absolute,80,motorbike's saddle,8,0.0,0.45985114574432373
8,absolute,81,motorbike's handlebar,11,0.4659090909090909,0.949443519115448
8,absolute,82,motorbike's headlight,113,0.04535398230088496,0.7966819595446629
8,absolute,83,person's head,1334,0.4126151210252849,0.6746413737976703
8,absolute,84,person's eye,585,0.04276556777648437,0.6044838035590628
8,absolute,85,person's torso,1273,0.040960610486444116,0.3743570141248458
8,absolute,86,person's neck,757,0.009081902245706737,0.4809911119797153
8,absolute,87,person's leg,486,0.04218106995884774,0.3549626041088759
8,absolute,88,person's foot,135,0.05277777777777778,0.35304637765856806
8,absolute,89,person's nose,907,0.07097574421168688,0.6089102362396551
8,absolute,90,person's ear,688,0.007267441860465116,0.453048208633676
8,absolute,91,person's eyebrow,432,0.06712962962962964,0.6805770864076395
8,absolute,92,person's mouth,712,0.016853932584269662,0.49708791006764586
8,absolute,93,person's hair,1082,0.1920748613705917,0.6296876029812088
8,absolute,94,person's lower arm,753,0.0099601593625498,0.3423058182591075
8,absolute,95,person's upper arm,1043,0.009108341323106424,0.37135683431639227
8,absolute,96,person's hand,669,0.035127055306427506,0.33964858981759827
8,absolute,97,pottedplant's pot,181,0.5352209944751382,0.8107903924106893
8,absolute,98,pottedplant's plant,203,0.2905700211894923,0.5822145561572953
8,absolute,99,sheep's tail,56,0.0,0.3938300660146134
8,absolute,100,sheep's head,217,0.5172811059907834,0.9031329421403771
8,absolute,101,sheep's eye,63,0.02976190476190476,0.6739776446705773
8,absolute,102,sheep's torso,236,0.021716101694915255,0.6211072077690545
8,absolute,103,sheep's neck,155,0.013709677419354839,0.6919925695465458
8,absolute,104,sheep's leg,53,0.01650943396226415,0.4600362814259979
8,absolute,105,sheep's ear,174,0.007902298850574713,0.6569419499358227
8,absolute,106,sheep's muzzle,177,0.08968926553672317,0.7557380159022444
8,absolute,107,sheep's horn,22,0.022727272727272728,0.6688543991609053
8,absolute,108,train's headlight,16,0.03125,0.5588401323184371
8,absolute,109,train's head,209,0.08791866028708134,0.7025116215767473
8,absolute,110,train's front,203,0.11699507389162561,0.6478560886212757
8,absolute,111,train's side,246,0.31046747967479676,0.7550164923919895
8,absolute,112,train's back,24,0.11979166666666667,0.6620903884371122
8,absolute,113,train's roof,48,0.5338541666666666,0.9056028487781683
8,absolute,114,train's coach,183,0.3640710382513661,0.726365428153283
8,absolute,115,tvmonitor's screen,289,0.4744809688581315,0.7266788849781128
8,relative,0,aeroplane's body,462,0.28544372294372294,0.7639430648772232
8,relative,1,aeroplane's stern,414,0.013687600656120097,0.43500550861519893
8,relative,2,aeroplane's wing,409,0.022004889975550123,0.497647598422244
8,relative,3,aeroplane's tail,1,0.125,0.8354974985122681
8,relative,4,aeroplane's engine,300,0.10194841345151265,0.5069723510711144
8,relative,5,aeroplane's wheel,226,0.27859776678074777,0.9012003210002342
8,relative,6,bicycle's wheel,306,0.8147875817090857,0.844143213594661
8,relative,7,bicycle's saddle,205,0.01524390243902439,0.23472101870106488
8,relative,8,bicycle's handlebar,263,0.40256653992395436,0.9307051613756913
8,relative,9,bicycle's chainwheel,217,0.23734364737563418,0.7951119520147825
8,relative,10,bicycle's headlight,1,1.0,0.9305100440979004
8,relative,11,bird's wing,250,0.36373333382606504,0.7037896485924721
8,relative,12,bird's tail,403,0.41772716549726635,0.8965753705862438
8,relative,13,bird's head,535,0.6373119719674654,0.9198774954983007
8,relative,14,bird's eye,218,0.131613149965575,0.24727504382576418
8,relative,15,bird's beak,431,0.28910065288471787,0.8889472144731513
8,relative,16,bird's torso,575,0.5495962735621825,0.8347152565873187
8,relative,17,bird's neck,284,0.3443326629488401,0.8687056922681735
8,relative,18,bird's leg,285,0.25167502107327444,0.8652639307473835
8,relative,19,bird's foot,199,0.10057430066655029,0.663427948128039
8,relative,20,bottle's body,432,0.6137152777777778,0.8260648106052367
8,relative,21,bottle's cap,326,0.2828659073341112,0.7049334145671019
8,relative,22,bus's wheel,233,0.6070100144511129,0.9237105178730682
8,relative,23,bus's headlight,155,0.021505376408177037,0.40786961965983914
8,relative,24,bus's front,183,0.18032786885245902,0.7465138803414308
8,relative,25,bus's side,245,0.20153061224489796,0.7075461570097475
8,relative,26,bus's back,53,0.4009433962264151,0.738343781598334
8,relative,27,bus's roof,20,0.24821428656578065,0.5443246372044086
8,relative,28,bus's mirror,117,0.008547008547008548,0.34811283759454376
8,relative,29,bus's license plate,4,0.19375000149011612,0.6666807532310486
8,relative,30,bus's door,104,0.3951465225277039,0.6215485815818493
8,relative,31,bus's window,261,0.717911877394636,0.7184438144795282
8,relative,32,car's wheel,515,0.7218515953971344,0.8628708977396916
8,relative,33,car's headlight,289,0.43186274567896105,0.7454488553319475
8,relative,34,car's front,365,0.4536040446121399,0.7167562662738644
8,relative,35,car's side,515,0.23865695812748475,0.641128948996368
8,relative,36,car's back,195,0.46989011008005876,0.8260154898350055
8,relative,37,car's roof,132,0.2942550511974277,0.7138646399094299
8,relative,38,car's mirror,279,0.10470643495359729,0.38670786727373374
8,relative,39,car's license plate,8,0.22619047947227955,0.7213942483067513
8,relative,40,car's door,258,0.5253091550959174,0.7553666752669238
8,relative,41,car's window,548,0.6806656241308163,0.804632983095672
8,relative,42,cat's tail,332,0.49617756773010796,0.8572036464704224
8,relative,43,cat's head,890,0.6544475655542331,0.8114324567274431
8,relative,44,cat's eye,645,0.4772536006315734,0.926090166047793
8,relative,45,cat's torso,871,0.7503348641465369,0.8019472412448526
8,relative,46,cat's neck,601,0.4004476668929895,0.7978498575691375
8,relative,47,cat's leg,670,0.5150053306524434,0.8075719623423334
8,relative,48,cat's nose,589,0.12898374982620944,0.8750397524526042
8,relative,49,cat's paw,570,0.6418943198887925,0.9235724644702777
8,relative,50,cat's ear,848,0.3781179809626543,0.826582025973794
8,relative,51,cow's tail,49,0.23333333371853343,0.778236760738857
8,relative,52,cow's head,180,0.39806216946906514,0.8627203106880188
8,relative,53,cow's eye,60,0.26283730268478395,0.6623324220379193
8,relative,54,cow's torso,187,0.6711229946524064,0.8175931480479113
8,relative,55,cow's neck,81,0.2083333335172983,0.7662790859187091
8,relative,56,cow's leg,142,0.4278169014084507,0.8387024792986857
8,relative,57,cow's ear,138,0.1602225679418315,0.6766759166898935
8,relative,58,cow's muzzle,161,0.6565069521991362,0.8603433014489479
8,relative,59,cow's horn,53,0.0047169811320754715,0.1987208617007676
8,relative,60,dog's tail,367,0.365858959851213,0.7558552891267235
8,relative,61,dog's head,1010,0.5778123528945565,0.8048546967972623
8,relative,62,dog's eye,641,0.355896664646784,0.9121645958672819
8,relative,63,dog's torso,981,0.6801223243443366,0.7797793245795548
8,relative,64,dog's neck,454,0.5094844767832021,0.8296388416235142
8,relative,65,dog's leg,810,0.5300705468213117,0.8064462816457689
8,relative,66,dog's nose,815,0.0054630441534007255,0.5609067889444667
8,relative,67,dog's paw,629,0.49115943754704844,0.8378405370682904
8,relative,68,dog's ear,899,0.49529768571307314,0.849332625864776
8,relative,69,dog's muzzle,939,0.4862683208478779,0.7853631526073074
8,relative,70,horse's tail,147,0.48998218349048067,0.8875033051079634
8,relative,71,horse's head,282,0.5735520094844466,0.8936098544521535
8,relative,72,horse's eye,104,0.20256410338557684,0.5908922952635643
8,relative,73,horse's torso,293,0.7175767918088737,0.8289795440364209
8,relative,74,horse's neck,233,0.21815859414477204,0.6610375600886959
8,relative,75,horse's leg,265,0.4054132974935028,0.7575209668644194
8,relative,76,horse's ear,223,0.22980461373190175,0.8344127408191228
8,relative,77,horse's muzzle,256,0.6035574786365032,0.8686460090684704
8,relative,78,horse's hoof,127,0.000984251968503937,0.24578300005514322
8,relative,79,motorbike's wheel,244,0.788422131147541,0.8597890992389351
8,relative,80,motorbike's saddle,8,0.078125,0.5940966755151749
8,relative,81,motorbike's handlebar,11,0.13636363636363635,0.7411812381310896
8,relative,82,motorbike's headlight,113,0.10730088495575221,0.8057309695049725
8,relative,83,person's head,1334,0.2618976231145001,0.5826066001220656
8,relative,84,person's eye,585,0.1719047627897344,0.4899468172301785
8,relative,85,person's torso,1273,0.2526007188017314,0.5128594647040583
8,relative,86,person's neck,757,0.15329622011754757,0.4328279501218423
8,relative,87,person's leg,486,0.12138937904265683,0.41314201840149706
8,relative,88,person's foot,135,0.06148148168016363,0.35867091266231405
8,relative,89,person's nose,907,0.15194912688537626,0.5950894655768637
8,relative,90,person's ear,688,0.04330184115746687,0.22344761710616673
8,relative,91,person's eyebrow,432,0.06237599219161051,0.6121492633117467
8,relative,92,person's mouth,712,0.11826009929096432,0.5928493691392484
8,relative,93,person's hair,1082,0.26392813208693716,0.5777615754161023
8,relative,94,person's lower arm,753,0.04654714478993637,0.3416554178853345
8,relative,95,person's upper arm,1043,0.03286421961889514,0.29576898203253715
8,relative,96,person's hand,669,0.08234749830178972,0.3434775067543436
8,relative,97,pottedplant's pot,181,0.6197513812813311,0.8218678742317863
8,relative,98,pottedplant's plant,203,0.5119047620026349,0.7423255197300113
8,relative,99,sheep's tail,56,0.109375,0.672515481643911
8,relative,100,sheep's head,217,0.41431863111559697,0.8765437111327176
8,relative,101,sheep's eye,63,0.23626228291836995,0.6497892112958998
8,relative,102,sheep's torso,236,0.5858050847457628,0.8164966679730657
8,relative,103,sheep's neck,155,0.2508064516129032,0.7619846536267189
8,relative,104,sheep's leg,53,0.4009433962264151,0.8246861103008378
8,relative,105,sheep's ear,174,0.1740900387709168,0.6598030570252188
8,relative,106,sheep's muzzle,177,0.568529731304632,0.8659333516922543
8,relative,107,sheep's horn,22,0.0,0.19183686299418862
8,relative,108,train's headlight,16,0.0859375,0.5887859985232353
8,relative,109,train's head,209,0.05173160199913682,0.4737605720393039
8,relative,110,train's front,203,0.47844827586206895,0.7754158142385225
8,relative,111,train's side,246,0.04878048780487805,0.44473801310954053
8,relative,112,train's back,24,0.4618055572112401,0.754310159633557
8,relative,113,train's roof,48,0.0115327388048172,0.2598541322319458
8,relative,114,train's coach,183,0.3587041374275593,0.7257638735686495
8,relative,115,tvmonitor's screen,289,0.4619377162629758,0.7221024671640364
9,absolute,0,aeroplane's body,462,0.02408008658008658,0.534779400955805
9,absolute,1,aeroplane's stern,414,0.46195652173913043,0.8576646926610366
9,absolute,2,aeroplane's wing,409,0.038202933985330076,0.5766468237548119
9,absolute,3,aeroplane's tail,1,0.125,0.9334937334060669
9,absolute,4,aeroplane's engine,300,0.004583333333333333,0.46117196828126905
9,absolute,5,aeroplane's wheel,226,0.0,0.273947753144049
9,absolute,6,bicycle's wheel,306,0.027369281045751634,0.5150528960660392
9,absolute,7,bicycle's saddle,205,0.048170731707317074,0.6950671268672478
9,absolute,8,bicycle's handlebar,263,0.40779467680608367,0.9380323127648676
9,absolute,9,bicycle's chainwheel,217,0.002880184331797235,0.4375617585149229
9,absolute,10,bicycle's headlight,1,0.0,0.4942828416824341
9,absolute,11,bird's wing,250,0.0245,0.43835908019542696
9,absolute,12,bird's tail,403,0.0021712158808933004,0.32450731078315315
9,absolute,13,bird's head,535,0.28925233644859816,0.7775510535061917
9,absolute,14,bird's eye,218,0.006880733944954129,0.5257263619691954
9,absolute,15,bird's beak,431,0.33120649651972156,0.9396942965254153
9,absolute,16,bird's torso,575,0.02782608695652174,0.49477820921203364
9,absolute,17,bird's neck,284,0.016285211267605633,0.6032148645797246
9,absolute,18,bird's leg,285,0.017543859649122806,0.4474740341305733
9,absolute,19,bird's foot,199,0.06155778894472362,0.48107397376592437
9,absolute,20,bottle's body,432,0.6115740740809728,0.7364656902780687
9,absolute,21,bottle's cap,326,0.3504601226993865,0.8689211473051756
9,absolute,22,bus's wheel,233,0.000536480686695279,0.4511832836935449
9,absolute,23,bus's headlight,155,0.0,0.4442405912183946
9,absolute,24,bus's front,183,0.040300546448087435,0.6432685301603516
9,absolute,25,bus's side,245,0.21122448979591837,0.7682649431179981
9,absolute,26,bus's back,53,0.04245283018867924,0.6567888439826246
9,absolute,27,bus's roof,20,0.01875,0.6154509246349334
9,absolute,28,bus's mirror,117,0.0,0.6112479850267752
9,absolute,29,bus's license plate,4,0.0,0.32869111746549606
9,absolute,30,bus's door,104,0.14302884615384615,0.7112510347595582
9,absolute,31,bus's window,261,0.8347701149425287,0.9013916502967192
9,absolute,32,car's wheel,515,0.0033980582524271844,0.36023123342435337
9,absolute,33,car's headlight,289,0.0034602076124567475,0.3305639710638247
9,absolute,34,car's front,365,0.1202054794520548,0.5533510021559179
9,absolute,35,car's side,515,0.09004854368932039,0.5584500330455094
9,absolute,36,car's back,195,0.09358974358974359,0.5956994168269328
9,absolute,37,car's roof,132,0.06060606060606061,0.6812350788351261
9,absolute,38,car's mirror,279,0.004032258064516129,0.508325913847561
9,absolute,39,car's license plate,8,0.0,0.2661552373319864
9,absolute,40,car's door,258,0.10755813953488372,0.5948149986391844
9,absolute,41,car's window,548,0.7436131386861314,0.8980151788487921
9,absolute,42,cat's tail,332,0.005271084337349397,0.40097411569342556
9,absolute,43,cat's head,890,0.8778089887640449,0.8540595210586371
9,absolute,44,cat's eye,645,0.041666666666666664,0.7060826819534449
9,absolute,45,cat's torso,871,0.01047646383467279,0.5364258208501352
9,absolute,46,cat's neck,601,0.0010399334442595673,0.4974088565680429
9,absolute,47,cat's leg,670,0.43451492537313435,0.793567131459713
9,absolute,48,cat's nose,589,0.0055178268251273345,0.6069570736285989
9,absolute,49,cat's paw,570,0.4789473684210526,0.8545188382267952
9,absolute,50,cat's ear,848,0.02550117924528302,0.5503887309569795
9,absolute,51,cow's tail,49,0.0,0.4122941116897427
9,absolute,52,cow's head,180,0.5791666666666667,0.9027609044065078
9,absolute,53,cow's eye,60,0.025,0.6982658932606379
9,absolute,54,cow's torso,187,0.02406417112299465,0.6312763102870574
9,absolute,55,cow's neck,81,0.006172839506172839,0.6902110753235994
9,absolute,56,cow's leg,142,0.011443661971830986,0.4114660762355361
9,absolute,57,cow's ear,138,0.019021739130434784,0.6743077072112457
9,absolute,58,cow's muzzle,161,0.14673913043478262,0.7920818480645647
9,absolute,59,cow's horn,53,0.0047169811320754715,0.5891631324336214
9,absolute,60,dog's tail,367,0.0,0.31656575909427465
9,absolute,61,dog's head,1010,0.785519801980198,0.8000432362650881
9,absolute,62,dog's eye,641,0.07702808112324493,0.7482332305956556
9,absolute,63,dog's torso,981,0.013888888888888888,0.4053939981547457
9,absolute,64,dog's neck,454,0.0005506607929515419,0.4115709203832869
9,absolute,65,dog's leg,810,0.3675925925925926,0.7344886969912935
9,absolute,66,dog's nose,815,0.002147239263803681,0.4462919753570498
9,absolute,67,dog's paw,629,0.5631955484896661,0.8943459877480763
9,absolute,68,dog's ear,899,0.012513904338153505,0.433542111053549
9,absolute,69,dog's muzzle,939,0.0748136315228967,0.622360061691465
9,absolute,70,horse's tail,147,0.0017006802721088435,0.31992156773197405
9,absolute,71,horse's head,282,0.5580673758865248,0.886973999493511
9,absolute,72,horse's eye,104,0.037259615384615384,0.7328277152891343
9,absolute,73,horse's torso,293,0.03498293515358362,0.5424553788054112
9,absolute,74,horse's neck,233,0.01555793991416309,0.6596755876561603
9,absolute,75,horse's leg,265,0.009433962264150943,0.38081039015976886
9,absolute,76,horse's ear,223,0.010650224215246636,0.6118497740260154
9,absolute,77,horse's muzzle,256,0.17333984375,0.7955649567302316
9,absolute,78,horse's hoof,127,0.001968503937007874,0.28656904164731034
9,absolute,79,motorbike's wheel,244,0.0,0.4381157629436157
9,absolute,80,motorbike's saddle,8,0.0,0.4597811996936798
9,absolute,81,motorbike's handlebar,11,0.4659090909090909,0.946236025203358
9,absolute,82,motorbike's headlight,113,0.04314159292035398,0.7949991927737683
9,absolute,83,person's head,1334,0.41092846435362074,0.6742444116680854
9,absolute,84,person's eye,585,0.04383394384486044,0.605176799919488
9,absolute,85,person's torso,1273,0.03840758613451953,0.3731755783509987
9,absolute,86,person's neck,757,0.00891677675033025,0.4810875617041495
9,absolute,87,person's leg,486,0.04089506172839506,0.35367620753224005
9,absolute,88,person's foot,135,0.05277777777777778,0.35279722148207604
9,absolute,89,person's nose,907,0.0704244762954796,0.6087055357672118
9,absolute,90,person's ear,688,0.007267441860465116,0.45287702811359387
9,absolute,91,person's eyebrow,432,0.06915509259259259,0.681462153113292
9,absolute,92,person's mouth,712,0.0175561797752809,0.4982020640327187
9,absolute,93,person's hair,1082,0.19634935305266196,0.6314796062320636
9,absolute,94,person's lower arm,753,0.009628154050464808,0.3411550480169881
9,absolute,95,person's upper arm,1043,0.009228187919463088,0.37048383924149314
9,absolute,96,person's hand,669,0.034192825112107625,0.3381471982328792
9,absolute,97,pottedplant's pot,181,0.5366022099447514,0.8114646799985875
9,absolute,98,pottedplant's plant,203,0.28625967636190613,0.5771439695005933
9,absolute,99,sheep's tail,56,0.0,0.3937289352927889
9,absolute,100,sheep's head,217,0.5184331797235023,0.9029675716628677
9,absolute,101,sheep's eye,63,0.02976190476190476,0.6755954367773873
9,absolute,102,sheep's torso,236,0.022775423728813558,0.6233841634150279
9,absolute,103,sheep's neck,155,0.012096774193548387,0.6919723333850983
9,absolute,104,sheep's leg,53,0.01650943396226415,0.45995946537773563
9,absolute,105,sheep's ear,174,0.007902298850574713,0.6579752262553265
9,absolute,106,sheep's muzzle,177,0.08968926553672317,0.7545564762279813
9,absolute,107,sheep's horn,22,0.022727272727272728,0.6700505478815599
9,absolute,108,train's headlight,16,0.03125,0.5578666413202882
9,absolute,109,train's head,209,0.08911483253588516,0.7028482902135575
9,absolute,110,train's front,203,0.11330049261083744,0.6461499442754708
9,absolute,111,train's side,246,0.30386178861788615,0.7529012656551066
9,absolute,112,train's back,24,0.11458333333333333,0.658814337104559
9,absolute,113,train's roof,48,0.5364583333333334,0.9058751588066419
9,absolute,114,train's coach,183,0.36133879781420764,0.7248427874403574
9,absolute,115,tvmonitor's screen,289,0.4671280276816609,0.7242152332022116
9,relative,0,aeroplane's body,462,0.29004329004329005,0.7684589573766762
9,relative,1,aeroplane's stern,414,0.013687600656120097,0.43573037110233076
9,relative,2,aeroplane's wing,409,0.018948655256723717,0.4945003232556625
9,relative,3,aeroplane's tail,1,0.125,0.8354974985122681
9,relative,4,aeroplane's engine,300,0.10198809593915939,0.5158348208044966
9,relative,5,aeroplane's wheel,226,0.27583228005508403,0.8996666323030944
9,relative,6,bicycle's wheel,306,0.8146591970538781,0.8442858364067826
9,relative,7,bicycle's saddle,205,0.01524390243902439,0.2285756346292612
9,relative,8,bicycle's handlebar,263,0.40779467680608367,0.9321014747420191
9,relative,9,bicycle's chainwheel,217,0.25186526246609225,0.8143385738683736
9,relative,10,bicycle's headlight,1,1.0,0.9477220177650452
9,relative,11,bird's wing,250,0.3537285721898079,0.698717631816864
9,relative,12,bird's tail,403,0.41882015849757137,0.898306276529066
9,relative,13,bird's head,535,0.6393079666612305,0.9211148513533245
9,relative,14,bird's eye,218,0.14109327233986024,0.25710070357068415
9,relative,15,bird's beak,431,0.2973345496330903,0.8937624364814736
9,relative,16,bird's torso,575,0.5468923397945321,0.8352326884995336
9,relative,17,bird's neck,284,0.3491574451327324,0.8701180404603062
9,relative,18,bird's leg,285,0.25422305783681703,0.8656781221690931
9,relative,19,bird's foot,199,0.10665829217613641,0.6801187010416433
9,relative,20,bottle's body,432,0.6139081790353413,0.8254015971389081
9,relative,21,bottle's cap,326,0.29794770707747686,0.7229131675936693
9,relative,22,bus's wheel,233,0.609155937197894,0.9246704698632203
9,relative,23,bus's headlight,155,0.02914746557512591,0.4372846533213892
9,relative,24,bus's front,183,0.19603825136612021,0.749884421708154
9,relative,25,bus's side,245,0.19693877551020408,0.7086493122334383
9,relative,26,bus's back,53,0.41273584905660377,0.7404360868177324
9,relative,27,bus's roof,20,0.25,0.5483909517526626
9,relative,28,bus's mirror,117,0.008547008547008548,0.3519685027372633
9,relative,29,bus's license plate,4,0.19375000149011612,0.6666807532310486
9,relative,30,bus's door,104,0.402220696497422,0.6425831029908016
9,relative,31,bus's window,261,0.7370689655172413,0.7354227834848609
9,relative,32,car's wheel,515,0.7224433661085888,0.8665283203378175
9,relative,33,car's headlight,289,0.43458148048204537,0.7576015279644449
9,relative,34,car's front,365,0.4597390739068593,0.7207809537240903
9,relative,35,car's side,515,0.24263754064596973,0.6421187108292163
9,relative,36,car's back,195,0.4888461538614371,0.8324239938687056
9,relative,37,car's roof,132,0.29614899070425466,0.7172232683973782
9,relative,38,car's mirror,279,0.10979689401324078,0.40893006373503943
9,relative,39,car's license plate,8,0.2433035746216774,0.7258800938725471
9,relative,40,car's door,258,0.5342008126105449,0.7643661422207374
9,relative,41,car's window,548,0.6919056310107673,0.8159926984540737
9,relative,42,cat's tail,332,0.5049125075070973,0.8616416373161083
9,relative,43,cat's head,890,0.6852207062954313,0.8180197937937265
9,relative,44,cat's eye,645,0.4745459593081659,0.9291156194757584
9,relative,45,cat's torso,871,0.7529181018044016,0.8027045026883466
9,relative,46,cat's neck,601,0.40929997649149175,0.800631507809666
9,relative,47,cat's leg,670,0.5228269369299732,0.812634627810165
9,relative,48,cat's nose,589,0.13075430526798165,0.8755402710725172
9,relative,49,cat's paw,570,0.6424143700746068,0.9247264628347598
9,relative,50,cat's ear,848,0.40331592558408685,0.8404806011690283
9,relative,51,cow's tail,49,0.23707483039826763,0.7855962049216032
9,relative,52,cow's head,180,0.4368518521388372,0.8738333966169093
9,relative,53,cow's eye,60,0.2880753979086876,0.7195826197663943
9,relative,54,cow's torso,187,0.6744652406417112,0.8201253886688202
9,relative,55,cow's neck,81,0.2227366257596899,0.7747641772399714
9,relative,56,cow's leg,142,0.41901408450704225,0.8391616625685088
9,relative,57,cow's ear,138,0.17147170536328052,0.7002070416574893
9,relative,58,cow's muzzle,161,0.654384798977686,0.8610375711682791
9,relative,59,cow's horn,53,0.0047169811320754715,0.20142964229760868
9,relative,60,dog's tail,367,0.36576164564579644,0.7603099934797358
9,relative,61,dog's head,1010,0.602013201509962,0.8135026379239441
9,relative,62,dog's eye,641,0.3586880620714283,0.915558148564861
9,relative,63,dog's torso,981,0.6852410078868953,0.7813088534196704
9,relative,64,dog's neck,454,0.5116504091720224,0.8300410940061582
9,relative,65,dog's leg,810,0.5482804233645215,0.8124346696392254
9,relative,66,dog's nose,815,0.0054922582913030146,0.5626144116093045
9,relative,67,dog's paw,629,0.49514535626186285,0.8449608239749468
9,relative,68,dog's ear,899,0.5063046245971431,0.8547477755152741
9,relative,69,dog's muzzle,939,0.49446599810712505,0.7875871039427127
9,relative,70,horse's tail,147,0.4955701331297557,0.8903508849796795
9,relative,71,horse's head,282,0.5807624113686541,0.896673229252193
9,relative,72,horse's eye,104,0.20706272970598477,0.6210299201417141
9,relative,73,horse's torso,293,0.7192832764505119,0.8293681116997178
9,relative,74,horse's neck,233,0.2368076845939579,0.6785579932925527
9,relative,75,horse's leg,265,0.4103459120359061,0.7640318736715137
9,relative,76,horse's ear,223,0.24044949932215995,0.8489783818545363
9,relative,77,horse's muzzle,256,0.6083240336738527,0.8720663167187013
9,relative,78,horse's hoof,127,0.004593175931239691,0.2515122144094368
9,relative,79,motorbike's wheel,244,0.7863729508196722,0.859161565416172
9,relative,80,motorbike's saddle,8,0.046875,0.5567192509770393
9,relative,81,motorbike's handlebar,11,0.125,0.7307712056420066
9,relative,82,motorbike's headlight,113,0.1161504424778761,0.8103755174484928
9,relative,83,person's head,1334,0.2716079465318834,0.5877587124200906
9,relative,84,person's eye,585,0.17805657412251855,0.49777433609621774
9,relative,85,person's torso,1273,0.2538257963013106,0.5174805998349693
9,relative,86,person's neck,757,0.1552588546370578,0.4376354346204367
9,relative,87,person's leg,486,0.12163433309935738,0.4170709484210813
9,relative,88,person's foot,135,0.060246913852515044,0.35977364068643913
9,relative,89,person's nose,907,0.15519766987618697,0.6016472113085654
9,relative,90,person's ear,688,0.04729893415906401,0.22732595102401276
9,relative,91,person's eyebrow,432,0.06116347014904022,0.6115755323186965
9,relative,92,person's mouth,712,0.11669174724080589,0.5931106646815995
9,relative,93,person's hair,1082,0.2674269438368335,0.5815515234315847
9,relative,94,person's lower arm,753,0.04498355795108623,0.3429585420897609
9,relative,95,person's upper arm,1043,0.03252180079257157,0.29310477868772594
9,relative,96,person's hand,669,0.08176916536996183,0.3442494318039562
9,relative,97,pottedplant's pot,181,0.6225138122205576,0.8232382512882929
9,relative,98,pottedplant's plant,203,0.5137520526430289,0.7429071017013394
9,relative,99,sheep's tail,56,0.12053571428571429,0.6868657151769314
9,relative,100,sheep's head,217,0.4352040823016848,0.8821519782878287
9,relative,101,sheep's eye,63,0.2287037039086932,0.6825496595766809
9,relative,102,sheep's torso,236,0.5873940677966102,0.8183689638972282
9,relative,103,sheep's neck,155,0.267741935483871,0.769803556126933
9,relative,104,sheep's leg,53,0.3938679245283019,0.8245576822532797
9,relative,105,sheep's ear,174,0.1878078823117004,0.6750337013910557
9,relative,106,sheep's muzzle,177,0.5676688219362733,0.8674986814648586
9,relative,107,sheep's horn,22,0.0,0.1929374219511043
9,relative,108,train's headlight,16,0.09375,0.6149291014298797
9,relative,109,train's head,209,0.05314992047382884,0.48059017236152907
9,relative,110,train's front,203,0.4815270935960591,0.7728083918027102
9,relative,111,train's side,246,0.04725609756097561,0.4436701121247881
9,relative,112,train's back,24,0.4395833338300387,0.7494979413847128
9,relative,113,train's roof,48,0.015625,0.2634543111392607
9,relative,114,train's coach,183,0.3620218579234973,0.7278853989526873
9,relative,115,tvmonitor's screen,289,0.44982698961937717,0.7183419991942013
10,absolute,0,aeroplane's body,462,0.023809523809523808,0.5328122679611821
10,absolute,1,aeroplane's stern,414,0.4483695652173913,0.8557749004035756
10,absolute,2,aeroplane's wing,409,0.03728606356968215,0.5758572196392092
10,absolute,3,aeroplane's tail,1,0.125,0.9104771018028259
10,absolute,4,aeroplane's engine,300,0.004583333333333333,0.4590480144818624
10,absolute,5,aeroplane's wheel,226,0.0,0.2734068883335696
10,absolute,6,bicycle's wheel,306,0.025735294117647058,0.5112104543965627
10,absolute,7,bicycle's saddle,205,0.05121951219512195,0.6988291240319973
10,absolute,8,bicycle's handlebar,263,0.4144486692015209,0.9391952392719545
10,absolute,9,bicycle's chainwheel,217,0.002880184331797235,0.4344341487104442
10,absolute,10,bicycle's headlight,1,0.0,0.4942828416824341
10,absolute,11,bird's wing,250,0.025,0.43784377044439315
10,absolute,12,bird's tail,403,0.0018610421836228288,0.32398322517648526
10,absolute,13,bird's head,535,0.2841121495327103,0.7752502796945171
10,absolute,14,bird's eye,218,0.006880733944954129,0.5242632731385187
10,absolute,15,bird's beak,431,0.3329466357308585,0.9404203732024766
10,absolute,16,bird's torso,575,0.028043478260869566,0.4942849461928658
10,absolute,17,bird's neck,284,0.016285211267605633,0.6020714956480013
10,absolute,18,bird's leg,285,0.016228070175438595,0.44225104631561984
10,absolute,19,bird's foot,199,0.05402010050251256,0.4742943928319605
10,absolute,20,bottle's body,432,0.5881365740809728,0.7276305810513871
10,absolute,21,bottle's cap,326,0.3619631901840491,0.873534510197815
10,absolute,22,bus's wheel,233,0.000536480686695279,0.4518737295730431
10,absolute,23,bus's headlight,155,0.0,0.4440484235363622
10,absolute,24,bus's front,183,0.03825136612021858,0.6404670861249413
10,absolute,25,bus's side,245,0.22244897959183674,0.7704565887548486
10,absolute,26,bus's back,53,0.04009433962264151,0.656684805199785
10,absolute,27,bus's roof,20,0.01875,0.6183653607964515
10,absolute,28,bus's mirror,117,0.0,0.6087185928964207
10,absolute,29,bus's license plate,4,0.0,0.32869111746549606
10,absolute,30,bus's door,104,0.13822115384615385,0.7100661766643708
10,absolute,31,bus's window,261,0.8347701149425287,0.9020519247456985
10,absolute,32,car's wheel,515,0.0031553398058252425,0.35853599065426484
10,absolute,33,car's headlight,289,0.0034602076124567475,0.32979150737110513
10,absolute,34,car's front,365,0.12534246575342467,0.5560110006430378
10,absolute,35,car's side,515,0.08640776699029126,0.554314959946188
10,absolute,36,car's back,195,0.09807692307692308,0.6002888985933401
10,absolute,37,car's roof,132,0.0634469696969697,0.6877029251420137
10,absolute,38,car's mirror,279,0.004032258064516129,0.5043521561930256
10,absolute,39,car's license plate,8,0.0,0.2664914717897773
10,absolute,40,car's door,258,0.10174418604651163,0.5816065943402837
10,absolute,41,car's window,548,0.7484032846715328,0.8979927220918836
10,absolute,42,cat's tail,332,0.004894578313253012,0.399690112166376
10,absolute,43,cat's head,890,0.8771067415730337,0.8542366184461653
10,absolute,44,cat's eye,645,0.044767441860465114,0.7108272735462632
10,absolute,45,cat's torso,871,0.00947187141216992,0.5374265843670897
10,absolute,46,cat's neck,601,0.0010399334442595673,0.49805963969171146
10,absolute,47,cat's leg,670,0.42574626865671644,0.7903280160097933
10,absolute,48,cat's nose,589,0.005305602716468591,0.6059307376577413
10,absolute,49,cat's paw,570,0.4861842105263158,0.8566223705546898
10,absolute,50,cat's ear,848,0.02653301886792453,0.5519734289637714
10,absolute,51,cow's tail,49,0.0,0.41219655105045866
10,absolute,52,cow's head,180,0.5826388888888889,0.9035476373715533
10,absolute,53,cow's eye,60,0.025,0.6982658902804056
10,absolute,54,cow's torso,187,0.024732620320855617,0.6316218041481181
10,absolute,55,cow's neck,81,0.006172839506172839,0.691716327343458
10,absolute,56,cow's leg,142,0.009683098591549295,0.4082306319139373
10,absolute,57,cow's ear,138,0.019021739130434784,0.6755245818176131
10,absolute,58,cow's muzzle,161,0.14596273291925466,0.7915326956636417
10,absolute,59,cow's horn,53,0.0047169811320754715,0.5908891451808641
10,absolute,60,dog's tail,367,0.0,0.3169756996818394
10,absolute,61,dog's head,1010,0.7875,0.8001882662720019
10,absolute,62,dog's eye,641,0.07897815912636505,0.7520540312467239
10,absolute,63,dog's torso,981,0.013888888888888888,0.40502630357196695
10,absolute,64,dog's neck,454,0.0005506607929515419,0.41162788070377276
10,absolute,65,dog's leg,810,0.35987654320987655,0.731686403206837
10,absolute,66,dog's nose,815,0.002147239263803681,0.4455684551614925
10,absolute,67,dog's paw,629,0.5721383147853736,0.8971489361340745
10,absolute,68,dog's ear,899,0.012652947719688543,0.4343013922135875
10,absolute,69,dog's muzzle,939,0.07255058572949946,0.6198953032747498
10,absolute,70,horse's tail,147,0.0017006802721088435,0.3195640683985081
10,absolute,71,horse's head,282,0.5598404255319149,0.8873079080953665
10,absolute,72,horse's eye,104,0.038461538461538464,0.7353007876529143
10,absolute,73,horse's torso,293,0.03583617747440273,0.543144858127568
10,absolute,74,horse's neck,233,0.016630901287553648,0.6605275829718348
10,absolute,75,horse's leg,265,0.008962264150943396,0.3803084072077049
10,absolute,76,horse's ear,223,0.010650224215246636,0.6128021219386114
10,absolute,77,horse's muzzle,256,0.16357421875,0.7929372205398977
10,absolute,78,horse's hoof,127,0.001968503937007874,0.2861721843011736
10,absolute,79,motorbike's wheel,244,0.0,0.43462171320055354
10,absolute,80,motorbike's saddle,8,0.0,0.45913612097501755
10,absolute,81,motorbike's handlebar,11,0.45454545454545453,0.9447910677302968
10,absolute,82,motorbike's headlight,113,0.0420353982300885,0.7934389554821284
10,absolute,83,person's head,1334,0.4098040265725113,0.6738283539629322
10,absolute,84,person's eye,585,0.04532967034058693,0.6060785609687496
10,absolute,85,person's torso,1273,0.03673830098133806,0.37303037901144864
10,absolute,86,person's neck,757,0.008751651254953766,0.4814670050081205
10,absolute,87,person's leg,486,0.03935185185185185,0.3527967817429836
10,absolute,88,person's foot,135,0.05277777777777778,0.3523503902816662
10,absolute,89,person's nose,907,0.07056229327453142,0.6088599050222447
10,absolute,90,person's ear,688,0.007267441860465116,0.45264977316824223
10,absolute,91,person's eyebrow,432,0.06944444444444445,0.6815143735342039
10,absolute,92,person's mouth,712,0.018082865168539325,0.4990064625267274
10,absolute,93,person's hair,1082,0.2006238447347322,0.6331993305329199
10,absolute,94,person's lower arm,753,0.009462151394422311,0.34079476560628014
10,absolute,95,person's upper arm,1043,0.009348034515819751,0.3693946615211516
10,absolute,96,person's hand,669,0.033819133034379674,0.33716210057215573
10,absolute,97,pottedplant's pot,181,0.5379834254143646,0.8116189559190972
10,absolute,98,pottedplant's plant,203,0.283180858627916,0.5713861879750426
10,absolute,99,sheep's tail,56,0.0,0.39374561155480997
10,absolute,100,sheep's head,217,0.5190092165898618,0.9030974584241067
10,absolute,101,sheep's eye,63,0.02976190476190476,0.6788165044216883
10,absolute,102,sheep's torso,236,0.022775423728813558,0.6239209752214157
10,absolute,103,sheep's neck,155,0.012096774193548387,0.6927603506272839
10,absolute,104,sheep's leg,53,0.01650943396226415,0.4589030180337294
10,absolute,105,sheep's ear,174,0.007902298850574713,0.6588782253193444
10,absolute,106,sheep's muzzle,177,0.08615819209039548,0.7536794016253476
10,absolute,107,sheep's horn,22,0.022727272727272728,0.6700505478815599
10,absolute,108,train's headlight,16,0.03125,0.5568002173677087
10,absolute,109,train's head,209,0.090311004784689,0.7026653710449712
10,absolute,110,train's front,203,0.10960591133004927,0.6428347947121841
10,absolute,111,train's side,246,0.2992886178861789,0.7510756213005966
10,absolute,112,train's back,24,0.109375,0.6581895723938942
10,absolute,113,train's roof,48,0.5338541666666666,0.9059658050537109
10,absolute,114,train's coach,183,0.35792349726775957,0.7240973142652564
10,absolute,115,tvmonitor's screen,289,0.4593425605536332,0.7223404207650352
10,relative,0,aeroplane's body,462,0.29464285714285715,0.7726844888164367
10,relative,1,aeroplane's stern,414,0.014233954466771389,0.43882202893351585
10,relative,2,aeroplane's wing,409,0.016809290953545233,0.4909407131392099
10,relative,3,aeroplane's tail,1,0.125,0.8354974985122681
10,relative,4,aeroplane's engine,300,0.10207142909367879,0.5193918529028694
10,relative,5,aeroplane's wheel,226,0.27527918270995133,0.8990525259117109
10,relative,6,bicycle's wheel,306,0.813997821383227,0.8438989175300972
10,relative,7,bicycle's saddle,205,0.01524390243902439,0.22571307566107773
10,relative,8,bicycle's handlebar,263,0.40922053231939165,0.9329486117616805
10,relative,9,bicycle's chainwheel,217,0.27906517478452847,0.8275892911693468
10,relative,10,bicycle's headlight,1,1.0,0.9544346928596497
10,relative,11,bird's wing,250,0.3493857146501541,0.6987364602088928
10,relative,12,bird's tail,403,0.42237386284927575,0.9025216395446739
10,relative,13,bird's head,535,0.6385625283016223,0.9209756751762372
10,relative,14,bird's eye,218,0.168512451334284,0.2800800096448682
10,relative,15,bird's beak,431,0.2986548457925668,0.8978767590013845
10,relative,16,bird's torso,575,0.5436293997453606,0.8347026102180066
10,relative,17,bird's neck,284,0.35275821660605955,0.8717445457800174
10,relative,18,bird's leg,285,0.253805346865403,0.8653418324495616
10,relative,19,bird's foot,199,0.11250897418314489,0.7018468048255048
10,relative,20,bottle's body,432,0.6139081790353413,0.8246477598117458
10,relative,21,bottle's cap,326,0.31633435591963904,0.7420393891312593
10,relative,22,bus's wheel,233,0.6096924178845893,0.9262477351360566
10,relative,23,bus's headlight,155,0.036774193567614404,0.46241447041111605
10,relative,24,bus's front,183,0.20423497267759563,0.7528998050533358
10,relative,25,bus's side,245,0.1913265306122449,0.7070723255069888
10,relative,26,bus's back,53,0.41509433962264153,0.7423220930515595
10,relative,27,bus's roof,20,0.2550000011920929,0.5410430394113064
10,relative,28,bus's mirror,117,0.008547008547008548,0.358864545981344
10,relative,29,bus's license plate,4,0.19375000149011612,0.6666807532310486
10,relative,30,bus's door,104,0.4117902935697482,0.6526828167888408
10,relative,31,bus's window,261,0.7523946360153256,0.7515279327544216
10,relative,32,car's wheel,515,0.7260841428076179,0.8703384358833716
10,relative,33,car's headlight,289,0.44464079783037047,0.7731492003251937
10,relative,34,car's front,365,0.46840182665276203,0.7237561608830544
10,relative,35,car's side,515,0.24484049955618034,0.6413636547558516
10,relative,36,car's back,195,0.4971794871947704,0.8365893047589522
10,relative,37,car's roof,132,0.29195526750250295,0.7148921140328501
10,relative,38,car's mirror,279,0.11026625783853633,0.41940635123280107
10,relative,39,car's license plate,8,0.2016369104385376,0.7499504536390305
10,relative,40,car's door,258,0.5441537471704705,0.7704733119801034
10,relative,41,car's window,548,0.6999565520915236,0.8239086127846781
10,relative,42,cat's tail,332,0.5057372349392937,0.8661760255829039
10,relative,43,cat's head,890,0.708782771631573,0.823615546474296
10,relative,44,cat's eye,645,0.47379845085070116,0.9301431128278721
10,relative,45,cat's torso,871,0.7541044776153619,0.802987680591891
10,relative,46,cat's neck,601,0.4130655260579955,0.8028952125304947
10,relative,47,cat's leg,670,0.5306094527689379,0.8175230922094032
10,relative,48,cat's nose,589,0.1309220633502727,0.8755712985790038
10,relative,49,cat's paw,570,0.6423725989565515,0.9253228701520384
10,relative,50,cat's ear,848,0.41982957116275466,0.8508488702464778
10,relative,51,cow's tail,49,0.24659863996262454,0.8072267268993416
10,relative,52,cow's head,180,0.4741203707125452,0.8830945951243242
10,relative,53,cow's eye,60,0.27896825497349104,0.7486003498236339
10,relative,54,cow's torso,187,0.6818181818181818,0.8217945140313337
10,relative,55,cow's neck,81,0.23368606743989168,0.7783575212513959
10,relative,56,cow's leg,142,0.42077464788732394,0.8399363139145811
10,relative,57,cow's ear,138,0.19696342383605847,0.7224494359199551
10,relative,58,cow's muzzle,161,0.6499334533022058,0.8609073805559125
10,relative,59,cow's horn,53,0.0047169811320754715,0.20131710394865499
10,relative,60,dog's tail,367,0.36873621426583636,0.767519038586753
10,relative,61,dog's head,1010,0.6221581802657336,0.8203034980093489
10,relative,62,dog's eye,641,0.3605582797071677,0.9178404474221228
10,relative,63,dog's torso,981,0.6875442940889878,0.7825892338345053
10,relative,64,dog's neck,454,0.5129693728514705,0.8307513821262883
10,relative,65,dog's leg,810,0.5583700765430192,0.8147192677873888
10,relative,66,dog's nose,815,0.005645632524431849,0.5643103534824278
10,relative,67,dog's paw,629,0.5011242341445625,0.8503523203877462
10,relative,68,dog's ear,899,0.5170824728798415,0.859015462080947
10,relative,69,dog's muzzle,939,0.49950808967454746,0.7899078013607488
10,relative,70,horse's tail,147,0.49990281847869456,0.89394786796805
10,relative,71,horse's head,282,0.5896276595956045,0.9001896210173344
10,relative,72,horse's eye,104,0.21055402979254723,0.6456772482846506
10,relative,73,horse's torso,293,0.7171501706484642,0.8296380753759232
10,relative,74,horse's neck,233,0.25631003491100834,0.6914492575331819
10,relative,75,horse's leg,265,0.40374213845100043,0.7672654992988649
10,relative,76,horse's ear,223,0.253555414387998,0.854269928528589
10,relative,77,horse's muzzle,256,0.6109700532397255,0.8733159676776268
10,relative,78,horse's hoof,127,0.013779527559055118,0.2582301607604806
10,relative,79,motorbike's wheel,244,0.7873975409836066,0.8589144630021737
10,relative,80,motorbike's saddle,8,0.046875,0.5633846893906593
10,relative,81,motorbike's handlebar,11,0.125,0.7206360833211378
10,relative,82,motorbike's headlight,113,0.12721238938053098,0.8146246342004928
10,relative,83,person's head,1334,0.2778958740352333,0.5924196895293967
10,relative,84,person's eye,585,0.18142043265522037,0.5109842129378046
10,relative,85,person's torso,1273,0.2563619876554044,0.5230651070484167
10,relative,86,person's neck,757,0.15747939937968236,0.4381485315097577
10,relative,87,person's leg,486,0.11921418807756753,0.4212675720526082
10,relative,88,person's foot,135,0.060246913852515044,0.3613364840754204
10,relative,89,person's nose,907,0.15579225172215813,0.604032561869916
10,relative,90,person's ear,688,0.052360188454216305,0.23039392822254232
10,relative,91,person's eyebrow,432,0.06049382738355133,0.6126469126665378
10,relative,92,person's mouth,712,0.11542603028205674,0.5928882230746852
10,relative,93,person's hair,1082,0.2671848876804609,0.5854351699469326
10,relative,94,person's lower arm,753,0.044314804344696514,0.3420016293569776
10,relative,95,person's upper arm,1043,0.035318221336128844,0.2897944135443162
10,relative,96,person's hand,669,0.08233148296139522,0.34630297367030866
10,relative,97,pottedplant's pot,181,0.6259668508945908,0.8243105421408764
10,relative,98,pottedplant's plant,203,0.5119047620026349,0.7432144336365714
10,relative,99,sheep's tail,56,0.140625,0.7074250499052661
10,relative,100,sheep's head,217,0.45138797521041835,0.8857339905566334
10,relative,101,sheep's eye,63,0.24935752129743968,0.7078232937862002
10,relative,102,sheep's torso,236,0.5858050847457628,0.8202449872584666
10,relative,103,sheep's neck,155,0.27629032259987246,0.7772965398526961
10,relative,104,sheep's leg,53,0.3915094339622642,0.8220057931711089
10,relative,105,sheep's ear,174,0.20399562200938148,0.6902329458416193
10,relative,106,sheep's muzzle,177,0.5692090421578305,0.8685443792913088
10,relative,107,sheep's horn,22,0.0,0.19701079329983753
10,relative,108,train's headlight,16,0.10416666697710752,0.6255510346964002
10,relative,109,train's head,209,0.0529049898733933,0.4869396171073594
10,relative,110,train's front,203,0.48460591133004927,0.7719225987351587
10,relative,111,train's side,246,0.04522357723577236,0.44247730203518054
10,relative,112,train's back,24,0.4322916666666667,0.7441815088192621
10,relative,113,train's roof,48,0.014136905471483866,0.262492565670982
10,relative,114,train's coach,183,0.3617941712746855,0.7306446609764151
10,relative,115,tvmonitor's screen,289,0.435121107266436,0.7146483127633593
11,absolute,0,aeroplane's body,462,0.023268398268398268,0.5311953304778962
11,absolute,1,aeroplane's stern,414,0.43870772946859904,0.8541542455769967
11,absolute,2,aeroplane's wing,409,0.037897310513447434,0.575780177393286
11,absolute,3,aeroplane's tail,1,0.125,0.9104771018028259
11,absolute,4,aeroplane's engine,300,0.004166666666666667,0.4573123849928379
11,absolute,5,aeroplane's wheel,226,0.0,0.27236835045360885
11,absolute,6,bicycle's wheel,306,0.025326797385620915,0.5078430952005137
11,absolute,7,bicycle's saddle,205,0.05121951219512195,0.7006440777604173
11,absolute,8,bicycle's handlebar,263,0.41682509505703425,0.9402871662219667
11,absolute,9,bicycle's chainwheel,217,0.002304147465437788,0.43231429853197617
11,absolute,10,bicycle's headlight,1,0.0,0.4942828416824341
11,absolute,11,bird's wing,250,0.025,0.43739419877529145
11,absolute,12,bird's tail,403,0.0021712158808933004,0.3239113835169571
11,absolute,13,bird's head,535,0.28130841121495326,0.7740674638998842
11,absolute,14,bird's eye,218,0.006880733944954129,0.5230638352009135
11,absolute,15,bird's beak,431,0.33468677494199534,0.9409248068963292
11,absolute,16,bird's torso,575,0.028043478260869566,0.4941992188795753
11,absolute,17,bird's neck,284,0.016725352112676055,0.6013551309285029
11,absolute,18,bird's leg,285,0.015350877192982455,0.4383936943715079
11,absolute,19,bird's foot,199,0.05087939698492462,0.4682157238823685
11,absolute,20,bottle's body,432,0.5693287037106024,0.7199231677654164
11,absolute,21,bottle's cap,326,0.375,0.8768624677979873
11,absolute,22,bus's wheel,233,0.000536480686695279,0.4526143956273922
11,absolute,23,bus's headlight,155,0.0,0.44401841971182054
11,absolute,24,bus's front,183,0.0389344262295082,0.636991679994135
11,absolute,25,bus's side,245,0.23265306122448978,0.7725105486354049
11,absolute,26,bus's back,53,0.04009433962264151,0.6569831956107661
11,absolute,27,bus's roof,20,0.01875,0.6193145856261253
11,absolute,28,bus's mirror,117,0.0,0.6090401775307126
11,absolute,29,bus's license plate,4,0.0,0.32869111746549606
11,absolute,30,bus's door,104,0.13942307692307693,0.7096628904915773
11,absolute,31,bus's window,261,0.8376436781609196,0.901912692862909
11,absolute,32,car's wheel,515,0.002669902912621359,0.3567066876778325
11,absolute,33,car's headlight,289,0.0034602076124567475,0.32880636814427416
11,absolute,34,car's front,365,0.12945205479452054,0.5576658163985161
11,absolute,35,car's side,515,0.0825242718446602,0.5520664204671545
11,absolute,36,car's back,195,0.1064102564102564,0.6052047920914797
11,absolute,37,car's roof,132,0.0625,0.6917880714842768
11,absolute,38,car's mirror,279,0.004032258064516129,0.49944525423015745
11,absolute,39,car's license plate,8,0.0,0.2632248420268297
11,absolute,40,car's door,258,0.09883720930232558,0.5704033643353817
11,absolute,41,car's window,548,0.750228102189781,0.8974203849687193
11,absolute,42,cat's tail,332,0.004141566265060241,0.3989963609141758
11,absolute,43,cat's head,890,0.8771067415730337,0.8548096623899561
11,absolute,44,cat's eye,645,0.04709302325581395,0.7154297039490337
11,absolute,45,cat's torso,871,0.007749712973593571,0.537075446390394
11,absolute,46,cat's neck,601,0.0008319467554076539,0.49987765908637977
11,absolute,47,cat's leg,670,0.4171641791044776,0.787521589847643
11,absolute,48,cat's nose,589,0.0050933786078098476,0.60485596527268
11,absolute,49,cat's paw,570,0.49605263157894736,0.8601152521999259
11,absolute,50,cat's ear,848,0.026827830188679246,0.5533151929881776
11,absolute,51,cow's tail,49,0.0,0.4123179438162823
11,absolute,52,cow's head,180,0.5826388888888889,0.9040056672775083
11,absolute,53,cow's eye,60,0.03125,0.7059827476739884
11,absolute,54,cow's torso,187,0.024732620320855617,0.631980584266989
11,absolute,55,cow's neck,81,0.006172839506172839,0.6921495802608537
11,absolute,56,cow's leg,142,0.008802816901408451,0.40682867851475596
11,absolute,57,cow's ear,138,0.018115942028985508,0.6759017841971439
11,absolute,58,cow's muzzle,161,0.14130434782608695,0.7900566691937654
11,absolute,59,cow's horn,53,0.0047169811320754715,0.5923174462228451
11,absolute,60,dog's tail,367,0.0,0.3170150675346481
11,absolute,61,dog's head,1010,0.788490099009901,0.8003965020327285
11,absolute,62,dog's eye,641,0.0811232449297972,0.7562409057260118
11,absolute,63,dog's torso,981,0.013124362895005097,0.404581053146407
11,absolute,64,dog's neck,454,0.0005506607929515419,0.4124923619700161
11,absolute,65,dog's leg,810,0.3516975308641975,0.7292710790111695
11,absolute,66,dog's nose,815,0.002147239263803681,0.4452446206581373
11,absolute,67,dog's paw,629,0.5814785373608903,0.9002589047523675
11,absolute,68,dog's ear,899,0.01307007786429366,0.4356444865813245
11,absolute,69,dog's muzzle,939,0.07042066027689031,0.6182033737944845
11,absolute,70,horse's tail,147,0.0017006802721088435,0.31957236652066107
11,absolute,71,horse's head,282,0.5611702127659575,0.8877350434343866
11,absolute,72,horse's eye,104,0.038461538461538464,0.7372809820450269
11,absolute,73,horse's torso,293,0.036262798634812285,0.5433681521806294
11,absolute,74,horse's neck,233,0.016630901287553648,0.661119181710763
11,absolute,75,horse's leg,265,0.008962264150943396,0.37984876745152024
11,absolute,76,horse's ear,223,0.010650224215246636,0.6130778174763838
11,absolute,77,horse's muzzle,256,0.1611328125,0.7917591982986778
11,absolute,78,horse's hoof,127,0.001968503937007874,0.2859402246714577
11,absolute,79,motorbike's wheel,244,0.0,0.43249116837978363
11,absolute,80,motorbike's saddle,8,0.0,0.45709988847374916
11,absolute,81,motorbike's handlebar,11,0.4431818181818182,0.9436715245246887
11,absolute,82,motorbike's headlight,113,0.04092920353982301,0.7917327896683617
11,absolute,83,person's head,1334,0.40942921397880816,0.6735923214811368
11,absolute,84,person's eye,585,0.046825396836313427,0.6069521609486805
11,absolute,85,person's torso,1273,0.0350690158281566,0.3720981532496379
11,absolute,86,person's neck,757,0.008586525759577279,0.48145147315577125
11,absolute,87,person's leg,486,0.03883744855967078,0.35216312175195036
11,absolute,88,person's foot,135,0.05277777777777778,0.3525221811952414
11,absolute,89,person's nose,907,0.07070011025358325,0.6094747093765942
11,absolute,90,person's ear,688,0.007267441860465116,0.45230732223243714
11,absolute,91,person's eyebrow,432,0.0697337962962963,0.6824526678085223
11,absolute,92,person's mouth,712,0.018433988764044944,0.4999256687673081
11,absolute,93,person's hair,1082,0.20189463955913145,0.6331526392454526
11,absolute,94,person's lower arm,753,0.009296148738379814,0.3399832605020666
11,absolute,95,person's upper arm,1043,0.008868648130393097,0.3684212192339414
11,absolute,96,person's hand,669,0.03288490284005979,0.3354049535448731
11,absolute,97,pottedplant's pot,181,0.5352209944751382,0.8119137183408052
11,absolute,98,pottedplant's plant,203,0.283796622174714,0.5684673565949125
11,absolute,99,sheep's tail,56,0.0,0.3938439738537584
11,absolute,100,sheep's head,217,0.5213133640552995,0.9030534158104576
11,absolute,101,sheep's eye,63,0.02976190476190476,0.6806750070481074
11,absolute,102,sheep's torso,236,0.023834745762711863,0.6255297679769791
11,absolute,103,sheep's neck,155,0.012096774193548387,0.6931345028261985
11,absolute,104,sheep's leg,53,0.01650943396226415,0.45851644761157484
11,absolute,105,sheep's ear,174,0.007902298850574713,0.6592251589500356
11,absolute,106,sheep's muzzle,177,0.0847457627118644,0.7527888439132668
11,absolute,107,sheep's horn,22,0.022727272727272728,0.6700505505908619
11,absolute,108,train's headlight,16,0.03125,0.5564989214763045
11,absolute,109,train's head,209,0.09150717703349283,0.7033843505753284
11,absolute,110,train's front,203,0.10775862068965517,0.6419275046275754
11,absolute,111,train's side,246,0.29471544715447157,0.7494150514040536
11,absolute,112,train's back,24,0.109375,0.6580335274338722
11,absolute,113,train's roof,48,0.5338541666666666,0.9066374028722445
11,absolute,114,train's coach,183,0.35860655737704916,0.7237699772816538
11,absolute,115,tvmonitor's screen,289,0.4463667820069204,0.7193180913537431
11,relative,0,aeroplane's body,462,0.29832251082896155,0.7760773016325323
11,relative,1,aeroplane's stern,414,0.013630089732471871,0.4381212755533808
11,relative,2,aeroplane's wing,409,0.014975550122249388,0.4876938968678267
11,relative,3,aeroplane's tail,1,0.125,0.8354974985122681
11,relative,4,aeroplane's engine,300,0.09665476212898891,0.5207897247994939
11,relative,5,aeroplane's wheel,226,0.2747260853648186,0.8986264423722714
11,relative,6,bicycle's wheel,306,0.8163126362305061,0.8438996824563718
11,relative,7,bicycle's saddle,205,0.012804878048780487,0.22422370986967552
11,relative,8,bicycle's handlebar,263,0.4130228136882129,0.9339221419037068
11,relative,9,bicycle's chainwheel,217,0.2929339483036973,0.8405870288473121
11,relative,10,bicycle's headlight,1,1.0,0.9544346928596497
11,relative,11,bird's wing,250,0.3447523810863495,0.6918674552477896
11,relative,12,bird's tail,403,0.42597187774500833,0.9049106982002779
11,relative,13,bird's head,535,0.6399465959484332,0.9212353688812701
11,relative,14,bird's eye,218,0.1742463964934743,0.28849639881983263
11,relative,15,bird's beak,431,0.3007457752100553,0.8996841091913302
11,relative,16,bird's torso,575,0.5428737061438353,0.8348731618083042
11,relative,17,bird's neck,284,0.3544600944913609,0.8732391784990757
11,relative,18,bird's leg,285,0.2562614871744524,0.8642821861986528
11,relative,19,bird's foot,199,0.12231993405663188,0.720850527810691
11,relative,20,bottle's body,432,0.6159336419983042,0.8239110955209644
11,relative,21,bottle's cap,326,0.32668711665583533,0.7515767575041649
11,relative,22,bus's wheel,233,0.6102288985712846,0.9260291594036659
11,relative,23,bus's headlight,155,0.04624423971099238,0.49030352032953695
11,relative,24,bus's front,183,0.2151639344262295,0.7553803187901856
11,relative,25,bus's side,245,0.18928571428571428,0.7049498885261769
11,relative,26,bus's back,53,0.4268867924528302,0.7484178021550179
11,relative,27,bus's roof,20,0.25,0.5375330306589603
11,relative,28,bus's mirror,117,0.004273504273504274,0.3534007454211386
11,relative,29,bus's license plate,4,0.19375000149011612,0.6702203005552292
11,relative,30,bus's door,104,0.43382555045760596,0.6677033471731613
11,relative,31,bus's window,261,0.7691570881226054,0.7670883142400062
11,relative,32,car's wheel,515,0.7287956545364509,0.872991892659259
11,relative,33,car's headlight,289,0.46052891773954807,0.7914015779394179
11,relative,34,car's front,365,0.4771526420361375,0.7276066969518792
11,relative,35,car's side,515,0.2447249192925333,0.6401896610711385
11,relative,36,car's back,195,0.5162820514196005,0.8381377299626668
11,relative,37,car's roof,132,0.2904401159647739,0.7172293245905277
11,relative,38,car's mirror,279,0.12706946675068162,0.4342281950410709
11,relative,39,car's license plate,8,0.1808035746216774,0.7716212347149849
11,relative,40,car's door,258,0.5536406430047612,0.77737296049216
11,relative,41,car's window,548,0.7078793015956444,0.8320673649763539
11,relative,42,cat's tail,332,0.5103987379964575,0.8697932563632368
11,relative,43,cat's head,890,0.7237038524298186,0.8273056108127819
11,relative,44,cat's eye,645,0.4726873396903045,0.9315410284397676
11,relative,45,cat's torso,871,0.756400688866797,0.8034758302805481
11,relative,46,cat's neck,601,0.4156980432458408,0.8053151953240203
11,relative,47,cat's leg,670,0.5393781094853558,0.8231411733289263
11,relative,48,cat's nose,589,0.1318275528771768,0.8756943947188114
11,relative,49,cat's paw,570,0.6457101093572483,0.9269233365069356
11,relative,50,cat's ear,848,0.4389740568146391,0.8597273085758371
11,relative,51,cow's tail,49,0.24914966037078778,0.8160030498188369
11,relative,52,cow's head,180,0.4984259262681007,0.8901056604252922
11,relative,53,cow's eye,60,0.28670634999871253,0.7703005383412044
11,relative,54,cow's torso,187,0.6798128342245989,0.8214584198944709
11,relative,55,cow's neck,81,0.23787477980425328,0.7836238771309088
11,relative,56,cow's leg,142,0.426056338028169,0.8425904000309151
11,relative,57,cow's ear,138,0.20530538379714108,0.7403544655096703
11,relative,58,cow's muzzle,161,0.6494897976054909,0.8611191121734078
11,relative,59,cow's horn,53,0.0023584905660377358,0.20341064526154748
11,relative,60,dog's tail,367,0.371642662978627,0.7717268430051832
11,relative,61,dog's head,1010,0.6370957097057068,0.8258161743457365
11,relative,62,dog's eye,641,0.3611024442868374,0.9202070797847325
11,relative,63,dog's torso,981,0.6915453134691314,0.7836072165955705
11,relative,64,dog's neck,454,0.5156990771842423,0.831398931483734
11,relative,65,dog's leg,810,0.5697207526476294,0.818474994553828
11,relative,66,dog's nose,815,0.0060035057228767065,0.5648202405751117
11,relative,67,dog's paw,629,0.5068778869457579,0.8559401436266156
11,relative,68,dog's ear,899,0.5245100379122776,0.8623585763146004
11,relative,69,dog's muzzle,939,0.5054021512452787,0.7921239556595921
11,relative,70,horse's tail,147,0.5046080338711642,0.8942661961021067
11,relative,71,horse's head,282,0.5951241134857455,0.9019751123925472
11,relative,72,horse's eye,104,0.21792582479807046,0.6754084942826571
11,relative,73,horse's torso,293,0.7188566552901023,0.829400190899193
11,relative,74,horse's neck,233,0.27467811158798283,0.7069565405021921
11,relative,75,horse's leg,265,0.40185534599817024,0.7718775327334989
11,relative,76,horse's ear,223,0.25796498084282127,0.8603296936761103
11,relative,77,horse's muzzle,256,0.6116071440046653,0.8747861995943822
11,relative,78,horse's hoof,127,0.013779527559055118,0.2711431006424305
11,relative,79,motorbike's wheel,244,0.7838114754098361,0.8577630054511007
11,relative,80,motorbike's saddle,8,0.046875,0.5562304966151714
11,relative,81,motorbike's handlebar,11,0.125,0.7228774997321042
11,relative,82,motorbike's headlight,113,0.13495575221238937,0.8197118268076298
11,relative,83,person's head,1334,0.28178946282910083,0.5953487325946674
11,relative,84,person's eye,585,0.18052706664953477,0.5180200935023017
11,relative,85,person's torso,1273,0.2578302105392702,0.5268355362511987
11,relative,86,person's neck,757,0.15911492795893822,0.44591636036656784
11,relative,87,person's leg,486,0.11928522476443539,0.42348573655618255
11,relative,88,person's foot,135,0.06092592621291125,0.36006744125237067
11,relative,89,person's nose,907,0.1535635542744707,0.6053442394098035
11,relative,90,person's ear,688,0.05569455991390833,0.23510511813828786
11,relative,91,person's eyebrow,432,0.061505180990530386,0.609783919564776
11,relative,92,person's mouth,712,0.1140783844369181,0.5929108962784208
11,relative,93,person's hair,1082,0.26751056323155015,0.5882518665525931
11,relative,94,person's lower arm,753,0.04355277309063105,0.34040095933600467
11,relative,95,person's upper arm,1043,0.035164132842852996,0.2863290615876278
11,relative,96,person's hand,669,0.08230479061603546,0.34689531688716246
11,relative,97,pottedplant's pot,181,0.6259668508945908,0.824430692755715
11,relative,98,pottedplant's plant,203,0.5112889984558369,0.7430037316577188
11,relative,99,sheep's tail,56,0.14732142857142858,0.7164950152592999
11,relative,100,sheep's head,217,0.4611531716475289,0.8882104793589236
11,relative,101,sheep's eye,63,0.25398715100591146,0.7283474036625454
11,relative,102,sheep's torso,236,0.5873940677966102,0.8213237103516773
11,relative,103,sheep's neck,155,0.28824884814600793,0.7826694461607164
11,relative,104,sheep's leg,53,0.3915094339622642,0.8248260645371563
11,relative,105,sheep's ear,174,0.21948549613870424,0.7052868633777246
11,relative,106,sheep's muzzle,177,0.5681934381103785,0.8690182112978172
11,relative,107,sheep's horn,22,0.0,0.19654619642956692
11,relative,108,train's headlight,16,0.10416666697710752,0.6401898618787527
11,relative,109,train's head,209,0.05578149940693778,0.49029359085102114
11,relative,110,train's front,203,0.48214285714285715,0.7708644120417205
11,relative,111,train's side,246,0.043191056910569105,0.4411148453146462
11,relative,112,train's back,24,0.4427083333333333,0.7481005825102329
11,relative,113,train's roof,48,0.014136905471483866,0.26284972260085243
11,relative,114,train's coach,183,0.35860655737704916,0.7347791208758381
11,relative,115,tvmonitor's screen,289,0.41998269896193774,0.712173550083563
12,absolute,0,aeroplane's body,462,0.02353896103896104,0.5303044791990544
12,absolute,1,aeroplane's stern,414,0.4305555555555556,0.8525127915368564
12,absolute,2,aeroplane's wing,409,0.03728606356968215,0.5751310901711797
12,absolute,3,aeroplane's tail,1,0.125,0.9104771018028259
12,absolute,4,aeroplane's engine,300,0.00375,0.4555965667963028
12,absolute,5,aeroplane's wheel,226,0.0,0.27169465919775243
12,absolute,6,bicycle's wheel,306,0.024101307189542485,0.5051434520218108
12,absolute,7,bicycle's saddle,205,0.05304878048780488,0.7020839939757091
12,absolute,8,bicycle's handlebar,263,0.41634980988593157,0.9402276925714297
12,absolute,9,bicycle's chainwheel,217,0.002304147465437788,0.43050255629873496
12,absolute,10,bicycle's headlight,1,0.0,0.4942828416824341
12,absolute,11,bird's wing,250,0.0255,0.4370606601536274
12,absolute,12,bird's tail,403,0.0018610421836228288,0.3236411535839733
12,absolute,13,bird's head,535,0.2803738317757009,0.7733944285278008
12,absolute,14,bird's eye,218,0.006307339449541285,0.5226552795379533
12,absolute,15,bird's beak,431,0.3355568445475638,0.9411840767290642
12,absolute,16,bird's torso,575,0.028478260869565217,0.49432826829993204
12,absolute,17,bird's neck,284,0.01716549295774648,0.6006892923475571
12,absolute,18,bird's leg,285,0.014473684210526316,0.43554449348073254
12,absolute,19,bird's foot,199,0.048994974874371856,0.4652075298018192
12,absolute,20,bottle's body,432,0.5519675925994912,0.7125173847156542
12,absolute,21,bottle's cap,326,0.3807515337423313,0.8789962183661256
12,absolute,22,bus's wheel,233,0.000536480686695279,0.4537099239780156
12,absolute,23,bus's headlight,155,0.0,0.444541456045643
12,absolute,24,bus's front,183,0.0389344262295082,0.6344962712845515
12,absolute,25,bus's side,245,0.2403061224489796,0.774924523611458
12,absolute,26,bus's back,53,0.04009433962264151,0.6586220674919632
12,absolute,27,bus's roof,20,0.01875,0.6214436888694763
12,absolute,28,bus's mirror,117,0.0,0.6081656260877593
12,absolute,29,bus's license plate,4,0.0,0.32869111746549606
12,absolute,30,bus's door,104,0.1346153846153846,0.7088033960988889
12,absolute,31,bus's window,261,0.8395593869731801,0.9021200482872711
12,absolute,32,car's wheel,515,0.002669902912621359,0.3559928483899357
12,absolute,33,car's headlight,289,0.003027681660899654,0.32796477775853194
12,absolute,34,car's front,365,0.1345890410958904,0.5594552515712503
12,absolute,35,car's side,515,0.07985436893203883,0.5502263311911555
12,absolute,36,car's back,195,0.11089743589743589,0.6080475602394495
12,absolute,37,car's roof,132,0.07196969696969698,0.6969310187480666
12,absolute,38,car's mirror,279,0.004480286738351254,0.4966837219012681
12,absolute,39,car's license plate,8,0.0,0.2642588964663446
12,absolute,40,car's door,258,0.0935077519379845,0.5640352766874225
12,absolute,41,car's window,548,0.7513686131386861,0.8968026985543488
12,absolute,42,cat's tail,332,0.0037650602409638554,0.3970885691064668
12,absolute,43,cat's head,890,0.8773876404494382,0.8556222700084863
12,absolute,44,cat's eye,645,0.04922480620155039,0.7193123556846797
12,absolute,45,cat's torso,871,0.006314580941446613,0.535640701854732
12,absolute,46,cat's neck,601,0.0008319467554076539,0.5012418247151891
12,absolute,47,cat's leg,670,0.41119402985074627,0.7853244014195542
12,absolute,48,cat's nose,589,0.0050933786078098476,0.6030833831970882
12,absolute,49,cat's paw,570,0.5008771929824561,0.8596863443652789
12,absolute,50,cat's ear,848,0.026827830188679246,0.554815471769785
12,absolute,51,cow's tail,49,0.0,0.41270637481796496
12,absolute,52,cow's head,180,0.5826388888888889,0.9044351849704981
12,absolute,53,cow's eye,60,0.03125,0.7057555253307025
12,absolute,54,cow's torso,187,0.024732620320855617,0.631625709846058
12,absolute,55,cow's neck,81,0.006172839506172839,0.6921245948767957
12,absolute,56,cow's leg,142,0.008802816901408451,0.4059207647199362
12,absolute,57,cow's ear,138,0.018115942028985508,0.6757458610379178
12,absolute,58,cow's muzzle,161,0.13819875776397517,0.788940295669603
12,absolute,59,cow's horn,53,0.0047169811320754715,0.5923085336415272
12,absolute,60,dog's tail,367,0.0,0.3176089348398372
12,absolute,61,dog's head,1010,0.7903465346534654,0.8007974759776993
12,absolute,62,dog's eye,641,0.08346333853354135,0.7594851982574939
12,absolute,63,dog's torso,981,0.011595310907237514,0.4036894419005522
12,absolute,64,dog's neck,454,0.0005506607929515419,0.4135043353236194
12,absolute,65,dog's leg,810,0.34444444444444444,0.7264587821231948
12,absolute,66,dog's nose,815,0.002147239263803681,0.4445490864156945
12,absolute,67,dog's paw,629,0.5900238473767886,0.902440652393385
12,absolute,68,dog's ear,899,0.013209121245828698,0.4361377934924222
12,absolute,69,dog's muzzle,939,0.06829073482428115,0.616427593940871
12,absolute,70,horse's tail,147,0.0017006802721088435,0.31938007605724594
12,absolute,71,horse's head,282,0.563386524822695,0.8881202574740065
12,absolute,72,horse's eye,104,0.04326923076923077,0.7425012471011052
12,absolute,73,horse's torso,293,0.035409556313993173,0.5430622331213218
12,absolute,74,horse's neck,233,0.017167381974248927,0.6618524606903223
12,absolute,75,horse's leg,265,0.008962264150943396,0.379674024570663
12,absolute,76,horse's ear,223,0.010650224215246636,0.6142848990690548
12,absolute,77,horse's muzzle,256,0.16015625,0.7909962827106938
12,absolute,78,horse's hoof,127,0.001968503937007874,0.28566198743234467
12,absolute,79,motorbike's wheel,244,0.0,0.42994348472747645
12,absolute,80,motorbike's saddle,8,0.0,0.45709988847374916
12,absolute,81,motorbike's handlebar,11,0.4431818181818182,0.9437184387987311
12,absolute,82,motorbike's headlight,113,0.03871681415929203,0.7907315489992631
12,absolute,83,person's head,1334,0.40783626045556975,0.6733778774070888
12,absolute,84,person's eye,585,0.047680097691014285,0.6080449312813898
12,absolute,85,person's torso,1273,0.03379250365219431,0.37104319464612845
12,absolute,86,person's neck,757,0.008751651254953766,0.48204925428224604
12,absolute,87,person's leg,486,0.03780864197530864,0.3511696258107576
12,absolute,88,person's foot,135,0.05277777777777778,0.350097042032414
12,absolute,89,person's nose,907,0.07056229327453142,0.6096528440502358
12,absolute,90,person's ear,688,0.007267441860465116,0.452268003907764
12,absolute,91,person's eyebrow,432,0.07146990740740741,0.6833375152135786
12,absolute,92,person's mouth,712,0.018960674157303372,0.5006248477004008
12,absolute,93,person's hair,1082,0.20801756007669153,0.6354338591969994
12,absolute,94,person's lower arm,753,0.009296148738379814,0.33910028852589164
12,absolute,95,person's upper arm,1043,0.00862895493767977,0.368041149699973
12,absolute,96,person's hand,669,0.03232436472346786,0.33343746200460045
12,absolute,97,pottedplant's pot,181,0.5338397790055248,0.8121968046736322
12,absolute,98,pottedplant's plant,203,0.27579169606633963,0.5638828560930168
12,absolute,99,sheep's tail,56,0.0,0.39363392389246393
12,absolute,100,sheep's head,217,0.5230414746543779,0.9036799790123091
12,absolute,101,sheep's eye,63,0.031746031746031744,0.685184784824886
12,absolute,102,sheep's torso,236,0.024364406779661018,0.6259914754053294
12,absolute,103,sheep's neck,155,0.012096774193548387,0.6932055342581964
12,absolute,104,sheep's leg,53,0.01650943396226415,0.45844295227302695
12,absolute,105,sheep's ear,174,0.007902298850574713,0.6593318017649239
12,absolute,106,sheep's muzzle,177,0.08333333333333333,0.7518886740261552
12,absolute,107,sheep's horn,22,0.022727272727272728,0.6677123606204987
12,absolute,108,train's headlight,16,0.03125,0.5538966553285718
12,absolute,109,train's head,209,0.09270334928229665,0.703063608855722
12,absolute,110,train's front,203,0.10160098522167488,0.6401155615968658
12,absolute,111,train's side,246,0.2891260162601626,0.7477376986809863
12,absolute,112,train's back,24,0.09895833333333333,0.6536571867763996
12,absolute,113,train's roof,48,0.53125,0.9068421584864458
12,absolute,114,train's coach,183,0.35860655737704916,0.7239662770365105
12,absolute,115,tvmonitor's screen,289,0.43685121107266434,0.7172823762811179
12,relative,0,aeroplane's body,462,0.30211038961684034,0.7796059904611988
12,relative,1,aeroplane's stern,414,0.013630089732471871,0.4377265183462037
12,relative,2,aeroplane's wing,409,0.011919315403422982,0.48445531527322777
12,relative,3,aeroplane's tail,1,0.125,0.8354974985122681
12,relative,4,aeroplane's engine,300,0.09811904788017273,0.5251962937042117
12,relative,5,aeroplane's wheel,226,0.27380425647824214,0.8985953353411329
12,relative,6,bicycle's wheel,306,0.8154956427664538,0.8436954839556825
12,relative,7,bicycle's saddle,205,0.011585365853658536,0.22340829243383756
12,relative,8,bicycle's handlebar,263,0.4120722433460076,0.9347564224507872
12,relative,9,bicycle's chainwheel,217,0.29897410597669366,0.8511096273424439
12,relative,10,bicycle's headlight,1,1.0,0.965823769569397
12,relative,11,bird's wing,250,0.3359142860174179,0.6891018496491015
12,relative,12,bird's tail,403,0.4266956163473224,0.9062935877082957
12,relative,13,bird's head,535,0.6396528709993184,0.9212756873569756
12,relative,14,bird's eye,218,0.17794342571442281,0.2979950163547599
12,relative,15,bird's beak,431,0.3045133147604781,0.9025085381731356
12,relative,16,bird's torso,575,0.5371759836051775,0.8346969133874644
12,relative,17,bird's neck,284,0.3591800809536182,0.8754885363274477
12,relative,18,bird's leg,285,0.2592439433461741,0.8655575389401955
12,relative,19,bird's foot,199,0.12907394242646106,0.7321152557529996
12,relative,20,bottle's body,432,0.6147762345908968,0.8234370534342749
12,relative,21,bottle's cap,326,0.3397239264717863,0.7645395390369409
12,relative,22,bus's wheel,233,0.6113018599446751,0.9264242727101617
12,relative,23,bus's headlight,155,0.06285714295602614,0.5234999564386184
12,relative,24,bus's front,183,0.21653005464480873,0.7577750184496895
12,relative,25,bus's side,245,0.19081632653061226,0.7055604864139946
12,relative,26,bus's back,53,0.4268867924528302,0.7509877722499505
12,relative,27,bus's roof,20,0.25,0.5375330291688443
12,relative,28,bus's mirror,117,0.004273504273504274,0.35686815259420973
12,relative,29,bus's license plate,4,0.21875,0.6714781373739243
12,relative,30,bus's door,104,0.4371909355888,0.6749900795805913
12,relative,31,bus's window,261,0.782088122605364,0.7764103034675349
12,relative,32,car's wheel,515,0.7274364311428904,0.8742160638776219
12,relative,33,car's headlight,289,0.47350057706907134,0.8069862463740329
12,relative,34,car's front,365,0.480759948002149,0.728875004959433
12,relative,35,car's side,515,0.24281784568018125,0.6393727659021766
12,relative,36,car's back,195,0.5252564103939594,0.8407215509659205
12,relative,37,car's roof,132,0.2833423525320761,0.7169499592008916
12,relative,38,car's mirror,279,0.13112732645217662,0.4509685532386852
12,relative,39,car's license plate,8,0.1808035746216774,0.7717696502804756
12,relative,40,car's door,258,0.5664728689909906,0.7862769706073658
12,relative,41,car's window,548,0.7138925097665213,0.8368146930460947
12,relative,42,cat's tail,332,0.5150674126413931,0.8726007865674524
12,relative,43,cat's head,890,0.7354815411098887,0.8301108787401339
12,relative,44,cat's eye,645,0.47278700745845026,0.9328575920400232
12,relative,45,cat's torso,871,0.7589839265246616,0.8042022556271811
12,relative,46,cat's neck,601,0.4203133668855899,0.8089911863827666
12,relative,47,cat's leg,670,0.54684079605252,0.8281822486599879
12,relative,48,cat's nose,589,0.13145969777742753,0.8750795962855042
12,relative,49,cat's paw,570,0.647360067513951,0.9275764083130318
12,relative,50,cat's ear,848,0.45184608060374576,0.8654570303997904
12,relative,51,cow's tail,49,0.24902818306368224,0.8205748896817772
12,relative,52,cow's head,180,0.5296428576111794,0.8968719177775912
12,relative,53,cow's eye,60,0.2904761912922064,0.7918115844329198
12,relative,54,cow's torso,187,0.6838235294117647,0.8240169569212485
12,relative,55,cow's neck,81,0.24426807794306013,0.7875981102755041
12,relative,56,cow's leg,142,0.4278169014084507,0.8440718000203791
12,relative,57,cow's ear,138,0.22537094624578088,0.7562482301955638
12,relative,58,cow's muzzle,161,0.6475155296162789,0.8649472183322314
12,relative,59,cow's horn,53,0.0023584905660377358,0.2110542560628844
12,relative,60,dog's tail,367,0.3753081619008685,0.7782799761681449
12,relative,61,dog's head,1010,0.6557673270011892,0.8311390711086811
12,relative,62,dog's eye,641,0.36181933010889106,0.9213851208619878
12,relative,63,dog's torso,981,0.6959091792990065,0.7845771022816924
12,relative,64,dog's neck,454,0.5148468639882126,0.8323459271095398
12,relative,65,dog's leg,810,0.5791343328945431,0.8217029149701566
12,relative,66,dog's nose,815,0.005974291603258051,0.5655924936745065
12,relative,67,dog's paw,629,0.5118158079908838,0.8615545469361383
12,relative,68,dog's ear,899,0.5328566134970498,0.8646131357938482
12,relative,69,dog's muzzle,939,0.5106496283104117,0.794098820930091
12,relative,70,horse's tail,147,0.5043650794596899,0.8954540132766678
12,relative,71,horse's head,282,0.6004432624219157,0.9044512887584403
12,relative,72,horse's eye,104,0.22811355355840462,0.7006643813533279
12,relative,73,horse's torso,293,0.7188566552901023,0.8297742202165997
12,relative,74,horse's neck,233,0.29307173518663826,0.7186685073401283
12,relative,75,horse's leg,265,0.4084591195830759,0.7755519589866108
12,relative,76,horse's ear,223,0.26271087004732124,0.8651671489124341
12,relative,77,horse's muzzle,256,0.6104073672322556,0.8757049550185911
12,relative,78,horse's hoof,127,0.010826771653543307,0.27658081059087447
12,relative,79,motorbike's wheel,244,0.7853483606557377,0.8566728603155886
12,relative,80,motorbike's saddle,8,0.046875,0.5593119747936726
12,relative,81,motorbike's handlebar,11,0.125,0.7175138890743256
12,relative,82,motorbike's headlight,113,0.1415929203539823,0.8234514488583118
12,relative,83,person's head,1334,0.2871707008182556,0.5979974129873592
12,relative,84,person's eye,585,0.18321733948511956,0.5209977834310351
12,relative,85,person's torso,1273,0.25974825193164675,0.5294232551505583
12,relative,86,person's neck,757,0.16151632447302577,0.44965947390800953
12,relative,87,person's leg,486,0.12001028840924487,0.42688041116559394
12,relative,88,person's foot,135,0.061543210237114516,0.35783162498501714
12,relative,89,person's nose,907,0.15163674163647498,0.6057880745128684
12,relative,90,person's ear,688,0.05898740324516629,0.23829934193866414
12,relative,91,person's eyebrow,432,0.06103119512812959,0.60853285317016
12,relative,92,person's mouth,712,0.11133627635374498,0.59330841886688
12,relative,93,person's hair,1082,0.2680859967184816,0.591507316569586
12,relative,94,person's lower arm,753,0.042457155556792754,0.33977284389492346
12,relative,95,person's upper arm,1043,0.03460256596768234,0.28281997609883547
12,relative,96,person's hand,669,0.08127268870404304,0.34531235307878266
12,relative,97,pottedplant's pot,181,0.627348066364204,0.8252284288077064
12,relative,98,pottedplant's plant,203,0.5082101807218468,0.7427612466031107
12,relative,99,sheep's tail,56,0.15625,0.7287923814728856
12,relative,100,sheep's head,217,0.4698211549339206,0.8886766010028426
12,relative,101,sheep's eye,63,0.25663265373025623,0.737913278715005
12,relative,102,sheep's torso,236,0.5879237288135594,0.8230331066553875
12,relative,103,sheep's neck,155,0.2979262675008466,0.7860942527171104
12,relative,104,sheep's leg,53,0.3938679245283019,0.8288160961753918
12,relative,105,sheep's ear,174,0.22922824408816195,0.7161384611979298
12,relative,106,sheep's muzzle,177,0.5686642478751598,0.869416752535492
12,relative,107,sheep's horn,22,0.0,0.19339467856017026
12,relative,108,train's headlight,16,0.10416666697710752,0.6446925532072783
12,relative,109,train's head,209,0.05773524747510846,0.4982404551562367
12,relative,110,train's front,203,0.4876847290640394,0.7708417022041059
12,relative,111,train's side,246,0.041666666666666664,0.4403512036291564
12,relative,112,train's back,24,0.4427083333333333,0.7498400782545408
12,relative,113,train's roof,48,0.014136905471483866,0.2624572452623397
12,relative,114,train's coach,183,0.35878870681009656,0.7389561284760959
12,relative,115,tvmonitor's screen,289,0.4083044982698962,0.7093892295467812
13,absolute,0,aeroplane's body,462,0.023268398268398268,0.5293352967087841
13,absolute,1,aeroplane's stern,414,0.42481884057971014,0.8514903233822994
13,absolute,2,aeroplane's wing,409,0.03698044009779951,0.5746377220509397
13,absolute,3,aeroplane's tail,1,0.125,0.9104771018028259
13,absolute,4,aeroplane's engine,300,0.00375,0.45402645726998647
13,absolute,5,aeroplane's wheel,226,0.0,0.2713949520107919
13,absolute,6,bicycle's wheel,306,0.02369281045751634,0.5034220383739939
13,absolute,7,bicycle's saddle,205,0.054878048780487805,0.7031251295310695
13,absolute,8,bicycle's handlebar,263,0.41920152091254753,0.9405813731621426
13,absolute,9,bicycle's chainwheel,217,0.001152073732718894,0.42915171357343823
13,absolute,10,bicycle's headlight,1,0.0,0.4942828416824341
13,absolute,11,bird's wing,250,0.025,0.4371129601597786
13,absolute,12,bird's tail,403,0.0015508684863523574,0.32352562595352935
13,absolute,13,bird's head,535,0.27897196261682244,0.7729109546430757
13,absolute,14,bird's eye,218,0.006307339449541285,0.5222778749575309
13,absolute,15,bird's beak,431,0.3361368909512761,0.9414270830679936
13,absolute,16,bird's torso,575,0.028695652173913042,0.494439639215884
13,absolute,17,bird's neck,284,0.018045774647887324,0.6003546189831596
13,absolute,18,bird's leg,285,0.014473684210526316,0.43479409604741814
13,absolute,19,bird's foot,199,0.04773869346733668,0.4634088043441725
13,absolute,20,bottle's body,432,0.5337384259328246,0.7051595096579857
13,absolute,21,bottle's cap,326,0.3880368098159509,0.8811106843633886
13,absolute,22,bus's wheel,233,0.000536480686695279,0.4547823704939032
13,absolute,23,bus's headlight,155,0.0,0.4450161337852478
13,absolute,24,bus's front,183,0.0389344262295082,0.6318137303727572
13,absolute,25,bus's side,245,0.251530612244898,0.7775242557331007
13,absolute,26,bus's back,53,0.04009433962264151,0.6599475224063082
13,absolute,27,bus's roof,20,0.01875,0.6213207021355629
13,absolute,28,bus's mirror,117,0.0,0.6055554492860777
13,absolute,29,bus's license plate,4,0.0,0.32869111001491547
13,absolute,30,bus's door,104,0.13341346153846154,0.7077141636266158
13,absolute,31,bus's window,261,0.8419540229885057,0.9021639658345116
13,absolute,32,car's wheel,515,0.002669902912621359,0.3554764279896773
13,absolute,33,car's headlight,289,0.003027681660899654,0.3272503686804569
13,absolute,34,car's front,365,0.13835616438356163,0.5612399678932477
13,absolute,35,car's side,515,0.07864077669902912,0.54972539688777
13,absolute,36,car's back,195,0.11730769230769231,0.6132127116887998
13,absolute,37,car's roof,132,0.07481060606060606,0.6995779278151917
13,absolute,38,car's mirror,279,0.004480286738351254,0.4949164113370321
13,absolute,39,car's license plate,8,0.0,0.26486994698643684
13,absolute,40,car's door,258,0.09156976744186046,0.5600074093586714
13,absolute,41,car's window,548,0.7513686131386861,0.8957692751810499
13,absolute,42,cat's tail,332,0.004518072289156626,0.39533435418663254
13,absolute,43,cat's head,890,0.8775280898876404,0.8560564612404684
13,absolute,44,cat's eye,645,0.05116279069767442,0.7245189411233562
13,absolute,45,cat's torso,871,0.00473593570608496,0.5306156252165476
13,absolute,46,cat's neck,601,0.0008319467554076539,0.5023199326781782
13,absolute,47,cat's leg,670,0.40503731343283583,0.7834074799916637
13,absolute,48,cat's nose,589,0.0050933786078098476,0.6015996623828577
13,absolute,49,cat's paw,570,0.5026315789473684,0.8572468070607436
13,absolute,50,cat's ear,848,0.02741745283018868,0.5566313949958334
13,absolute,51,cow's tail,49,0.0,0.4127730228462998
13,absolute,52,cow's head,180,0.5840277777777778,0.9047414362844494
13,absolute,53,cow's eye,60,0.03125,0.7090896690885226
13,absolute,54,cow's torso,187,0.024732620320855617,0.6312447228533699
13,absolute,55,cow's neck,81,0.006172839506172839,0.6922152101257701
13,absolute,56,cow's leg,142,0.008802816901408451,0.4055536763978676
13,absolute,57,cow's ear,138,0.018115942028985508,0.6759344831756924
13,absolute,58,cow's muzzle,161,0.13664596273291926,0.7887128358301909
13,absolute,59,cow's horn,53,0.0047169811320754715,0.5935193648878133
13,absolute,60,dog's tail,367,0.0,0.3180811088684469
13,absolute,61,dog's head,1010,0.7902227722772277,0.8006420658366515
13,absolute,62,dog's eye,641,0.08541341653666147,0.7631370961759094
13,absolute,63,dog's torso,981,0.010321100917431193,0.4033797234144901
13,absolute,64,dog's neck,454,0.0005506607929515419,0.4137461904584049
13,absolute,65,dog's leg,810,0.33796296296296297,0.7239012336013494
13,absolute,66,dog's nose,815,0.001993865030674847,0.4441606489792923
13,absolute,67,dog's paw,629,0.599960254372019,0.9051557667494199
13,absolute,68,dog's ear,899,0.013348164627363738,0.43704273123231957
13,absolute,69,dog's muzzle,939,0.06735889243876464,0.6151347231115903
13,absolute,70,horse's tail,147,0.0017006802721088435,0.3197215794503283
13,absolute,71,horse's head,282,0.5638297872340425,0.8880983779193662
13,absolute,72,horse's eye,104,0.04326923076923077,0.7457640575101743
13,absolute,73,horse's torso,293,0.036262798634812285,0.5436719780590754
13,absolute,74,horse's neck,233,0.017703862660944206,0.662281431225748
13,absolute,75,horse's leg,265,0.008962264150943396,0.3795887195839072
13,absolute,76,horse's ear,223,0.010650224215246636,0.615006489737686
13,absolute,77,horse's muzzle,256,0.15966796875,0.7905610209563747
13,absolute,78,horse's hoof,127,0.001968503937007874,0.2853835464462521
13,absolute,79,motorbike's wheel,244,0.0,0.4290487343048463
13,absolute,80,motorbike's saddle,8,0.0,0.4569164961576462
13,absolute,81,motorbike's handlebar,11,0.4431818181818182,0.9437184387987311
13,absolute,82,motorbike's headlight,113,0.03650442477876106,0.7897642972195043
13,absolute,83,person's head,1334,0.4076488541587182,0.6729807387269486
13,absolute,84,person's eye,585,0.048321123332039924,0.6087297096864408
13,absolute,85,person's torso,1273,0.032417798231927225,0.3702301952632353
13,absolute,86,person's neck,757,0.008751651254953766,0.4820531612136641
13,absolute,87,person's leg,486,0.03575102880658436,0.3498869154951056
13,absolute,88,person's foot,135,0.05277777777777778,0.3489581222611445
13,absolute,89,person's nose,907,0.0711135611907387,0.6100495489839929
13,absolute,90,person's ear,688,0.007085755813953488,0.4519928577400035
13,absolute,91,person's eyebrow,432,0.07262731481481481,0.6839093448598524
13,absolute,92,person's mouth,712,0.01913623595505618,0.5016747545189318
13,absolute,93,person's hair,1082,0.21113678373658062,0.6366143873694754
13,absolute,94,person's lower arm,753,0.008798140770252325,0.3372470030751559
13,absolute,95,person's upper arm,1043,0.008029721955896452,0.3664379643360269
13,absolute,96,person's hand,669,0.03232436472346786,0.331838292043283
13,absolute,97,pottedplant's pot,181,0.5338397790055248,0.8129067756853051
13,absolute,98,pottedplant's plant,203,0.2764074596131376,0.5622701050319108
13,absolute,99,sheep's tail,56,0.0,0.3935773920800005
13,absolute,100,sheep's head,217,0.5236175115207373,0.9034395371713946
13,absolute,101,sheep's eye,63,0.031746031746031744,0.6867211073163956
13,absolute,102,sheep's torso,236,0.023834745762711863,0.6262190102015511
13,absolute,103,sheep's neck,155,0.012903225806451613,0.6934146223529692
13,absolute,104,sheep's leg,53,0.01650943396226415,0.45855653763942
13,absolute,105,sheep's ear,174,0.007902298850574713,0.6596471815873152
13,absolute,106,sheep's muzzle,177,0.08333333333333333,0.751547026263792
13,absolute,107,sheep's horn,22,0.022727272727272728,0.668984667821364
13,absolute,108,train's headlight,16,0.03125,0.5543447230011225
13,absolute,109,train's head,209,0.09449760765550239,0.7028906930006292
13,absolute,110,train's front,203,0.09913793103448276,0.6379096077874377
13,absolute,111,train's side,246,0.2850609756097561,0.7454884994805344
13,absolute,112,train's back,24,0.09895833333333333,0.6508367906014124
13,absolute,113,train's roof,48,0.5286458333333334,0.9066784145931402
13,absolute,114,train's coach,183,0.3551912568306011,0.7232626207539292
13,absolute,115,tvmonitor's screen,289,0.4320934256055363,0.7160135284839617
13,relative,0,aeroplane's body,462,0.30995670996316066,0.7817614309134937
13,relative,1,aeroplane's stern,414,0.013630089732471871,0.4382572979958737
13,relative,2,aeroplane's wing,409,0.011002444987775062,0.4833754461741389
13,relative,3,aeroplane's tail,1,0.125,0.8354974985122681
13,relative,4,aeroplane's engine,300,0.09505555580059687,0.5255396132792036
13,relative,5,aeroplane's wheel,226,0.2726190478532715,0.898749328160708
13,relative,6,bicycle's wheel,306,0.813044662374297,0.8429000293896869
13,relative,7,bicycle's saddle,205,0.011585365853658536,0.222843064840247
13,relative,8,bicycle's handlebar,263,0.4149239543726236,0.9353949679168005
13,relative,9,bicycle's chainwheel,217,0.30897520338335344,0.8618516176252321
13,relative,10,bicycle's headlight,1,1.0,0.965823769569397
13,relative,11,bird's wing,250,0.3275285716056824,0.6834208716489375
13,relative,12,bird's tail,403,0.430320217576867,0.9085027875734618
13,relative,13,bird's head,535,0.6382510018404399,0.9204583103133139
13,relative,14,bird's eye,218,0.18242136402687895,0.30643007830810653
13,relative,15,bird's beak,431,0.306930174752897,0.9039286786124214
13,relative,16,bird's torso,575,0.535902691664903,0.8348831033447515
13,relative,17,bird's neck,284,0.36042505088196675,0.8763803676767669
13,relative,18,bird's leg,285,0.2597994988424736,0.863078036224633
13,relative,19,bird's foot,199,0.13089255898741622,0.7448469624297702
13,relative,20,bottle's body,432,0.6113040123686746,0.8218074161559343
13,relative,21,bottle's cap,326,0.3516104295392709,0.7768844963034238
13,relative,22,bus's wheel,233,0.6107653792579798,0.9267256619336779
13,relative,23,bus's headlight,155,0.06995391720725644,0.547076031902144
13,relative,24,bus's front,183,0.22472677595628415,0.7596401990762826
13,relative,25,bus's side,245,0.18979591836734694,0.7045153845329674
13,relative,26,bus's back,53,0.42452830188679247,0.7521365539364095
13,relative,27,bus's roof,20,0.25,0.53489780575037
13,relative,28,bus's mirror,117,0.005698005867819501,0.35168494449721444
13,relative,29,bus's license plate,4,0.21875,0.6714781224727631
13,relative,30,bus's door,104,0.43663003768485326,0.6810753669303197
13,relative,31,bus's window,261,0.7916666666666666,0.7849417026243904
13,relative,32,car's wheel,515,0.7278871939888278,0.8754809968607519
13,relative,33,car's headlight,289,0.4787526779315051,0.8185180289522587
13,relative,34,car's front,365,0.4867155904639257,0.7306456281305992
13,relative,35,car's side,515,0.2435113269437864,0.6382221285723946
13,relative,36,car's back,195,0.5380769232144722,0.8432015256239818
13,relative,37,car's roof,132,0.2843524534819704,0.7215610061292396
13,relative,38,car's mirror,279,0.14940689643010444,0.4743654415291804
13,relative,39,car's license plate,8,0.17500000074505806,0.7666919901967049
13,relative,40,car's door,258,0.5731127728787504,0.7940625652324321
13,relative,41,car's window,548,0.7179961767944977,0.839963823284981
13,relative,42,cat's tail,332,0.5191014057182404,0.873782947861466
13,relative,43,cat's head,890,0.7479614768470271,0.8324822464518333
13,relative,44,cat's eye,645,0.4731136962424877,0.9330912047289601
13,relative,45,cat's torso,871,0.7612801377760967,0.8045282893387513
13,relative,46,cat's neck,601,0.42308454190732636,0.8099676190120805
13,relative,47,cat's leg,670,0.5578358209400035,0.8338544067829402
13,relative,48,cat's nose,589,0.1317871292651408,0.8745158055642263
13,relative,49,cat's paw,570,0.6476670850002975,0.9271020700534185
13,relative,50,cat's ear,848,0.46118738790446856,0.869549507450945
13,relative,51,cow's tail,49,0.26105442187007594,0.8367669092757362
13,relative,52,cow's head,180,0.542427249170012,0.900978535744879
13,relative,53,cow's eye,60,0.2918650800983111,0.7989944274226825
13,relative,54,cow's torso,187,0.6811497326203209,0.8247200041849982
13,relative,55,cow's neck,81,0.2522780718626799,0.7909718803417536
13,relative,56,cow's leg,142,0.4295774647887324,0.8438368217206337
13,relative,57,cow's ear,138,0.22421497711236926,0.7593856217420619
13,relative,58,cow's muzzle,161,0.6488760737528713,0.8654641227692551
13,relative,59,cow's horn,53,0.0023584905660377358,0.21180136963935955
13,relative,60,dog's tail,367,0.37688789457813593,0.781672294030844
13,relative,61,dog's head,1010,0.6680091940677992,0.8339803072559362
13,relative,62,dog's eye,641,0.3628073696413204,0.9224696875362426
13,relative,63,dog's torso,981,0.6979479152826966,0.7854173777740787
13,relative,64,dog's neck,454,0.5177968325593924,0.8341761752306627
13,relative,65,dog's leg,810,0.5874676662278764,0.8241225954191185
13,relative,66,dog's nose,815,0.006200701181142608,0.566095256549449
13,relative,67,dog's paw,629,0.5141040204249808,0.8646509576772469
13,relative,68,dog's ear,899,0.5400193339592888,0.8668198667557805
13,relative,69,dog's muzzle,939,0.5183351093524308,0.7970068882892942
13,relative,70,horse's tail,147,0.5052154195957443,0.897398652318789
13,relative,71,horse's head,282,0.6008865248332632,0.905356819959397
13,relative,72,horse's eye,104,0.22664835203725558,0.7134512832674843
13,relative,73,horse's torso,293,0.7209897610921502,0.8304621616931499
13,relative,74,horse's neck,233,0.3102697731982997,0.7292412044280588
13,relative,75,horse's leg,265,0.41600628939439666,0.7777266321317204
13,relative,76,horse's ear,223,0.2658392065309088,0.8676665685235652
13,relative,77,horse's muzzle,256,0.6133277543121949,0.877831973542925
13,relative,78,horse's hoof,127,0.018044619579014817,0.2866395517567715
13,relative,79,motorbike's wheel,244,0.7843237704918032,0.8562698625638837
13,relative,80,motorbike's saddle,8,0.046875,0.5554825030267239
13,relative,81,motorbike's handlebar,11,0.125,0.7212569361383264
13,relative,82,motorbike's headlight,113,0.15597345132743362,0.8282418675654757
13,relative,83,person's head,1334,0.29137841856729857,0.5996539060609706
13,relative,84,person's eye,585,0.18369149499469334,0.5258313003378228
13,relative,85,person's torso,1273,0.2593190070689427,0.5321485337112479
13,relative,86,person's neck,757,0.1596826450945994,0.4549274006532444
13,relative,87,person's leg,486,0.11796737247656403,0.42921902016744234
13,relative,88,person's foot,135,0.06092592621291125,0.3571972549582521
13,relative,89,person's nose,907,0.1491849119995763,0.6056197961636274
13,relative,90,person's ear,688,0.06601259707971367,0.24343131425611805
13,relative,91,person's eyebrow,432,0.06398258399632242,0.609067713519498
13,relative,92,person's mouth,712,0.11020264875018194,0.5932653447367209
13,relative,93,person's hair,1082,0.2699894383687409,0.5952192165134836
13,relative,94,person's lower arm,753,0.04179314493262277,0.33916025940553934
13,relative,95,person's upper arm,1043,0.033288819006396846,0.27538013531739824
13,relative,96,person's hand,669,0.08034735606212075,0.3453337762529874
13,relative,97,pottedplant's pot,181,0.6259668508945908,0.8251909987373247
13,relative,98,pottedplant's plant,203,0.5106732349090388,0.743685556933504
13,relative,99,sheep's tail,56,0.16517857142857142,0.7431575303365078
13,relative,100,sheep's head,217,0.48224160720675774,0.8894835501085229
13,relative,101,sheep's eye,63,0.25874905572051093,0.7474989847294868
13,relative,102,sheep's torso,236,0.5921610169491526,0.8238958280722973
13,relative,103,sheep's neck,155,0.3032258064516129,0.7903272180787979
13,relative,104,sheep's leg,53,0.3915094339622642,0.8304539159783777
13,relative,105,sheep's ear,174,0.23031609308445591,0.7235191270880316
13,relative,106,sheep's muzzle,177,0.5673863360774045,0.8695030506321434
13,relative,107,sheep's horn,22,0.0,0.19393923235210506
13,relative,108,train's headlight,16,0.10416666697710752,0.6489646080881357
13,relative,109,train's head,209,0.06028138557404422,0.5026709870947748
13,relative,110,train's front,203,0.49014778325123154,0.7721731700461927
13,relative,111,train's side,246,0.041666666666666664,0.4404014272055006
13,relative,112,train's back,24,0.4322916666666667,0.7461997258166472
13,relative,113,train's roof,48,0.013020833333333334,0.2617157349207749
13,relative,114,train's coach,183,0.35606947704091096,0.7411821960100059
13,relative,115,tvmonitor's screen,289,0.4013840830449827,0.7074765871346615
14,absolute,0,aeroplane's body,462,0.023268398268398268,0.5285346888618552
14,absolute,1,aeroplane's stern,414,0.4178743961352657,0.850471825055454
14,absolute,2,aeroplane's wing,409,0.03759168704156479,0.5745517876736984
14,absolute,3,aeroplane's tail,1,0.125,0.9104771018028259
14,absolute,4,aeroplane's engine,300,0.00375,0.45236594597498575
14,absolute,5,aeroplane's wheel,226,0.0,0.2709106985578495
14,absolute,6,bicycle's wheel,306,0.024101307189542485,0.5019151721320121
14,absolute,7,bicycle's saddle,205,0.05731707317073171,0.704382743486544
14,absolute,8,bicycle's handlebar,263,0.4206273764258555,0.9409968900589889
14,absolute,9,bicycle's chainwheel,217,0.001152073732718894,0.4285297294228857
14,absolute,10,bicycle's headlight,1,0.0,0.4942828416824341
14,absolute,11,bird's wing,250,0.0255,0.437503080368042
14,absolute,12,bird's tail,403,0.0015508684863523574,0.32341570988593266
14,absolute,13,bird's head,535,0.2766355140186916,0.7721668851292022
14,absolute,14,bird's eye,218,0.007454128440366973,0.5224147322801275
14,absolute,15,bird's beak,431,0.33642691415313225,0.9416746066368926
14,absolute,16,bird's torso,575,0.02891304347826087,0.4945595953516338
14,absolute,17,bird's neck,284,0.018045774647887324,0.6001582974436838
14,absolute,18,bird's leg,285,0.014473684210526316,0.4333417427644395
14,absolute,19,bird's foot,199,0.04585427135678392,0.46085613531682956
14,absolute,20,bottle's body,432,0.5184027777846765,0.699688910610146
14,absolute,21,bottle's cap,326,0.39225460122699385,0.8827177940702146
14,absolute,22,bus's wheel,233,0.000536480686695279,0.45600511907507935
14,absolute,23,bus's headlight,155,0.0,0.44624228342886896
14,absolute,24,bus's front,183,0.0389344262295082,0.630906785446438
14,absolute,25,bus's side,245,0.26326530612244897,0.7790422909113826
14,absolute,26,bus's back,53,0.04009433962264151,0.659717895512311
14,absolute,27,bus's roof,20,0.025,0.6259349003434181
14,absolute,28,bus's mirror,117,0.0,0.604613997742661
14,absolute,29,bus's license plate,4,0.0,0.32869111001491547
14,absolute,30,bus's door,104,0.13221153846153846,0.7076063998616658
14,absolute,31,bus's window,261,0.8409961685823755,0.901426810186028
14,absolute,32,car's wheel,515,0.002912621359223301,0.3558224848173197
14,absolute,33,car's headlight,289,0.0025951557093425604,0.3272253279493651
14,absolute,34,car's front,365,0.1393835616438356,0.5623857754142317
14,absolute,35,car's side,515,0.07864077669902912,0.5499212447300698
14,absolute,36,car's back,195,0.11858974358974358,0.6139382665356
14,absolute,37,car's roof,132,0.07481060606060606,0.7021832836396766
14,absolute,38,car's mirror,279,0.004480286738351254,0.49274901009588684
14,absolute,39,car's license plate,8,0.0,0.25889256596565247
14,absolute,40,car's door,258,0.09253875968992248,0.5584493145462155
14,absolute,41,car's window,548,0.7518248175182481,0.895599864967113
14,absolute,42,cat's tail,332,0.004141566265060241,0.3939991063741316
14,absolute,43,cat's head,890,0.8779494382022472,0.856808754893836
14,absolute,44,cat's eye,645,0.053875968992248065,0.7287866901519686
14,absolute,45,cat's torso,871,0.004448909299655569,0.5233006065585207
14,absolute,46,cat's neck,601,0.0008319467554076539,0.5043168344632559
14,absolute,47,cat's leg,670,0.39794776119402986,0.7809777488459402
14,absolute,48,cat's nose,589,0.0050933786078098476,0.6007482365456825
14,absolute,49,cat's paw,570,0.5078947368421053,0.856620649810423
14,absolute,50,cat's ear,848,0.028744103773584904,0.5593075350208102
14,absolute,51,cow's tail,49,0.0,0.4129799431075855
14,absolute,52,cow's head,180,0.5868055555555556,0.9049875220490826
14,absolute,53,cow's eye,60,0.03125,0.7094305088122685
14,absolute,54,cow's torso,187,0.02406417112299465,0.6310559155788014
14,absolute,55,cow's neck,81,0.006172839506172839,0.6924112578968943
14,absolute,56,cow's leg,142,0.008802816901408451,0.40542417554788185
14,absolute,57,cow's ear,138,0.018115942028985508,0.6762031569429066
14,absolute,58,cow's muzzle,161,0.13664596273291926,0.7885939169744527
14,absolute,59,cow's horn,53,0.0047169811320754715,0.5935950183643485
14,absolute,60,dog's tail,367,0.0,0.3186714818919387
14,absolute,61,dog's head,1010,0.7910891089108911,0.8008313700925596
14,absolute,62,dog's eye,641,0.08716848673946957,0.7670021413268984
14,absolute,63,dog's torso,981,0.009429153924566768,0.4037189617616321
14,absolute,64,dog's neck,454,0.0005506607929515419,0.4144212108778271
14,absolute,65,dog's leg,810,0.3316358024691358,0.7217423148821166
14,absolute,66,dog's nose,815,0.001993865030674847,0.4440294823946397
14,absolute,67,dog's paw,629,0.6089030206677265,0.9077373301944975
14,absolute,68,dog's ear,899,0.013348164627363738,0.43751827958096917
14,absolute,69,dog's muzzle,939,0.06629392971246006,0.614214580851241
14,absolute,70,horse's tail,147,0.0017006802721088435,0.319986069080781
14,absolute,71,horse's head,282,0.563386524822695,0.8880337081479688
14,absolute,72,horse's eye,104,0.04447115384615385,0.7493990588073547
14,absolute,73,horse's torso,293,0.03583617747440273,0.5441330066618252
14,absolute,74,horse's neck,233,0.018776824034334765,0.6627445478040261
14,absolute,75,horse's leg,265,0.008962264150943396,0.3793828326013853
14,absolute,76,horse's ear,223,0.011210762331838564,0.6156366296413234
14,absolute,77,horse's muzzle,256,0.158203125,0.7898789856117219
14,absolute,78,horse's hoof,127,0.001968503937007874,0.2850667897641189
14,absolute,79,motorbike's wheel,244,0.0,0.4279866250934171
14,absolute,80,motorbike's saddle,8,0.0,0.46177656948566437
14,absolute,81,motorbike's handlebar,11,0.45454545454545453,0.9441611550071023
14,absolute,82,motorbike's headlight,113,0.03650442477876106,0.7895678424202235
14,absolute,83,person's head,1334,0.407742557307144,0.6728391285114426
14,absolute,84,person's eye,585,0.050030525041441634,0.6099376033498054
14,absolute,85,person's torso,1273,0.0314358657888793,0.36941730476204726
14,absolute,86,person's neck,757,0.008421400264200792,0.4823414147972982
14,absolute,87,person's leg,486,0.036265432098765434,0.34993035196606453
14,absolute,88,person's foot,135,0.05277777777777778,0.34930369395900657
14,absolute,89,person's nose,907,0.07152701212789415,0.6105036107010015
14,absolute,90,person's ear,688,0.007085755813953488,0.45148453939513866
14,absolute,91,person's eyebrow,432,0.07291666666666667,0.6838379345286673
14,absolute,92,person's mouth,712,0.01913623595505618,0.502551431819964
14,absolute,93,person's hair,1082,0.21321626617650669,0.6369417473198691
14,absolute,94,person's lower arm,753,0.008798140770252325,0.33570637412562193
14,absolute,95,person's upper arm,1043,0.00826941514860978,0.36568047033358553
14,absolute,96,person's hand,669,0.0304559043348281,0.33019497750886617
14,absolute,97,pottedplant's pot,181,0.5338397790055248,0.8130253913982138
14,absolute,98,pottedplant's plant,203,0.2739444054259455,0.5597342376051277
14,absolute,99,sheep's tail,56,0.0,0.3935773926121848
14,absolute,100,sheep's head,217,0.5247695852534562,0.9034559018051569
14,absolute,101,sheep's eye,63,0.031746031746031744,0.6874842544396719
14,absolute,102,sheep's torso,236,0.022775423728813558,0.6260316668678139
14,absolute,103,sheep's neck,155,0.012903225806451613,0.6937719222038022
14,absolute,104,sheep's leg,53,0.01650943396226415,0.45812887093930876
14,absolute,105,sheep's ear,174,0.007183908045977011,0.6597088837418063
14,absolute,106,sheep's muzzle,177,0.0826271186440678,0.750985735048682
14,absolute,107,sheep's horn,22,0.022727272727272728,0.6667999191717668
14,absolute,108,train's headlight,16,0.03125,0.5449730502441525
14,absolute,109,train's head,209,0.0950956937799043,0.7028489961293325
14,absolute,110,train's front,203,0.09729064039408868,0.6373061662530665
14,absolute,111,train's side,246,0.2809959349593496,0.7440189055311002
14,absolute,112,train's back,24,0.09895833333333333,0.6457705348730087
14,absolute,113,train's roof,48,0.5286458333333334,0.9064637670914332
14,absolute,114,train's coach,183,0.35382513661202186,0.722832137281126
14,absolute,115,tvmonitor's screen,289,0.42517301038062283,0.7141245367411511
14,relative,0,aeroplane's body,462,0.31259018760093876,0.7840541522804793
14,relative,1,aeroplane's stern,414,0.013630089732471871,0.43966550793912673
14,relative,2,aeroplane's wing,409,0.007640586797066014,0.47905805521168743
14,relative,3,aeroplane's tail,1,0.125,0.8354974985122681
14,relative,4,aeroplane's engine,300,0.09148412714401881,0.5282856825118264
14,relative,5,aeroplane's wheel,226,0.2726190478532715,0.899299942946012
14,relative,6,bicycle's wheel,306,0.8130174292361035,0.8425925794769736
14,relative,7,bicycle's saddle,205,0.011585365853658536,0.22039050707002966
14,relative,8,bicycle's handlebar,263,0.4158745247148289,0.9356317687850488
14,relative,9,bicycle's chainwheel,217,0.3243087558977066,0.8737629867643805
14,relative,10,bicycle's headlight,1,1.0,0.9658237099647522
14,relative,11,bird's wing,250,0.3241666671037674,0.6811935330368578
14,relative,12,bird's tail,403,0.4271800782041573,0.9093872986123817
14,relative,13,bird's head,535,0.636457499416075,0.9200417740601246
14,relative,14,bird's eye,218,0.195238095904709,0.32200912394723213
14,relative,15,bird's beak,431,0.30898795842156335,0.9072237984901791
14,relative,16,bird's torso,575,0.5371387165266535,0.8365948670584222
14,relative,17,bird's neck,284,0.3639713285989325,0.8780206511925224
14,relative,18,bird's leg,285,0.2596825398374022,0.8623018042037361
14,relative,19,bird's foot,199,0.13606724202932424,0.7592302737523563
14,relative,20,bottle's body,432,0.6098572531094154,0.821159665024391
14,relative,21,bottle's cap,326,0.360685071696533,0.7880593289398342
14,relative,22,bus's wheel,233,0.6110974863619252,0.9266111460622288
14,relative,23,bus's headlight,155,0.07688172055828955,0.5706171317446617
14,relative,24,bus's front,183,0.22745901639344263,0.7611515810255145
14,relative,25,bus's side,245,0.18928571428571428,0.7042970251063911
14,relative,26,bus's back,53,0.4481132075471698,0.7555359395326309
14,relative,27,bus's roof,20,0.24375,0.5414582833647728
14,relative,28,bus's mirror,117,0.005698005867819501,0.34962583556134474
14,relative,29,bus's license plate,4,0.21875,0.6741792112588882
14,relative,30,bus's door,104,0.4388850743953998,0.6864239679506192
14,relative,31,bus's window,261,0.7969348659003831,0.7938928054895438
14,relative,32,car's wheel,515,0.7280605643408969,0.8751751759315579
14,relative,33,car's headlight,289,0.48738260030952707,0.8272127780328572
14,relative,34,car's front,365,0.48760273979134755,0.7304644231926904
14,relative,35,car's side,515,0.24205501626417475,0.6368944903021877
14,relative,36,car's back,195,0.5465384615537447,0.8443033209978006
14,relative,37,car's roof,132,0.2873917751465783,0.7228034416382964
14,relative,38,car's mirror,279,0.1467613939956952,0.48890596585461743
14,relative,39,car's license plate,8,0.17500000074505806,0.7743429243564606
14,relative,40,car's door,258,0.5829411224685899,0.800952306724796
14,relative,41,car's window,548,0.7226081859238827,0.8442040128755743
14,relative,42,cat's tail,332,0.5228664659592043,0.8750756489090532
14,relative,43,cat's head,890,0.7574919745158614,0.8349579627050108
14,relative,44,cat's eye,645,0.4735197501358136,0.9337400299229826
14,relative,45,cat's torso,871,0.7622847301985995,0.8044657226989792
14,relative,46,cat's neck,601,0.42757309266612453,0.8131630122165712
14,relative,47,cat's leg,670,0.5695646766851198,0.8406246522246902
14,relative,48,cat's nose,589,0.13103727075462632,0.8733906928064058
14,relative,49,cat's paw,570,0.64885756127667,0.9269171503029372
14,relative,50,cat's ear,848,0.47182586490405054,0.8742091854647646
14,relative,51,cow's tail,49,0.2661564626864025,0.8404764238060737
14,relative,52,cow's head,180,0.56388888930281,0.9055472784572177
14,relative,53,cow's eye,60,0.2898809532324473,0.8051603948076566
14,relative,54,cow's torso,187,0.6811497326203209,0.8259104974767103
14,relative,55,cow's neck,81,0.25823045273621875,0.79709388885969
14,relative,56,cow's leg,142,0.4269366197183099,0.8450246906616319
14,relative,57,cow's ear,138,0.23531746151654617,0.768549917616706
14,relative,58,cow's muzzle,161,0.6451493657153585,0.8655388706959553
14,relative,59,cow's horn,53,0.0023584905660377358,0.21428393936311863
14,relative,60,dog's tail,367,0.37589853409200663,0.7875848972626863
14,relative,61,dog's head,1010,0.6819460162579423,0.8365840329908498
14,relative,62,dog's eye,641,0.3652848973289109,0.9236539320529158
14,relative,63,dog's torso,981,0.7004999758544683,0.7852738574678866
14,relative,64,dog's neck,454,0.5222152298570729,0.8350763425132514
14,relative,65,dog's leg,810,0.5947942386990712,0.8269999058342274
14,relative,66,dog's nose,815,0.0062445224062796754,0.5671403141840835
14,relative,67,dog's paw,629,0.5165644642705948,0.8663286276173516
14,relative,68,dog's ear,899,0.5473369884742911,0.8701157394187469
14,relative,69,dog's muzzle,939,0.5226025670544662,0.7986791583613212
14,relative,70,horse's tail,147,0.5069160998678531,0.8981220461174745
14,relative,71,horse's head,282,0.6065222898379286,0.9064108022349946
14,relative,72,horse's eye,104,0.23099816905764434,0.7242531121636813
14,relative,73,horse's torso,293,0.7209897610921502,0.8312564075705134
14,relative,74,horse's neck,233,0.3235744942027612,0.7424048948313545
14,relative,75,horse's leg,265,0.4174213837340193,0.7802519536243295
14,relative,76,horse's ear,223,0.26979500416148405,0.8712186289140996
14,relative,77,horse's muzzle,256,0.613481214561034,0.8787255001370795
14,relative,78,horse's hoof,127,0.018241469902316416,0.2898473744023973
14,relative,79,motorbike's wheel,244,0.7822745901639344,0.8553846940153935
14,relative,80,motorbike's saddle,8,0.03125,0.5417705774307251
14,relative,81,motorbike's handlebar,11,0.125,0.7137933996590701
14,relative,82,motorbike's headlight,113,0.168141592920354,0.8325990024393639
14,relative,83,person's head,1334,0.2948231246920004,0.6004693988817806
14,relative,84,person's eye,585,0.18537647673207472,0.5317500833811987
14,relative,85,person's torso,1273,0.2610836799511831,0.5349608730560993
14,relative,86,person's neck,757,0.16050512730445382,0.4616660507656683
14,relative,87,person's leg,486,0.11748726270449014,0.4294107416654274
14,relative,88,person's foot,135,0.06092592621291125,0.35637127956444464
14,relative,89,person's nose,907,0.14923085098164085,0.6056243250610629
14,relative,90,person's ear,688,0.06598491174017274,0.24711713268080465
14,relative,91,person's eyebrow,432,0.06264605400738893,0.6094766835460043
14,relative,92,person's mouth,712,0.10896201205722401,0.5937061055662801
14,relative,93,person's hair,1082,0.2693160822315489,0.5977848706080091
14,relative,94,person's lower arm,753,0.04086827301725765,0.33822887541434343
14,relative,95,person's upper arm,1043,0.031427201865846334,0.2695320190840391
14,relative,96,person's hand,669,0.07748950142496905,0.34491412484564543
14,relative,97,pottedplant's pot,181,0.6294198895686239,0.82525324459234
14,relative,98,pottedplant's plant,203,0.5106732349090388,0.7439198357057689
14,relative,99,sheep's tail,56,0.171875,0.7494932933311377
14,relative,100,sheep's head,217,0.4902786931134589,0.8891557885617155
14,relative,101,sheep's eye,63,0.2579554049741654,0.750674751897653
14,relative,102,sheep's torso,236,0.5932203389830508,0.8252875249264604
14,relative,103,sheep's neck,155,0.31290322580645163,0.7958528161048889
14,relative,104,sheep's leg,53,0.3938679245283019,0.8313101979921449
14,relative,105,sheep's ear,174,0.23555692516524215,0.7328551785014141
14,relative,106,sheep's muzzle,177,0.5692695753049042,0.8706696738231149
14,relative,107,sheep's horn,22,0.0,0.18224858814342457
14,relative,108,train's headlight,16,0.10416666697710752,0.6530521921813488
14,relative,109,train's head,209,0.060321258015609815,0.5096535751480235
14,relative,110,train's front,203,0.4907635467980296,0.7703609942765952
14,relative,111,train's side,246,0.041666666666666664,0.4412567470737589
14,relative,112,train's back,24,0.4479166666666667,0.7533570490777493
14,relative,113,train's roof,48,0.015625,0.261255981400609
14,relative,114,train's coach,183,0.3616705699696567,0.7445667550537756
14,relative,115,tvmonitor's screen,289,0.3892733564013841,0.705008988458805
15,absolute,0,aeroplane's body,462,0.023268398268398268,0.5278002411062583
15,absolute,1,aeroplane's stern,414,0.4151570048309179,0.849882365208893
15,absolute,2,aeroplane's wing,409,0.037897310513447434,0.5740547724487146
15,absolute,3,aeroplane's tail,1,0.125,0.9104771018028259
15,absolute,4,aeroplane's engine,300,0.00375,0.4512383700410525
15,absolute,5,aeroplane's wheel,226,0.0,0.2708888200268281
15,absolute,6,bicycle's wheel,306,0.02369281045751634,0.500668172158447
15,absolute,7,bicycle's saddle,205,0.05914634146341463,0.7053639538404418
15,absolute,8,bicycle's handlebar,263,0.4230038022813688,0.9413194812749275
15,absolute,9,bicycle's chainwheel,217,0.001152073732718894,0.4277158967360923
15,absolute,10,bicycle's headlight,1,0.0,0.4942828416824341
15,absolute,11,bird's wing,250,0.025,0.4370922467708588
15,absolute,12,bird's tail,403,0.0015508684863523574,0.32316675631528163
15,absolute,13,bird's head,535,0.2766355140186916,0.7721069118199504
15,absolute,14,bird's eye,218,0.007454128440366973,0.5219961477255602
15,absolute,15,bird's beak,431,0.33642691415313225,0.9417758558438162
15,absolute,16,bird's torso,575,0.028695652173913042,0.49460136766019075
15,absolute,17,bird's neck,284,0.018045774647887324,0.5999588606170785
15,absolute,18,bird's leg,285,0.014473684210526316,0.4315231402976471
15,absolute,19,bird's foot,199,0.04334170854271357,0.45747799752046114
15,absolute,20,bottle's body,432,0.5065393518587505,0.6955012399703264
15,absolute,21,bottle's cap,326,0.39723926380368096,0.8847521761078044
15,absolute,22,bus's wheel,233,0.000536480686695279,0.45611653217941905
15,absolute,23,bus's headlight,155,0.0,0.44700354789533925
15,absolute,24,bus's front,183,0.03825136612021858,0.6284775020646267
15,absolute,25,bus's side,245,0.27193877551020407,0.7813751035807084
15,absolute,26,bus's back,53,0.04245283018867924,0.6604149825168106
15,absolute,27,bus's roof,20,0.025,0.6300499618053437
15,absolute,28,bus's mirror,117,0.0,0.6036473413308462
15,absolute,29,bus's license plate,4,0.0,0.3354043513536453
15,absolute,30,bus's door,104,0.12980769230769232,0.705771131011156
15,absolute,31,bus's window,261,0.8414750957854407,0.900910637844568
15,absolute,32,car's wheel,515,0.002912621359223301,0.3557803220685246
15,absolute,33,car's headlight,289,0.0025951557093425604,0.3271739991658905
15,absolute,34,car's front,365,0.1421232876712329,0.5637833413604187
15,absolute,35,car's side,515,0.07766990291262135,0.5497178224394622
15,absolute,36,car's back,195,0.12179487179487179,0.6153419655485031
15,absolute,37,car's roof,132,0.07859848484848485,0.7045172626773516
15,absolute,38,car's mirror,279,0.004480286738351254,0.49115528865954355
15,absolute,39,car's license plate,8,0.0,0.25788594502955675
15,absolute,40,car's door,258,0.09253875968992248,0.557803306930749
15,absolute,41,car's window,548,0.7529653284671532,0.895211883106806
15,absolute,42,cat's tail,332,0.004141566265060241,0.3935871841498168
15,absolute,43,cat's head,890,0.8780898876404495,0.8574353490066662
15,absolute,44,cat's eye,645,0.05736434108527132,0.7347808627657187
15,absolute,45,cat's torso,871,0.004161882893226177,0.5148891041100231
15,absolute,46,cat's neck,601,0.0008319467554076539,0.5060757648280377
15,absolute,47,cat's leg,670,0.38992537313432835,0.778095400600291
15,absolute,48,cat's nose,589,0.0050933786078098476,0.5994513389513731
15,absolute,49,cat's paw,570,0.5105263157894737,0.8553580822390422
15,absolute,50,cat's ear,848,0.030955188679245283,0.5624318944887733
15,absolute,51,cow's tail,49,0.0,0.4130331484638915
15,absolute,52,cow's head,180,0.5868055555555556,0.9050508602625794
15,absolute,53,cow's eye,60,0.0375,0.7163218860824903
15,absolute,54,cow's torso,187,0.022727272727272728,0.6305582458003957
15,absolute,55,cow's neck,81,0.006172839506172839,0.692910756593869
15,absolute,56,cow's leg,142,0.008802816901408451,0.4037163322660285
15,absolute,57,cow's ear,138,0.018115942028985508,0.6767426679531733
15,absolute,58,cow's muzzle,161,0.13664596273291926,0.7884866215797685
15,absolute,59,cow's horn,53,0.0047169811320754715,0.5943826577573452
15,absolute,60,dog's tail,367,0.0,0.31895688019835006
15,absolute,61,dog's head,1010,0.7917079207920792,0.8011295200869588
15,absolute,62,dog's eye,641,0.08970358814352575,0.7704577008945149
15,absolute,63,dog's torso,981,0.008409785932721712,0.4055806525378174
15,absolute,64,dog's neck,454,0.0005506607929515419,0.41559660436364
15,absolute,65,dog's leg,810,0.32654320987654323,0.719508487087341
15,absolute,66,dog's nose,815,0.001993865030674847,0.44368767140467474
15,absolute,67,dog's paw,629,0.6162559618441972,0.9097429511088445
15,absolute,68,dog's ear,899,0.013765294771968854,0.4384335507540337
15,absolute,69,dog's muzzle,939,0.06482960596379127,0.6133344263568346
15,absolute,70,horse's tail,147,0.0017006802721088435,0.32027175089939924
15,absolute,71,horse's head,282,0.56427304964539,0.8881292311435051
15,absolute,72,horse's eye,104,0.04447115384615385,0.7504863804922655
15,absolute,73,horse's torso,293,0.037969283276450515,0.5447477015313842
15,absolute,74,horse's neck,233,0.01984978540772532,0.6634449719615249
15,absolute,75,horse's leg,265,0.008962264150943396,0.3793417474571264
15,absolute,76,horse's ear,223,0.010650224215246636,0.6155026171506788
15,absolute,77,horse's muzzle,256,0.15771484375,0.7895205758977681
15,absolute,78,horse's hoof,127,0.001968503937007874,0.2852371327403023
15,absolute,79,motorbike's wheel,244,0.0,0.42738469549622693
15,absolute,80,motorbike's saddle,8,0.0,0.46177656948566437
15,absolute,81,motorbike's handlebar,11,0.45454545454545453,0.9441611550071023
15,absolute,82,motorbike's headlight,113,0.03650442477876106,0.788897505903666
15,absolute,83,person's head,1334,0.40689922897131187,0.6727606607964081
15,absolute,84,person's eye,585,0.05131257632349291,0.6105151562083863
15,absolute,85,person's torso,1273,0.030355740101526595,0.3683595558118517
15,absolute,86,person's neck,757,0.008421400264200792,0.4821676895135578
15,absolute,87,person's leg,486,0.03497942386831276,0.3492393880994385
15,absolute,88,person's foot,135,0.05277777777777778,0.34995310416928044
15,absolute,89,person's nose,907,0.07138919514884234,0.6105585746423987
15,absolute,90,person's ear,688,0.006904069767441861,0.4512160894201072
15,absolute,91,person's eyebrow,432,0.07320601851851852,0.6840071394302262
15,absolute,92,person's mouth,712,0.01913623595505618,0.5030116917947411
15,absolute,93,person's hair,1082,0.2157578558253052,0.6379372893063121
15,absolute,94,person's lower arm,753,0.008798140770252325,0.33448495971753817
15,absolute,95,person's upper arm,1043,0.007790028763183125,0.36374717271169743
15,absolute,96,person's hand,669,0.0304559043348281,0.32913900746703595
15,absolute,97,pottedplant's pot,181,0.5338397790055248,0.8134252221544803
15,absolute,98,pottedplant's plant,203,0.2739444054259455,0.5580828681661578
15,absolute,99,sheep's tail,56,0.0,0.3935422801545688
15,absolute,100,sheep's head,217,0.5247695852534562,0.9031456607278041
15,absolute,101,sheep's eye,63,0.031746031746031744,0.6882147036847615
15,absolute,102,sheep's torso,236,0.023305084745762712,0.6265970692038536
15,absolute,103,sheep's neck,155,0.012903225806451613,0.6940000610966837
15,absolute,104,sheep's leg,53,0.01650943396226415,0.4580708030822142
15,absolute,105,sheep's ear,174,0.007183908045977011,0.6595926094671776
15,absolute,106,sheep's muzzle,177,0.08192090395480225,0.7509949107964834
15,absolute,107,sheep's horn,22,0.022727272727272728,0.6667999191717668
15,absolute,108,train's headlight,16,0.03125,0.5442139403894544
15,absolute,109,train's head,209,0.09808612440191387,0.7027212917519529
15,absolute,110,train's front,203,0.09667487684729065,0.6366354906793885
15,absolute,111,train's side,246,0.27997967479674796,0.7433554186084406
15,absolute,112,train's back,24,0.09895833333333333,0.648909043520689
15,absolute,113,train's roof,48,0.53125,0.9066620692610741
15,absolute,114,train's coach,183,0.35382513661202186,0.7224378794268832
15,absolute,115,tvmonitor's screen,289,0.41911764705882354,0.7129286856593557
15,relative,0,aeroplane's body,462,0.31118583798537525,0.782692424694955
15,relative,1,aeroplane's stern,414,0.013630089732471871,0.4417875644521437
15,relative,2,aeroplane's wing,409,0.007029339853300734,0.47536044369262703
15,relative,3,aeroplane's tail,1,0.125,0.832436203956604
15,relative,4,aeroplane's engine,300,0.08628968268632889,0.5224243445197742
15,relative,5,aeroplane's wheel,226,0.27206595050813875,0.8990052372744654
15,relative,6,bicycle's wheel,306,0.8130174292361035,0.8424355000062705
15,relative,7,bicycle's saddle,205,0.00975609756097561,0.21848668005408312
15,relative,8,bicycle's handlebar,263,0.41730038022813687,0.9368059952449436
15,relative,9,bicycle's chainwheel,217,0.3339477730786196,0.8811978092116695
15,relative,10,bicycle's headlight,1,1.0,0.981447696685791
15,relative,11,bird's wing,250,0.3124666671156883,0.6715875662304461
15,relative,12,bird's tail,403,0.4325062037993306,0.9104706381006217
15,relative,13,bird's head,535,0.6328549181468018,0.9192165065313054
15,relative,14,bird's eye,218,0.20640563629909392,0.3325066735814197
15,relative,15,bird's beak,431,0.3092144528218046,0.9088505004508866
15,relative,16,bird's torso,575,0.5377598345279694,0.8374073285123577
15,relative,17,bird's neck,284,0.3684984915168353,0.8793983537913628
15,relative,18,bird's leg,285,0.2620217210890954,0.8610558634264427
15,relative,19,bird's foot,199,0.13841230051601353,0.7650458213671967
15,relative,20,bottle's body,432,0.6072530864427487,0.8205077701282723
15,relative,21,bottle's cap,326,0.369631901931909,0.7978958228111632
15,relative,22,bus's wheel,233,0.6116339670486205,0.9274509483908379
15,relative,23,bus's headlight,155,0.09078341030305431,0.6002903059605629
15,relative,24,bus's front,183,0.23292349726775957,0.762888588540541
15,relative,25,bus's side,245,0.18928571428571428,0.7035003201085694
15,relative,26,bus's back,53,0.455188679245283,0.7636409009683807
15,relative,27,bus's roof,20,0.24375,0.5415794223546981
15,relative,28,bus's mirror,117,0.005698005867819501,0.3420804702063911
15,relative,29,bus's license plate,4,0.21875,0.6741792112588882
15,relative,30,bus's door,104,0.4422504590967527,0.6876510986341879
15,relative,31,bus's window,261,0.8026819923371648,0.7996677507385896
15,relative,32,car's wheel,515,0.7280605643408969,0.8759262656919586
15,relative,33,car's headlight,289,0.49564178648910723,0.8374035430872316
15,relative,34,car's front,365,0.49437377701883445,0.7331336310465042
15,relative,35,car's side,515,0.24132686092436892,0.6353775535393688
15,relative,36,car's back,195,0.5567948718101551,0.8446496857282443
15,relative,37,car's roof,132,0.2827831892804666,0.7249359891495921
15,relative,38,car's mirror,279,0.14472606398939658,0.501886410094584
15,relative,39,car's license plate,8,0.16041666828095913,0.7742063105106354
15,relative,40,car's door,258,0.5982881139877231,0.8063746580435324
15,relative,41,car's window,548,0.7264316132305747,0.8475774617145097
15,relative,42,cat's tail,332,0.5254769077502102,0.8769457703792906
15,relative,43,cat's head,890,0.7649959873952222,0.8364412604883481
15,relative,44,cat's eye,645,0.47355850978877195,0.9340766213834286
15,relative,45,cat's torso,871,0.7627726750861079,0.804359404333834
15,relative,46,cat's neck,601,0.4304433089623634,0.8151077792271599
15,relative,47,cat's leg,670,0.5796393035507914,0.8455517681899355
15,relative,48,cat's nose,589,0.1316436253399517,0.8722172338003213
15,relative,49,cat's paw,570,0.6481787810200139,0.9272266573811833
15,relative,50,cat's ear,848,0.4802616803362122,0.8771139648303671
15,relative,51,cow's tail,49,0.2687074830945657,0.8428944960540655
15,relative,52,cow's head,180,0.5832341277764903,0.9082595188584592
15,relative,53,cow's eye,60,0.2895833340783914,0.8075081845124562
15,relative,54,cow's torso,187,0.6798128342245989,0.8269555171065152
15,relative,55,cow's neck,81,0.25977366261276197,0.80043293075797
15,relative,56,cow's leg,142,0.4251760563380282,0.8455351794689474
15,relative,57,cow's ear,138,0.2528899250471074,0.7851696430125098
15,relative,58,cow's muzzle,161,0.6430346062464743,0.8659814677623489
15,relative,59,cow's horn,53,0.0023584905660377358,0.21833291352849524
15,relative,60,dog's tail,367,0.37846113936290426,0.7913605345245603
15,relative,61,dog's head,1010,0.6920874590773394,0.837910137296018
15,relative,62,dog's eye,641,0.36620979148214583,0.9242129338884875
15,relative,63,dog's torso,981,0.7017984565093004,0.7857142381453611
15,relative,64,dog's neck,454,0.5262901197117856,0.8369205543024687
15,relative,65,dog's leg,810,0.6013374485719352,0.8289949494379538
15,relative,66,dog's nose,815,0.00614227290533803,0.5682555796909917
15,relative,67,dog's paw,629,0.518597169265459,0.868696253113034
15,relative,68,dog's ear,899,0.5555259814947943,0.8721913084039699
15,relative,69,dog's muzzle,939,0.5286652477372823,0.800218514011056
15,relative,70,horse's tail,147,0.5078231293936165,0.9018447932844259
15,relative,71,horse's head,282,0.6084726444372894,0.906153956309278
15,relative,72,horse's eye,104,0.23483287600370553,0.7329660378969632
15,relative,73,horse's torso,293,0.7226962457337884,0.8312651505852722
15,relative,74,horse's neck,233,0.3406652360515021,0.749204911323576
15,relative,75,horse's leg,265,0.4202515724132646,0.7808960566402606
15,relative,76,horse's ear,223,0.27388426334066773,0.873554739950751
15,relative,77,horse's muzzle,256,0.6142950165667571,0.8792266341042705
15,relative,78,horse's hoof,127,0.019685039604742695,0.30139074389507453
15,relative,79,motorbike's wheel,244,0.7802254098360656,0.8545066838870283
15,relative,80,motorbike's saddle,8,0.03125,0.5163139775395393
15,relative,81,motorbike's handlebar,11,0.125,0.7229519757357511
15,relative,82,motorbike's headlight,113,0.1747787610619469,0.8352878982514407
15,relative,83,person's head,1334,0.297509281721519,0.6006248392026126
15,relative,84,person's eye,585,0.18516687154769898,0.5347486727488919
15,relative,85,person's torso,1273,0.26358807532925915,0.5374502399810118
15,relative,86,person's neck,757,0.16414260608359404,0.4675115886349797
15,relative,87,person's leg,486,0.11664952018869267,0.4310971139690651
15,relative,88,person's foot,135,0.06074955938039003,0.35476085113844386
15,relative,89,person's nose,907,0.1478946825700926,0.6047151696651583
15,relative,90,person's ear,688,0.06975532964218495,0.2524136394569596
15,relative,91,person's eyebrow,432,0.06090994289627782,0.6087626838351652
15,relative,92,person's mouth,712,0.10820124425998565,0.5947966812364234
15,relative,93,person's hair,1082,0.271808160362204,0.602455757454196
15,relative,94,person's lower arm,753,0.041303041961246914,0.3390866410510385
15,relative,95,person's upper arm,1043,0.030885038659876626,0.2661089737781735
15,relative,96,person's hand,669,0.0766798352268601,0.3438129196895679
15,relative,97,pottedplant's pot,181,0.6280386740990107,0.8250219110625884
15,relative,98,pottedplant's plant,203,0.5106732349090388,0.7440715779738473
15,relative,99,sheep's tail,56,0.17410714285714285,0.7541804727432984
15,relative,100,sheep's head,217,0.4923140233562839,0.8890446572122486
15,relative,101,sheep's eye,63,0.25874905572051093,0.7587537421357065
15,relative,102,sheep's torso,236,0.5942796610169492,0.8261965269506988
15,relative,103,sheep's neck,155,0.3185483870967742,0.7999658198125901
15,relative,104,sheep's leg,53,0.3898247980846549,0.8308412606986064
15,relative,105,sheep's ear,174,0.2318691854504333,0.7352278305795686
15,relative,106,sheep's muzzle,177,0.5719195616952444,0.8709104759145087
15,relative,107,sheep's horn,22,0.0,0.18341429277577184
15,relative,108,train's headlight,16,0.10267857182770967,0.6513107921928167
15,relative,109,train's head,209,0.06253132844370518,0.5143801312198479
15,relative,110,train's front,203,0.48419540239672354,0.7699307505353331
15,relative,111,train's side,246,0.04217479674796748,0.4404114332746684
15,relative,112,train's back,24,0.4427083333333333,0.7510436289012432
15,relative,113,train's roof,48,0.015625,0.2614016152607898
15,relative,114,train's coach,183,0.35601092899431946,0.7465640299958609
15,relative,115,tvmonitor's screen,289,0.38451557093425603,0.7030348566370439
16,absolute,0,aeroplane's body,462,0.022997835497835496,0.5272381016379827
16,absolute,1,aeroplane's stern,414,0.40942028985507245,0.8488647770046612
16,absolute,2,aeroplane's wing,409,0.03728606356968215,0.5739538116530859
16,absolute,3,aeroplane's tail,1,0.125,0.9104771018028259
16,absolute,4,aeroplane's engine,300,0.00375,0.4502513773739338
16,absolute,5,aeroplane's wheel,226,0.0,0.2708478274598586
16,absolute,6,bicycle's wheel,306,0.023284313725490197,0.49990491062597514
16,absolute,7,bicycle's saddle,205,0.06097560975609756,0.7066985570802922
16,absolute,8,bicycle's handlebar,263,0.4234790874524715,0.9415181505816065
16,absolute,9,bicycle's chainwheel,217,0.001152073732718894,0.42691421392051854
16,absolute,10,bicycle's headlight,1,0.0,0.4942828416824341
16,absolute,11,bird's wing,250,0.024,0.4371231218576431
16,absolute,12,bird's tail,403,0.0015508684863523574,0.3229733410363014
16,absolute,13,bird's head,535,0.2759345794392523,0.7717974086300792
16,absolute,14,bird's eye,218,0.007454128440366973,0.5219872015605279
16,absolute,15,bird's beak,431,0.3361368909512761,0.9419888030486981
16,absolute,16,bird's torso,575,0.028695652173913042,0.4944848113733789
16,absolute,17,bird's neck,284,0.018045774647887324,0.5997622218507697
16,absolute,18,bird's leg,285,0.013596491228070176,0.4295535247838288
16,absolute,19,bird's foot,199,0.04271356783919598,0.4564439413984816
16,absolute,20,bottle's body,432,0.49872685185875054,0.692772605870333
16,absolute,21,bottle's cap,326,0.401840490797546,0.8871105223711283
16,absolute,22,bus's wheel,233,0.000536480686695279,0.45775388219581653
16,absolute,23,bus's headlight,155,0.0,0.4479124758512743
16,absolute,24,bus's front,183,0.0389344262295082,0.6251987178143257
16,absolute,25,bus's side,245,0.2836734693877551,0.7841209702345789
16,absolute,26,bus's back,53,0.04481132075471698,0.6615227241561098
16,absolute,27,bus's roof,20,0.025,0.6312450528144836
16,absolute,28,bus's mirror,117,0.0,0.6034391993640834
16,absolute,29,bus's license plate,4,0.0,0.3375268504023552
16,absolute,30,bus's door,104,0.12379807692307693,0.7039565034210682
16,absolute,31,bus's window,261,0.8414750957854407,0.9003227179534591
16,absolute,32,car's wheel,515,0.002912621359223301,0.3561929328927716
16,absolute,33,car's headlight,289,0.0025951557093425604,0.3275792721310908
16,absolute,34,car's front,365,0.1428082191780822,0.56455346349984
16,absolute,35,car's side,515,0.07766990291262135,0.5502742693262193
16,absolute,36,car's back,195,0.1282051282051282,0.6171180097338481
16,absolute,37,car's roof,132,0.08238636363636363,0.7056681890830849
16,absolute,38,car's mirror,279,0.004480286738351254,0.4896397354568632
16,absolute,39,car's license plate,8,0.0,0.2578859440982342
16,absolute,40,car's door,258,0.09205426356589147,0.557697287825651
16,absolute,41,car's window,548,0.7538777372262774,0.895093634724617
16,absolute,42,cat's tail,332,0.0037650602409638554,0.3923394288643297
16,absolute,43,cat's head,890,0.8773876404494382,0.857941611186507
16,absolute,44,cat's eye,645,0.06027131782945736,0.7398731322713601
16,absolute,45,cat's torso,871,0.0038748564867967855,0.5051394619441129
16,absolute,46,cat's neck,601,0.0008319467554076539,0.507920687562614
16,absolute,47,cat's leg,670,0.3819029850746269,0.7753609255845867
16,absolute,48,cat's nose,589,0.00466893039049236,0.5980041855361142
16,absolute,49,cat's paw,570,0.5142543859649122,0.8549178487376163
16,absolute,50,cat's ear,848,0.031987028301886794,0.5651711939992208
16,absolute,51,cow's tail,49,0.0,0.41256390785684394
16,absolute,52,cow's head,180,0.5888888888888889,0.90515643796987
16,absolute,53,cow's eye,60,0.03958333333333333,0.7203274741768837
16,absolute,54,cow's torso,187,0.0213903743315508,0.6303837079415346
16,absolute,55,cow's neck,81,0.006172839506172839,0.6931530075308717
16,absolute,56,cow's leg,142,0.007922535211267605,0.4034749470965963
16,absolute,57,cow's ear,138,0.018115942028985508,0.6771730549525523
16,absolute,58,cow's muzzle,161,0.13664596273291926,0.7883556975711207
16,absolute,59,cow's horn,53,0.0047169811320754715,0.5948454872617182
16,absolute,60,dog's tail,367,0.0,0.31935897059434115
16,absolute,61,dog's head,1010,0.7923267326732674,0.8013028642918804
16,absolute,62,dog's eye,641,0.09223868954758191,0.7734202591007846
16,absolute,63,dog's torso,981,0.007262996941896025,0.40954901468650523
16,absolute,64,dog's neck,454,0.0005506607929515419,0.4162673567409426
16,absolute,65,dog's leg,810,0.32098765432098764,0.7175388969297026
16,absolute,66,dog's nose,815,0.001993865030674847,0.44333300080401766
16,absolute,67,dog's paw,629,0.6246025437201908,0.9120033680681963
16,absolute,68,dog's ear,899,0.013904338153503892,0.43906687302836056
16,absolute,69,dog's muzzle,939,0.0641640042598509,0.6125608545840104
16,absolute,70,horse's tail,147,0.002551020408163265,0.32093973275350063
16,absolute,71,horse's head,282,0.56427304964539,0.888182836855557
16,absolute,72,horse's eye,104,0.04567307692307692,0.7541790616053802
16,absolute,73,horse's torso,293,0.04010238907849829,0.5454207004235466
16,absolute,74,horse's neck,233,0.02092274678111588,0.664131964736742
16,absolute,75,horse's leg,265,0.008490566037735849,0.3786147085563192
16,absolute,76,horse's ear,223,0.010650224215246636,0.6156413179609274
16,absolute,77,horse's muzzle,256,0.15576171875,0.7886480272281915
16,absolute,78,horse's hoof,127,0.001968503937007874,0.28511374760565794
16,absolute,79,motorbike's wheel,244,0.0,0.426893842879866
16,absolute,80,motorbike's saddle,8,0.0,0.46010223403573036
16,absolute,81,motorbike's handlebar,11,0.45454545454545453,0.9442997845736417
16,absolute,82,motorbike's headlight,113,0.035398230088495575,0.7883555614842778
16,absolute,83,person's head,1334,0.4060559006354798,0.6724475947902656
16,absolute,84,person's eye,585,0.05238095239186898,0.6113580101782567
16,absolute,85,person's torso,1273,0.029472000902783468,0.3668881882836593
16,absolute,86,person's neck,757,0.008421400264200792,0.4824956020382153
16,absolute,87,person's leg,486,0.034722222222222224,0.34853920393140503
16,absolute,88,person's foot,135,0.05277777777777778,0.34944695874496745
16,absolute,89,person's nose,907,0.07249173098125689,0.6113060893872886
16,absolute,90,person's ear,688,0.006722383720930232,0.45079372120414707
16,absolute,91,person's eyebrow,432,0.07291666666666667,0.6837998531970058
16,absolute,92,person's mouth,712,0.019838483146067416,0.5046388952537659
16,absolute,93,person's hair,1082,0.21702865064970447,0.6386081629851058
16,absolute,94,person's lower arm,753,0.00846613545816733,0.3330827888069182
16,absolute,95,person's upper arm,1043,0.007790028763183125,0.3615994399702775
16,absolute,96,person's hand,669,0.02914798206278027,0.3269999917451799
16,absolute,97,pottedplant's pot,181,0.5338397790055248,0.8136127452823997
16,absolute,98,pottedplant's plant,203,0.27456016897274355,0.5562780271903635
16,absolute,99,sheep's tail,56,0.0,0.3928572005991425
16,absolute,100,sheep's head,217,0.5241935483870968,0.9027992124381703
16,absolute,101,sheep's eye,63,0.031746031746031744,0.6904664436976115
16,absolute,102,sheep's torso,236,0.025423728813559324,0.6275318362197634
16,absolute,103,sheep's neck,155,0.012903225806451613,0.6946283555799915
16,absolute,104,sheep's leg,53,0.01650943396226415,0.45835074894833117
16,absolute,105,sheep's ear,174,0.00646551724137931,0.659204959698107
16,absolute,106,sheep's muzzle,177,0.08192090395480225,0.7507033996326101
16,absolute,107,sheep's horn,22,0.022727272727272728,0.6667999191717668
16,absolute,108,train's headlight,16,0.03125,0.5442139394581318
16,absolute,109,train's head,209,0.09808612440191387,0.7023493060797595
16,absolute,110,train's front,203,0.09729064039408868,0.6360969209465487
16,absolute,111,train's side,246,0.27540650406504064,0.7424996959242395
16,absolute,112,train's back,24,0.09375,0.64947892477115
16,absolute,113,train's roof,48,0.53125,0.9071684690813223
16,absolute,114,train's coach,183,0.35450819672131145,0.7228895176629551
16,absolute,115,tvmonitor's screen,289,0.4134948096885813,0.7113896485637216
16,relative,0,aeroplane's body,462,0.31280921460875183,0.783157487549049
16,relative,1,aeroplane's stern,414,0.013328157365322113,0.44380265028004484
16,relative,2,aeroplane's wing,409,0.006723716381418093,0.4729040191488336
16,relative,3,aeroplane's tail,1,0.125,0.832436203956604
16,relative,4,aeroplane's engine,300,0.08222619061668714,0.5183230042954285
16,relative,5,aeroplane's wheel,226,0.27268752660107826,0.8994749121170128
16,relative,6,bicycle's wheel,306,0.8119281045849027,0.8423693855993108
16,relative,7,bicycle's saddle,205,0.009146341463414634,0.21667009588421846
16,relative,8,bicycle's handlebar,263,0.41825095057034223,0.9371480003509232
16,relative,9,bicycle's chainwheel,217,0.3438336628785331,0.8867100797215914
16,relative,10,bicycle's headlight,1,1.0,0.981447696685791
16,relative,11,bird's wing,250,0.31011904817819597,0.668918231818825
16,relative,12,bird's tail,403,0.437460120942989,0.9112330692133892
16,relative,13,bird's head,535,0.6300178020078445,0.9176560600505811
16,relative,14,bird's eye,218,0.2058977725992509,0.33215667807215127
16,relative,15,bird's beak,431,0.3095983882929499,0.9100747116065634
16,relative,16,bird's torso,575,0.5377287786162418,0.8380117399277894
16,relative,17,bird's neck,284,0.3710051983280081,0.8806485246971879
16,relative,18,bird's leg,285,0.2598913952969668,0.8603961609957511
16,relative,19,bird's foot,199,0.13977028092547278,0.772094653853819
16,relative,20,bottle's body,432,0.6049382716279339,0.8194491642147854
16,relative,21,bottle's cap,326,0.37650818002918746,0.804185618675011
16,relative,22,bus's wheel,233,0.612706928422011,0.9276799532732738
16,relative,23,bus's headlight,155,0.1032258064516129,0.6213316691498603
16,relative,24,bus's front,183,0.2424863387978142,0.7642926912490136
16,relative,25,bus's side,245,0.19081632653061226,0.7029039769756551
16,relative,26,bus's back,53,0.46226415094339623,0.769999992875558
16,relative,27,bus's roof,20,0.23625000119209288,0.5451821975409985
16,relative,28,bus's mirror,117,0.004273504400864625,0.3402445600328282
16,relative,29,bus's license plate,4,0.19375000149011612,0.6774485558271408
16,relative,30,bus's door,104,0.4484432249401624,0.6909678423633943
16,relative,31,bus's window,261,0.8136973180076629,0.8088484751310385
16,relative,32,car's wheel,515,0.7282108186228762,0.8765515001581132
16,relative,33,car's headlight,289,0.5055363323655508,0.846555697489981
16,relative,34,car's front,365,0.4975212003678492,0.7327260751838554
16,relative,35,car's side,515,0.23938511335155338,0.6340024727351458
16,relative,36,car's back,195,0.5612820512973345,0.8478208440236557
16,relative,37,car's roof,132,0.2892316019896305,0.7300185869363222
16,relative,38,car's mirror,279,0.1500298701306825,0.5145500640027679
16,relative,39,car's license plate,8,0.16041666828095913,0.77028688788414
16,relative,40,car's door,258,0.6083471762926079,0.8120589379307835
16,relative,41,car's window,548,0.731043622278384,0.8504832812523755
16,relative,42,cat's tail,332,0.5268574297787195,0.8781205197594252
16,relative,43,cat's head,890,0.772632424014338,0.838110829550731
16,relative,44,cat's eye,645,0.4740623857623847,0.9344672586277936
16,relative,45,cat's torso,871,0.7632988901759672,0.8037622866790686
16,relative,46,cat's neck,601,0.43382061663364213,0.8171046383170637
16,relative,47,cat's leg,670,0.5875870647492694,0.8492444581282672
16,relative,48,cat's nose,589,0.13100695301397547,0.8713304359965495
16,relative,49,cat's paw,570,0.6490392657748439,0.9269685522506111
16,relative,50,cat's ear,848,0.48878313138870133,0.8797022074039252
16,relative,51,cow's tail,49,0.2707725948825174,0.847188722418279
16,relative,52,cow's head,180,0.5917526462011867,0.9105438762240939
16,relative,53,cow's eye,60,0.2916666674117247,0.8073326528072358
16,relative,54,cow's torso,187,0.6824866310160428,0.8281551364829196
16,relative,55,cow's neck,81,0.2646237508750256,0.8026616308424208
16,relative,56,cow's leg,142,0.42869718309859156,0.8452278052417326
16,relative,57,cow's ear,138,0.25651311345290445,0.7953460786653601
16,relative,58,cow's muzzle,161,0.6430346062464743,0.8652805630464732
16,relative,59,cow's horn,53,0.0023584905660377358,0.21635900309555373
16,relative,60,dog's tail,367,0.37880173881794516,0.7946593123779959
16,relative,61,dog's head,1010,0.7018694015275134,0.8390315090223114
16,relative,62,dog's eye,641,0.36514189162882926,0.924582455533901
16,relative,63,dog's torso,981,0.7027389448170268,0.7852737930556807
16,relative,64,dog's neck,454,0.529410530882785,0.8373213434993958
16,relative,65,dog's leg,810,0.6070987654320987,0.8299439338806235
16,relative,66,dog's nose,815,0.006234297448872057,0.5699461141612632
16,relative,67,dog's paw,629,0.5201832090633283,0.8695532388641648
16,relative,68,dog's ear,899,0.5611684942437757,0.8735802465173373
16,relative,69,dog's muzzle,939,0.534522542779565,0.802163215522695
16,relative,70,horse's tail,147,0.5052721089854533,0.902811070283254
16,relative,71,horse's head,282,0.61273640668984,0.906403937766738
16,relative,72,horse's eye,104,0.2354052204352159,0.7405005771523485
16,relative,73,horse's torso,293,0.7218430034129693,0.8315320381125493
16,relative,74,horse's neck,233,0.3515736767662441,0.755360897838302
16,relative,75,horse's leg,265,0.43110062901703816,0.7821377112899186
16,relative,76,horse's ear,223,0.27637732336339393,0.875199212855555
16,relative,77,horse's muzzle,256,0.6134672635234892,0.8790792091167532
16,relative,78,horse's hoof,127,0.019685039604742695,0.31365450125510297
16,relative,79,motorbike's wheel,244,0.7797131147540983,0.8541225678608065
16,relative,80,motorbike's saddle,8,0.03125,0.5048215091228485
16,relative,81,motorbike's handlebar,11,0.13636363636363635,0.7298330935564908
16,relative,82,motorbike's headlight,113,0.18694690265486727,0.8402984849119608
16,relative,83,person's head,1334,0.3019454564781918,0.6014978671228273
16,relative,84,person's eye,585,0.1853601967677092,0.5345806441381256
16,relative,85,person's torso,1273,0.2638545998628928,0.5377271689636631
16,relative,86,person's neck,757,0.1680725929444186,0.4725171662774798
16,relative,87,person's leg,486,0.11426611827234182,0.4321999377714769
16,relative,88,person's foot,135,0.06061728420080962,0.35404965000710004
16,relative,89,person's nose,907,0.14781724256612236,0.6074371135220149
16,relative,90,person's ear,688,0.0740517720710053,0.25594000030595937
16,relative,91,person's eyebrow,432,0.06195160956984317,0.6098757459818713
16,relative,92,person's mouth,712,0.10712613726264975,0.5948733367598773
16,relative,93,person's hair,1082,0.27400977106665064,0.6064217457136349
16,relative,94,person's lower arm,753,0.04027540645355564,0.33962669757789726
16,relative,95,person's upper arm,1043,0.029624937336145404,0.2627310634354953
16,relative,96,person's hand,669,0.0762171688279407,0.3443822930796665
16,relative,97,pottedplant's pot,181,0.6294198895686239,0.8248178557137757
16,relative,98,pottedplant's plant,203,0.5106732349090388,0.7448072619552683
16,relative,99,sheep's tail,56,0.17410714285714285,0.7611442584810513
16,relative,100,sheep's head,217,0.5022438017454015,0.8893109541472202
16,relative,101,sheep's eye,63,0.25912698464734213,0.7592148550209545
16,relative,102,sheep's torso,236,0.5953389830508474,0.8273770826852928
16,relative,103,sheep's neck,155,0.3225806451612903,0.8036311057306105
16,relative,104,sheep's leg,53,0.3883647800616498,0.8329378256820282
16,relative,105,sheep's ear,174,0.23566639371987047,0.7406411374779953
16,relative,106,sheep's muzzle,177,0.5759954291716808,0.8728604092036432
16,relative,107,sheep's horn,22,0.0,0.1817056853324175
16,relative,108,train's headlight,16,0.1015625,0.6571435108780861
16,relative,109,train's head,209,0.06244588753823458,0.5203670932773198
16,relative,110,train's front,203,0.4823891626203001,0.7725380747923123
16,relative,111,train's side,246,0.041158536585365856,0.44049177427844305
16,relative,112,train's back,24,0.4427083333333333,0.7452082311113676
16,relative,113,train's roof,48,0.015625,0.262211290653795
16,relative,114,train's coach,183,0.3553278688850299,0.7477520258048844
16,relative,115,tvmonitor's screen,289,0.3771626297577855,0.7018593210456281
17,absolute,0,aeroplane's body,462,0.022727272727272728,0.5266329705134615
17,absolute,1,aeroplane's stern,414,0.4076086956521739,0.8479661350520913
17,absolute,2,aeroplane's wing,409,0.03698044009779951,0.57380132103899
17,absolute,3,aeroplane's tail,1,0.125,0.9104771018028259
17,absolute,4,aeroplane's engine,300,0.00375,0.4498199425637722
17,absolute,5,aeroplane's wheel,226,0.0,0.27063126756554157
17,absolute,6,bicycle's wheel,306,0.02369281045751634,0.498838924017607
17,absolute,7,bicycle's saddle,205,0.06219512195121951,0.7069467147675956
17,absolute,8,bicycle's handlebar,263,0.42538022813688214,0.9414918445362338
17,absolute,9,bicycle's chainwheel,217,0.001152073732718894,0.4262905338530167
17,absolute,10,bicycle's headlight,1,0.0,0.4942828416824341
17,absolute,11,bird's wing,250,0.024,0.43716662979125975
17,absolute,12,bird's tail,403,0.0015508684863523574,0.32304603699825835
17,absolute,13,bird's head,535,0.2759345794392523,0.7716206524555929
17,absolute,14,bird's eye,218,0.007454128440366973,0.5215924487474861
17,absolute,15,bird's beak,431,0.3361368909512761,0.9420056505573875
17,absolute,16,bird's torso,575,0.028695652173913042,0.49426206904908887
17,absolute,17,bird's neck,284,0.018045774647887324,0.5997980869519459
17,absolute,18,bird's leg,285,0.013157894736842105,0.4286578920065311
17,absolute,19,bird's foot,199,0.0414572864321608,0.4541499282247457
17,absolute,20,bottle's body,432,0.488020833340232,0.6895354271142019
17,absolute,21,bottle's cap,326,0.4041411042944785,0.8886550390647233
17,absolute,22,bus's wheel,233,0.000536480686695279,0.4590921017617115
17,absolute,23,bus's headlight,155,0.0,0.44760251708569065
17,absolute,24,bus's front,183,0.03756830601092896,0.6215710742551772
17,absolute,25,bus's side,245,0.2923469387755102,0.7857929878088893
17,absolute,26,bus's back,53,0.049528301886792456,0.6594728900576537
17,absolute,27,bus's roof,20,0.03125,0.6343653798103333
17,absolute,28,bus's mirror,117,0.0,0.6027899983092251
17,absolute,29,bus's license plate,4,0.0,0.337526835501194
17,absolute,30,bus's door,104,0.12139423076923077,0.7027826154461274
17,absolute,31,bus's window,261,0.8438697318007663,0.9002033406975626
17,absolute,32,car's wheel,515,0.002912621359223301,0.3567632125274649
17,absolute,33,car's headlight,289,0.0025951557093425604,0.3275010535383926
17,absolute,34,car's front,365,0.14315068493150684,0.565014732006478
17,absolute,35,car's side,515,0.0779126213592233,0.5510896186950137
17,absolute,36,car's back,195,0.13012820512820514,0.6178206572165856
17,absolute,37,car's roof,132,0.08428030303030302,0.7067294633298209
17,absolute,38,car's mirror,279,0.004480286738351254,0.4891599675767311
17,absolute,39,car's license plate,8,0.0,0.257885942235589
17,absolute,40,car's door,258,0.09253875968992248,0.5590726365299188
17,absolute,41,car's window,548,0.7543339416058394,0.8948183440378983
17,absolute,42,cat's tail,332,0.00338855421686747,0.39086644957403105
17,absolute,43,cat's head,890,0.8765449438202247,0.8581733876860209
17,absolute,44,cat's eye,645,0.06279069767441861,0.7449417270893275
17,absolute,45,cat's torso,871,0.00473593570608496,0.49530001517372413
17,absolute,46,cat's neck,601,0.0008319467554076539,0.510052081972311
17,absolute,47,cat's leg,670,0.37593283582089554,0.7722756323529714
17,absolute,48,cat's nose,589,0.004456706281833617,0.5974781789480121
17,absolute,49,cat's paw,570,0.5210526315789473,0.8555536978600318
17,absolute,50,cat's ear,848,0.03316627358490566,0.5675697159373535
17,absolute,51,cow's tail,49,0.0,0.4125417592574139
17,absolute,52,cow's head,180,0.5881944444444445,0.9048231516447333
17,absolute,53,cow's eye,60,0.04375,0.7261306991179785
17,absolute,54,cow's torso,187,0.02072192513368984,0.6293186005105309
17,absolute,55,cow's neck,81,0.006172839506172839,0.6932343435876164
17,absolute,56,cow's leg,142,0.007922535211267605,0.4027560890560419
17,absolute,57,cow's ear,138,0.017210144927536232,0.6763505667879961
17,absolute,58,cow's muzzle,161,0.13664596273291926,0.7882081297984035
17,absolute,59,cow's horn,53,0.0047169811320754715,0.5953025851609572
17,absolute,60,dog's tail,367,0.0,0.3193361250028948
17,absolute,61,dog's head,1010,0.7926980198019802,0.8016841879132951
17,absolute,62,dog's eye,641,0.093603744149766,0.776351692756513
17,absolute,63,dog's torso,981,0.006498470948012232,0.4188182214911074
17,absolute,64,dog's neck,454,0.0005506607929515419,0.41724090321637725
17,absolute,65,dog's leg,810,0.31851851851851853,0.7157408488017541
17,absolute,66,dog's nose,815,0.001993865030674847,0.4431470781747549
17,absolute,67,dog's paw,629,0.6293720190779014,0.9133072222075136
17,absolute,68,dog's ear,899,0.014043381535038932,0.43966423072857375
17,absolute,69,dog's muzzle,939,0.06216719914802982,0.6113964589957358
17,absolute,70,horse's tail,147,0.002551020408163265,0.32077742413598664
17,absolute,71,horse's head,282,0.563386524822695,0.8881184670096594
17,absolute,72,horse's eye,104,0.04807692307692308,0.7597539083888898
17,absolute,73,horse's torso,293,0.03924914675767918,0.5447756732995193
17,absolute,74,horse's neck,233,0.02092274678111588,0.6646134444060755
17,absolute,75,horse's leg,265,0.008490566037735849,0.37822607688184057
17,absolute,76,horse's ear,223,0.010650224215246636,0.6157981923075535
17,absolute,77,horse's muzzle,256,0.15576171875,0.7881223515141755
17,absolute,78,horse's hoof,127,0.001968503937007874,0.28478237558302916
17,absolute,79,motorbike's wheel,244,0.0,0.4259149168969178
17,absolute,80,motorbike's saddle,8,0.0,0.46010223403573036
17,absolute,81,motorbike's handlebar,11,0.45454545454545453,0.944644646211104
17,absolute,82,motorbike's headlight,113,0.033185840707964605,0.7881399875721046
17,absolute,83,person's head,1334,0.4063370100807572,0.6724243809705016
17,absolute,84,person's eye,585,0.05366300367392027,0.6126803131901428
17,absolute,85,person's torso,1273,0.0290792279255643,0.36583554936910906
17,absolute,86,person's neck,757,0.008421400264200792,0.4824862163612321
17,absolute,87,person's leg,486,0.03369341563786008,0.3478692764485324
17,absolute,88,person's foot,135,0.05277777777777778,0.34988328637900173
17,absolute,89,person's nose,907,0.0733186328555678,0.6119597196535853
17,absolute,90,person's ear,688,0.007085755813953488,0.4508544619893655
17,absolute,91,person's eyebrow,432,0.07291666666666667,0.683624691470026
17,absolute,92,person's mouth,712,0.020014044943820225,0.5054353143512323
17,absolute,93,person's hair,1082,0.21795286506744938,0.6385997128285564
17,absolute,94,person's lower arm,753,0.007802124833997344,0.33103738603359
17,absolute,95,person's upper arm,1043,0.007909875359539789,0.35994077926391804
17,absolute,96,person's hand,669,0.028026905829596414,0.32486798431340086
17,absolute,97,pottedplant's pot,181,0.5366022099447514,0.8136805712518113
17,absolute,98,pottedplant's plant,203,0.2727128783323495,0.5547641468752781
17,absolute,99,sheep's tail,56,0.0,0.3926674917872463
17,absolute,100,sheep's head,217,0.5230414746543779,0.9030097283525951
17,absolute,101,sheep's eye,63,0.03373015873015873,0.6951625332945869
17,absolute,102,sheep's torso,236,0.025953389830508475,0.6279373301540391
17,absolute,103,sheep's neck,155,0.012096774193548387,0.6944511465487941
17,absolute,104,sheep's leg,53,0.01650943396226415,0.45819676540932563
17,absolute,105,sheep's ear,174,0.00646551724137931,0.659411796036808
17,absolute,106,sheep's muzzle,177,0.08192090395480225,0.7506748463137675
17,absolute,107,sheep's horn,22,0.022727272727272728,0.6669629487124357
17,absolute,108,train's headlight,16,0.03125,0.5475532785058022
17,absolute,109,train's head,209,0.09808612440191387,0.7027264879793642
17,absolute,110,train's front,203,0.09729064039408868,0.6355076795581527
17,absolute,111,train's side,246,0.2738821138211382,0.7413566726736907
17,absolute,112,train's back,24,0.09375,0.649478922287623
17,absolute,113,train's roof,48,0.53125,0.9069499969482422
17,absolute,114,train's coach,183,0.35450819672131145,0.7230774315654255
17,absolute,115,tvmonitor's screen,289,0.40527681660899656,0.7096621494185966
17,relative,0,aeroplane's body,462,0.3133116883116883,0.7821484283257872
17,relative,1,aeroplane's stern,414,0.013328157365322113,0.4449226255146202
17,relative,2,aeroplane's wing,409,0.007029339853300734,0.47188363845453285
17,relative,3,aeroplane's tail,1,0.125,0.832436203956604
17,relative,4,aeroplane's engine,300,0.0787539684275786,0.5135618000974258
17,relative,5,aeroplane's wheel,226,0.2737937212913437,0.8994057794324065
17,relative,6,bicycle's wheel,306,0.8119281045849027,0.842209706314249
17,relative,7,bicycle's saddle,205,0.009146341463414634,0.21518598916690523
17,relative,8,bicycle's handlebar,263,0.4196768060836502,0.937736091731619
17,relative,9,bicycle's chainwheel,217,0.3488863289081556,0.8910680411872776
17,relative,10,bicycle's headlight,1,1.0,0.9814486503601074
17,relative,11,bird's wing,250,0.2986476193666458,0.6576153888441623
17,relative,12,bird's tail,403,0.43963724482000316,0.9118475487303201
17,relative,13,bird's head,535,0.6267467739704613,0.9160581812958851
17,relative,14,bird's eye,218,0.20945281842979815,0.3349371819816735
17,relative,15,bird's beak,431,0.30920616635866893,0.912580882451927
17,relative,16,bird's torso,575,0.5380082816922146,0.8385218113401661
17,relative,17,bird's neck,284,0.37203219338831767,0.8815226612324026
17,relative,18,bird's leg,285,0.26177109458990266,0.860012961584225
17,relative,19,bird's foot,199,0.14248624159463086,0.7760200668968747
17,relative,20,bottle's body,432,0.6032021605168227,0.8191866461463548
17,relative,21,bottle's cap,326,0.3813394683818876,0.8100792883775352
17,relative,22,bus's wheel,233,0.6132434091087063,0.9279077453418862
17,relative,23,bus's headlight,155,0.1105990783822152,0.6396480210365788
17,relative,24,bus's front,183,0.24795081967213115,0.7653729780449894
17,relative,25,bus's side,245,0.18979591836734694,0.7027078803704709
17,relative,26,bus's back,53,0.4716981132075472,0.7715883016023996
17,relative,27,bus's roof,20,0.23958333432674409,0.5447816096246243
17,relative,28,bus's mirror,117,0.005291005485078208,0.32903497545128196
17,relative,29,bus's license plate,4,0.19375000149011612,0.6774485558271408
17,relative,30,bus's door,104,0.45295329721501243,0.69687305462475
17,relative,31,bus's window,261,0.8184865900383141,0.8124471420985986
17,relative,32,car's wheel,515,0.7292510405038167,0.8770128222272813
17,relative,33,car's headlight,289,0.5133588733763843,0.8552912730195118
17,relative,34,car's front,365,0.49937703862582167,0.7332322905733161
17,relative,35,car's side,515,0.23590614896954842,0.6327237825659873
17,relative,36,car's back,195,0.5683333333486166,0.8503976193758157
17,relative,37,car's roof,132,0.2891414142919309,0.7303946687642372
17,relative,38,car's mirror,279,0.1560291872763719,0.5272551527326946
17,relative,39,car's license plate,8,0.15625000186264515,0.7741759344935417
17,relative,40,car's door,258,0.620039683037488,0.8167585768094359
17,relative,41,car's window,548,0.7375630001082037,0.8530323536400377
17,relative,42,cat's tail,332,0.5290411647902914,0.8793356114751604
17,relative,43,cat's head,890,0.7756554309571727,0.8382622855600347
17,relative,44,cat's eye,645,0.4745219649501549,0.9353210267805776
17,relative,45,cat's torso,871,0.763872942988826,0.8040975100274201
17,relative,46,cat's neck,601,0.43465256331466795,0.8176346481243109
17,relative,47,cat's leg,670,0.5966133618755127,0.8532863090509799
17,relative,48,cat's nose,589,0.1306390978889271,0.8701779878807392
17,relative,49,cat's paw,570,0.6502297420250742,0.9270663338010772
17,relative,50,cat's ear,848,0.495266172701036,0.8819035964332661
17,relative,51,cow's tail,49,0.2738338194939555,0.8533974466275196
17,relative,52,cow's head,180,0.6021362437142266,0.9112522551582919
17,relative,53,cow's eye,60,0.2916666674117247,0.8084191178282102
17,relative,54,cow's torso,187,0.6851604278074866,0.8294745989661804
17,relative,55,cow's neck,81,0.27079659038119847,0.8049825525578157
17,relative,56,cow's leg,142,0.4392605633802817,0.8485920066145104
17,relative,57,cow's ear,138,0.2564441001285677,0.7988236117838086
17,relative,58,cow's muzzle,161,0.6389307905428158,0.8611422732981465
17,relative,59,cow's horn,53,0.0023584905660377358,0.22295102489374155
17,relative,60,dog's tail,367,0.37914233827298605,0.7991626914539844
17,relative,61,dog's head,1010,0.7077923150935975,0.8394526130197072
17,relative,62,dog's eye,641,0.36484102244589145,0.9248347719448405
17,relative,63,dog's torso,981,0.7026394350752311,0.7853199076230252
17,relative,64,dog's neck,454,0.5307321167727399,0.8378555779283793
17,relative,65,dog's leg,810,0.6098765432098765,0.8311162415937877
17,relative,66,dog's nose,815,0.006295647138466864,0.5702655319421569
17,relative,67,dog's paw,629,0.5234555991304318,0.8713549213966618
17,relative,68,dog's ear,899,0.5668070344326891,0.8749378990046307
17,relative,69,dog's muzzle,939,0.5391272387216394,0.8045542307745535
17,relative,70,horse's tail,147,0.5045432460551359,0.9039723668374172
17,relative,71,horse's head,282,0.6094436002961288,0.9062457455599562
17,relative,72,horse's eye,104,0.2304372717268192,0.7461465680971742
17,relative,73,horse's torso,293,0.7218430034129693,0.8320400483982555
17,relative,74,horse's neck,233,0.3662630288897666,0.7609461442979109
17,relative,75,horse's leg,265,0.43034591202465994,0.781532436988826
17,relative,76,horse's ear,223,0.2790198602083018,0.8779693023706765
17,relative,77,horse's muzzle,256,0.614099703845568,0.879243943549227
17,relative,78,horse's hoof,127,0.022637795510254508,0.326384632518207
17,relative,79,motorbike's wheel,244,0.7786885245901639,0.8536487483098859
17,relative,80,motorbike's saddle,8,0.03125,0.5000369399785995
17,relative,81,motorbike's handlebar,11,0.14772727272727273,0.7348375266248529
17,relative,82,motorbike's headlight,113,0.19469026548672566,0.8436343680440852
17,relative,83,person's head,1334,0.30611926245725135,0.6037899505762757
17,relative,84,person's eye,585,0.18798738425104028,0.5386084039918442
17,relative,85,person's torso,1273,0.2646691362546919,0.5397626001792774
17,relative,86,person's neck,757,0.17087186313919536,0.475065720986693
17,relative,87,person's leg,486,0.11542964953576586,0.4349204245408606
17,relative,88,person's foot,135,0.06061728420080962,0.36043182391397377
17,relative,89,person's nose,907,0.15024413400080133,0.6086134598318327
17,relative,90,person's ear,688,0.07480101081607647,0.2591332702262619
17,relative,91,person's eyebrow,432,0.060386353827736994,0.6088932553894766
17,relative,92,person's mouth,712,0.10619816774230324,0.595043878208354
17,relative,93,person's hair,1082,0.2755083187230193,0.6084629183147936
17,relative,94,person's lower arm,753,0.03959558601398392,0.3388619028250742
17,relative,95,person's upper arm,1043,0.027735926660915348,0.25823142314829783
17,relative,96,person's hand,669,0.07663712751883206,0.3453070386138888
17,relative,97,pottedplant's pot,181,0.6294198895686239,0.8246679352133314
17,relative,98,pottedplant's plant,203,0.5106732349090388,0.7456355701599803
17,relative,99,sheep's tail,56,0.17633928571428573,0.7652416999584862
17,relative,100,sheep's head,217,0.5064132113335869,0.8890794392692328
17,relative,101,sheep's eye,63,0.2611111116314691,0.7637425305114852
17,relative,102,sheep's torso,236,0.5963983050847458,0.8295493956844685
17,relative,103,sheep's neck,155,0.32903225806451614,0.80671038973716
17,relative,104,sheep's leg,53,0.3860062894956121,0.8297911896458212
17,relative,105,sheep's ear,174,0.23879310428753667,0.7458451146195675
17,relative,106,sheep's muzzle,177,0.5781611543422365,0.8731509680401975
17,relative,107,sheep's horn,22,0.0,0.18079634569585323
17,relative,108,train's headlight,16,0.10267857182770967,0.659154087305069
17,relative,109,train's head,209,0.06415470500596973,0.5261380392612452
17,relative,110,train's front,203,0.4780377669287433,0.7721395524117747
17,relative,111,train's side,246,0.04014227642276423,0.4404218673584907
17,relative,112,train's back,24,0.4479166666666667,0.746449388563633
17,relative,113,train's roof,48,0.015625,0.26398760157947737
17,relative,114,train's coach,183,0.3553864169316214,0.7492710285173739
17,relative,115,tvmonitor's screen,289,0.37153979238754326,0.7006395072466775
18,absolute,0,aeroplane's body,462,0.022727272727272728,0.526281802588469
18,absolute,1,aeroplane's stern,414,0.40609903381642515,0.8474921397684853
18,absolute,2,aeroplane's wing,409,0.03698044009779951,0.5736882814859703
18,absolute,3,aeroplane's tail,1,0.125,0.9104771018028259
18,absolute,4,aeroplane's engine,300,0.00375,0.4487703649699688
18,absolute,5,aeroplane's wheel,226,0.0,0.27021395032648493
18,absolute,6,bicycle's wheel,306,0.02369281045751634,0.49814989198656645
18,absolute,7,bicycle's saddle,205,0.06219512195121951,0.7072329407784997
18,absolute,8,bicycle's handlebar,263,0.4268060836501901,0.941366768835162
18,absolute,9,bicycle's chainwheel,217,0.001152073732718894,0.4260091107287165
18,absolute,10,bicycle's headlight,1,0.0,0.4942828416824341
18,absolute,11,bird's wing,250,0.023,0.43716335666179656
18,absolute,12,bird's tail,403,0.0015508684863523574,0.32295262361541577
18,absolute,13,bird's head,535,0.275,0.7714092930482926
18,absolute,14,bird's eye,218,0.007454128440366973,0.5216834531464708
18,absolute,15,bird's beak,431,0.3361368909512761,0.9420107053355109
18,absolute,16,bird's torso,575,0.02782608695652174,0.4945193726342657
18,absolute,17,bird's neck,284,0.018045774647887324,0.5997404991058817
18,absolute,18,bird's leg,285,0.012719298245614035,0.4275982031958145
18,absolute,19,bird's foot,199,0.04020100502512563,0.4526084857669907
18,absolute,20,bottle's body,432,0.480208333340232,0.6873746557782093
18,absolute,21,bottle's cap,326,0.40797546012269936,0.8896530897705102
18,absolute,22,bus's wheel,233,0.000536480686695279,0.46006324414019933
18,absolute,23,bus's headlight,155,0.0,0.448452458266289
18,absolute,24,bus's front,183,0.03756830601092896,0.6196038876074911
18,absolute,25,bus's side,245,0.30153061224489797,0.7880287674008584
18,absolute,26,bus's back,53,0.049528301886792456,0.6620884965050895
18,absolute,27,bus's roof,20,0.03125,0.6351391896605492
18,absolute,28,bus's mirror,117,0.0,0.6023020622057792
18,absolute,29,bus's license plate,4,0.0,0.3323782607913017
18,absolute,30,bus's door,104,0.12139423076923077,0.702675692163981
18,absolute,31,bus's window,261,0.8457854406130269,0.8999586104204829
18,absolute,32,car's wheel,515,0.002912621359223301,0.3569479889516692
18,absolute,33,car's headlight,289,0.0025951557093425604,0.32734531149990004
18,absolute,34,car's front,365,0.14417808219178083,0.5657514898336097
18,absolute,35,car's side,515,0.0779126213592233,0.5514826273599874
18,absolute,36,car's back,195,0.13525641025641025,0.6188592618856674
18,absolute,37,car's roof,132,0.08617424242424243,0.7092648884563735
18,absolute,38,car's mirror,279,0.004480286738351254,0.488752820318745
18,absolute,39,car's license plate,8,0.0,0.2578859440982342
18,absolute,40,car's door,258,0.09447674418604651,0.5608654383194539
18,absolute,41,car's window,548,0.7552463503649635,0.8945848591571307
18,absolute,42,cat's tail,332,0.0030120481927710845,0.3908317826059927
18,absolute,43,cat's head,890,0.8757022471910112,0.8586731209974275
18,absolute,44,cat's eye,645,0.06686046511627906,0.7514946853929712
18,absolute,45,cat's torso,871,0.005309988518943743,0.487317838163963
18,absolute,46,cat's neck,601,0.0008319467554076539,0.512652080884194
18,absolute,47,cat's leg,670,0.36082089552238805,0.7662554075246426
18,absolute,48,cat's nose,589,0.004032258064516129,0.5967872758571482
18,absolute,49,cat's paw,570,0.531140350877193,0.8604654789755218
18,absolute,50,cat's ear,848,0.03508254716981132,0.5704720330969343
18,absolute,51,cow's tail,49,0.0,0.4147690078433679
18,absolute,52,cow's head,180,0.5895833333333333,0.9049400615195433
18,absolute,53,cow's eye,60,0.04583333333333333,0.7327668180068334
18,absolute,54,cow's torso,187,0.020053475935828877,0.6297528381972389
18,absolute,55,cow's neck,81,0.006172839506172839,0.694265514244268
18,absolute,56,cow's leg,142,0.007922535211267605,0.4021498274425386
18,absolute,57,cow's ear,138,0.018115942028985508,0.6767369141613228
18,absolute,58,cow's muzzle,161,0.13664596273291926,0.7883936051996598
18,absolute,59,cow's horn,53,0.0047169811320754715,0.5958402437983819
18,absolute,60,dog's tail,367,0.0003405994550408719,0.31984523604611287
18,absolute,61,dog's head,1010,0.7938118811881189,0.8024671272771193
18,absolute,62,dog's eye,641,0.09594383775351015,0.7784579007562349
18,absolute,63,dog's torso,981,0.005733944954128441,0.42707721819146083
18,absolute,64,dog's neck,454,0.0005506607929515419,0.41891922954355043
18,absolute,65,dog's leg,810,0.31419753086419755,0.7136615066064729
18,absolute,66,dog's nose,815,0.001993865030674847,0.44248417465964707
18,absolute,67,dog's paw,629,0.6333465818759937,0.9146287498347141
18,absolute,68,dog's ear,899,0.01432146829810901,0.44070670670012346
18,absolute,69,dog's muzzle,939,0.05990415335463259,0.6097840135788131
18,absolute,70,horse's tail,147,0.002551020408163265,0.32169661797633786
18,absolute,71,horse's head,282,0.5620567375886525,0.8880701969701348
18,absolute,72,horse's eye,104,0.04807692307692308,0.7637388840890847
18,absolute,73,horse's torso,293,0.04052901023890785,0.5450526686455203
18,absolute,74,horse's neck,233,0.02092274678111588,0.6650236062225866
18,absolute,75,horse's leg,265,0.008018867924528302,0.3771255498787142
18,absolute,76,horse's ear,223,0.010650224215246636,0.6159792144202331
18,absolute,77,horse's muzzle,256,0.1552734375,0.7878998208325356
18,absolute,78,horse's hoof,127,0.001968503937007874,0.28484163673843926
18,absolute,79,motorbike's wheel,244,0.0,0.4250291283624094
18,absolute,80,motorbike's saddle,8,0.0,0.46010222658514977
18,absolute,81,motorbike's handlebar,11,0.45454545454545453,0.9446446570483121
18,absolute,82,motorbike's headlight,113,0.033185840707964605,0.7879249957282987
18,absolute,83,person's head,1334,0.4062433069323314,0.6723483336246063
18,absolute,84,person's eye,585,0.05409035410127069,0.6130008173517437
18,absolute,85,person's torso,1273,0.028784648192649927,0.364798872693583
18,absolute,86,person's neck,757,0.008421400264200792,0.48282517942315756
18,absolute,87,person's leg,486,0.03189300411522634,0.34674059141258645
18,absolute,88,person's foot,135,0.05185185185185185,0.3486778364275341
18,absolute,89,person's nose,907,0.07345644983461963,0.6124361563933953
18,absolute,90,person's ear,688,0.007085755813953488,0.4508944163538873
18,absolute,91,person's eyebrow,432,0.07233796296296297,0.683529803902342
18,absolute,92,person's mouth,712,0.020365168539325844,0.5067121632412871
18,absolute,93,person's hair,1082,0.2189926062874124,0.6389360796081767
18,absolute,94,person's lower arm,753,0.0076361221779548474,0.32851214445805843
18,absolute,95,person's upper arm,1043,0.008029721955896452,0.35806413563923806
18,absolute,96,person's hand,669,0.027466367713004484,0.32331216918312916
18,absolute,97,pottedplant's pot,181,0.537292817679558,0.8136809751473738
18,absolute,98,pottedplant's plant,203,0.2708655876919554,0.5531946011805182
18,absolute,99,sheep's tail,56,0.0,0.3927225164536919
18,absolute,100,sheep's head,217,0.5253456221198156,0.9034455761931459
18,absolute,101,sheep's eye,63,0.037698412698412696,0.7016985723896633
18,absolute,102,sheep's torso,236,0.025953389830508475,0.6285117918909606
18,absolute,103,sheep's neck,155,0.012096774193548387,0.6949178138086872
18,absolute,104,sheep's leg,53,0.01650943396226415,0.4579675506870702
18,absolute,105,sheep's ear,174,0.007902298850574713,0.6599356693097915
18,absolute,106,sheep's muzzle,177,0.08192090395480225,0.7505382871897207
18,absolute,107,sheep's horn,22,0.022727272727272728,0.6657537086443468
18,absolute,108,train's headlight,16,0.03125,0.5495752952992916
18,absolute,109,train's head,209,0.09808612440191387,0.7035161343773016
18,absolute,110,train's front,203,0.09482758620689655,0.6348509553618031
18,absolute,111,train's side,246,0.27235772357723576,0.7408145599491228
18,absolute,112,train's back,24,0.08854166666666667,0.6479789242148399
18,absolute,113,train's roof,48,0.53125,0.9065934481720129
18,absolute,114,train's coach,183,0.35450819672131145,0.7230353593174877
18,absolute,115,tvmonitor's screen,289,0.40268166089965396,0.7088433541228615
18,relative,0,aeroplane's body,462,0.30844155844155846,0.7797030134699046
18,relative,1,aeroplane's stern,414,0.014233954466771389,0.44559390335411264
18,relative,2,aeroplane's wing,409,0.006112469437652812,0.4686292227731066
18,relative,3,aeroplane's tail,1,0.125,0.832436203956604
18,relative,4,aeroplane's engine,300,0.07731349224845568,0.5151406299322844
18,relative,5,aeroplane's wheel,226,0.2733459758151949,0.8992832800192115
18,relative,6,bicycle's wheel,306,0.8119281045849027,0.8419960828778011
18,relative,7,bicycle's saddle,205,0.00853658536585366,0.21437822965587058
18,relative,8,bicycle's handlebar,263,0.4206273764258555,0.9381943621562914
18,relative,9,bicycle's chainwheel,217,0.34992319530880395,0.8930403064198208
18,relative,10,bicycle's headlight,1,1.0,0.9814486503601074
18,relative,11,bird's wing,250,0.29405714309215547,0.6541356362141669
18,relative,12,bird's tail,403,0.4444670923072706,0.9146369618754233
18,relative,13,bird's head,535,0.623713841254466,0.9159872060902765
18,relative,14,bird's eye,218,0.20493665426422697,0.3327790398680426
18,relative,15,bird's beak,431,0.3098663144211205,0.9142891115351233
18,relative,16,bird's torso,575,0.5440331264423287,0.841281883638838
18,relative,17,bird's neck,284,0.37629527189362216,0.8835644141416734
18,relative,18,bird's leg,285,0.25913951564253423,0.8587782378782306
18,relative,19,bird's foot,199,0.14848049861102847,0.7831100003803195
18,relative,20,bottle's body,432,0.6026234568131191,0.8184871364522863
18,relative,21,bottle's cap,326,0.3873466257851548,0.8153237117442982
18,relative,22,bus's wheel,233,0.6143163704820969,0.9282693465124384
18,relative,23,bus's headlight,155,0.1291474654789894,0.66720849938931
18,relative,24,bus's front,183,0.25,0.767235068838453
18,relative,25,bus's side,245,0.186734693877551,0.7017970531570669
18,relative,26,bus's back,53,0.47877358490566035,0.7726116590904739
18,relative,27,bus's roof,20,0.23958333432674409,0.5453356333076954
18,relative,28,bus's mirror,117,0.006410256537616762,0.32560454106802106
18,relative,29,bus's license plate,4,0.19375000149011612,0.6774485558271408
18,relative,30,bus's door,104,0.4559409353308953,0.7029004552616522
18,relative,31,bus's window,261,0.8227969348659003,0.815796002003425
18,relative,32,car's wheel,515,0.7297850210400461,0.8776200620222439
18,relative,33,car's headlight,289,0.5188416546294433,0.8637352204755928
18,relative,34,car's front,365,0.49923026765862555,0.7334847736848544
18,relative,35,car's side,515,0.23614886741615035,0.6311528118779358
18,relative,36,car's back,195,0.5721794871947704,0.8514053544172874
18,relative,37,car's roof,132,0.28630050520102185,0.7301829480989412
18,relative,38,car's mirror,279,0.15933606535944034,0.539798214086949
18,relative,39,car's license plate,8,0.15029762126505375,0.7851848676800728
18,relative,40,car's door,258,0.6306063127956649,0.8262107642006504
18,relative,41,car's window,548,0.7391379913926994,0.8537709600407711
18,relative,42,cat's tail,332,0.5294929719473942,0.8816884317132364
18,relative,43,cat's head,890,0.7784376674153831,0.8392463569058461
18,relative,44,cat's eye,645,0.4744296800258548,0.9357386633118455
18,relative,45,cat's torso,871,0.7647340222081142,0.8040178365124353
18,relative,46,cat's neck,601,0.436857222221457,0.8188035369613603
18,relative,47,cat's leg,670,0.6022974414834336,0.8563512238326357
18,relative,48,cat's nose,589,0.13021464967160962,0.8692050198747671
18,relative,49,cat's paw,570,0.6491729332689653,0.9271471070354445
18,relative,50,cat's ear,848,0.49938510802908326,0.883767065715115
18,relative,51,cow's tail,49,0.27502429576552645,0.8580882366822691
18,relative,52,cow's head,180,0.6076917992697821,0.9119148988690641
18,relative,53,cow's eye,60,0.2916666674117247,0.8183029105265935
18,relative,54,cow's torso,187,0.6878342245989305,0.8298815637030066
18,relative,55,cow's neck,81,0.2754262200108281,0.8078134251229557
18,relative,56,cow's leg,142,0.44014084507042256,0.8502086386294432
18,relative,57,cow's ear,138,0.2593857839271642,0.8008629454002865
18,relative,58,cow's muzzle,161,0.6366755412602276,0.8611244141176251
18,relative,59,cow's horn,53,0.0023584905660377358,0.22282365215766542
18,relative,60,dog's tail,367,0.3811859350032313,0.804033253230256
18,relative,61,dog's head,1010,0.7122147574725718,0.8392546113396046
18,relative,62,dog's eye,641,0.36501374366502864,0.9252833066604067
18,relative,63,dog's torso,981,0.7054875977906977,0.78564641892029
18,relative,64,dog's neck,454,0.5333883996380058,0.8387598355961267
18,relative,65,dog's leg,810,0.6140432098765433,0.8315426887185485
18,relative,66,dog's nose,815,0.006018112810111485,0.5711356815750613
18,relative,67,dog's paw,629,0.5244833074853607,0.8722231745103963
18,relative,68,dog's ear,899,0.5725409186821228,0.8765995861657867
18,relative,69,dog's muzzle,939,0.5447690055900997,0.806724840174087
18,relative,70,horse's tail,147,0.508471007655267,0.90582621077291
18,relative,71,horse's head,282,0.6116894631521076,0.9067689707727297
18,relative,72,horse's eye,104,0.2304372717268192,0.7479167532605621
18,relative,73,horse's torso,293,0.7209897610921502,0.8323106580626842
18,relative,74,horse's neck,233,0.3739270386266094,0.7655796799409031
18,relative,75,horse's leg,265,0.4378930818359807,0.78200872668399
18,relative,76,horse's ear,223,0.27963378270378025,0.8786755773184546
18,relative,77,horse's muzzle,256,0.6129557308740914,0.8790816792170517
18,relative,78,horse's hoof,127,0.020669291455914656,0.33272514201876685
18,relative,79,motorbike's wheel,244,0.7786885245901639,0.8531145712391275
18,relative,80,motorbike's saddle,8,0.03125,0.5004588402807713
18,relative,81,motorbike's handlebar,11,0.14772727272727273,0.7398363351821899
18,relative,82,motorbike's headlight,113,0.20243362831858408,0.8471704935078073
18,relative,83,person's head,1334,0.3097995651782542,0.6045089085944866
18,relative,84,person's eye,585,0.18841269966374097,0.5422690661504673
18,relative,85,person's torso,1273,0.2660821837556709,0.5411747209462561
18,relative,86,person's neck,757,0.17487419084639658,0.48108721252892517
18,relative,87,person's leg,486,0.1148785031381458,0.43499430224448904
18,relative,88,person's foot,135,0.06061728420080962,0.3607574310981565
18,relative,89,person's nose,907,0.1508347781943907,0.6083984528067538
18,relative,90,person's ear,688,0.0791009139096321,0.26610683025738097
18,relative,91,person's eyebrow,432,0.060317460585523536,0.610114970905232
18,relative,92,person's mouth,712,0.10513142081961203,0.5957073124002644
18,relative,93,person's hair,1082,0.27549841650202184,0.611348209733078
18,relative,94,person's lower arm,753,0.03877347771073401,0.33962482213788475
18,relative,95,person's upper arm,1043,0.026621923993555036,0.2545016538199977
18,relative,96,person's hand,669,0.07674389672208082,0.3461947941634754
18,relative,97,pottedplant's pot,181,0.6279926336272645,0.8249463564124555
18,relative,98,pottedplant's plant,203,0.5110837439157693,0.7453460314957966
18,relative,99,sheep's tail,56,0.17857142857142858,0.7664508397823998
18,relative,100,sheep's head,217,0.5075652850663057,0.8884794024690505
18,relative,101,sheep's eye,63,0.2611111116314691,0.7650821382800738
18,relative,102,sheep's torso,236,0.597457627118644,0.8312880285715653
18,relative,103,sheep's neck,155,0.3346774193548387,0.809926474863483
18,relative,104,sheep's leg,53,0.3907232706276876,0.8303376697706726
18,relative,105,sheep's ear,174,0.24025725299256973,0.7518138848673338
18,relative,106,sheep's muzzle,177,0.577078291841146,0.8738104075635389
18,relative,107,sheep's horn,22,0.0,0.1806871589611877
18,relative,108,train's headlight,16,0.10267857182770967,0.6588715966790915
18,relative,109,train's head,209,0.06570972894367419,0.5280914034997447
18,relative,110,train's front,203,0.4738153883535874,0.773596973768596
18,relative,111,train's side,246,0.04014227642276423,0.4399321707404726
18,relative,112,train's back,24,0.4322916666666667,0.7430853048960367
18,relative,113,train's roof,48,0.015625,0.26447458084051806
18,relative,114,train's coach,183,0.35219880319683927,0.7508560073831694
18,relative,115,tvmonitor's screen,289,0.36375432525951557,0.6989946597381447
19,absolute,0,aeroplane's body,462,0.022727272727272728,0.5257590809490258
19,absolute,1,aeroplane's stern,414,0.40368357487922707,0.8466432108251369
19,absolute,2,aeroplane's wing,409,0.03728606356968215,0.5736282854033565
19,absolute,3,aeroplane's tail,1,0.125,0.9104771018028259
19,absolute,4,aeroplane's engine,300,0.004166666666666667,0.44820350701610245
19,absolute,5,aeroplane's wheel,226,0.0,0.26997516324034837
19,absolute,6,bicycle's wheel,306,0.023284313725490197,0.4974917445112677
19,absolute,7,bicycle's saddle,205,0.06280487804878049,0.7081743129869786
19,absolute,8,bicycle's handlebar,263,0.42490494296577946,0.941015936575915
19,absolute,9,bicycle's chainwheel,217,0.001152073732718894,0.42542915883976196
19,absolute,10,bicycle's headlight,1,0.0,0.4942828416824341
19,absolute,11,bird's wing,250,0.0225,0.43692039608955385
19,absolute,12,bird's tail,403,0.0015508684863523574,0.32282002921916414
19,absolute,13,bird's head,535,0.2759345794392523,0.7717380246965685
19,absolute,14,bird's eye,218,0.007454128440366973,0.5215173462115297
19,absolute,15,bird's beak,431,0.33584686774941996,0.9419817189467755
19,absolute,16,bird's torso,575,0.02717391304347826,0.4948136716821919
19,absolute,17,bird's neck,284,0.018045774647887324,0.6000885200280119
19,absolute,18,bird's leg,285,0.011842105263157895,0.4265073330517401
19,absolute,19,bird's foot,199,0.04020100502512563,0.452884338534058
19,absolute,20,bottle's body,432,0.4750000000068987,0.6859559601655713
19,absolute,21,bottle's cap,326,0.4125766871165644,0.8918443588208567
19,absolute,22,bus's wheel,233,0.000536480686695279,0.46029575207458545
19,absolute,23,bus's headlight,155,0.0,0.44904970949695955
19,absolute,24,bus's front,183,0.03756830601092896,0.6172902854413934
19,absolute,25,bus's side,245,0.3137755102040816,0.7899564362302118
19,absolute,26,bus's back,53,0.05188679245283019,0.6617090820141558
19,absolute,27,bus's roof,20,0.03125,0.639535303413868
19,absolute,28,bus's mirror,117,0.0,0.6011992463698754
19,absolute,29,bus's license plate,4,0.0,0.3412529304623604
19,absolute,30,bus's door,104,0.1201923076923077,0.7016519505817157
19,absolute,31,bus's window,261,0.8448275862068966,0.8991211375285839
19,absolute,32,car's wheel,515,0.002912621359223301,0.3576827917718193
19,absolute,33,car's headlight,289,0.0025951557093425604,0.32744227715197527
19,absolute,34,car's front,365,0.14520547945205478,0.5668298758464316
19,absolute,35,car's side,515,0.07864077669902912,0.5525704664368074
19,absolute,36,car's back,195,0.1358974358974359,0.6195892438674584
19,absolute,37,car's roof,132,0.08617424242424243,0.7100447605956685
19,absolute,38,car's mirror,279,0.004480286738351254,0.4880695165165009
19,absolute,39,car's license plate,8,0.0,0.2579897316172719
19,absolute,40,car's door,258,0.09496124031007752,0.5640809441837229
19,absolute,41,car's window,548,0.7547901459854015,0.8942306035191473
19,absolute,42,cat's tail,332,0.00338855421686747,0.3903656539518431
19,absolute,43,cat's head,890,0.875,0.8585704167697872
19,absolute,44,cat's eye,645,0.07054263565891473,0.7590483889561291
19,absolute,45,cat's torso,871,0.0057405281285878304,0.4824141441298014
19,absolute,46,cat's neck,601,0.0008319467554076539,0.5147983179661676
19,absolute,47,cat's leg,670,0.3490671641791045,0.7605292053587401
19,absolute,48,cat's nose,589,0.0038200339558573855,0.5965687242954818
19,absolute,49,cat's paw,570,0.543201754385965,0.8653236474907189
19,absolute,50,cat's ear,848,0.03744103773584906,0.5732721696555052
19,absolute,51,cow's tail,49,0.0,0.4145198421818869
19,absolute,52,cow's head,180,0.5881944444444445,0.9048893724050787
19,absolute,53,cow's eye,60,0.04583333333333333,0.7353189994891485
19,absolute,54,cow's torso,187,0.022058823529411766,0.6299391426345243
19,absolute,55,cow's neck,81,0.006172839506172839,0.6946313539404928
19,absolute,56,cow's leg,142,0.007922535211267605,0.401046124247598
19,absolute,57,cow's ear,138,0.018115942028985508,0.6766866460658502
19,absolute,58,cow's muzzle,161,0.1374223602484472,0.7885763126870861
19,absolute,59,cow's horn,53,0.0047169811320754715,0.5969659269980665
19,absolute,60,dog's tail,367,0.0003405994550408719,0.3197025867224714
19,absolute,61,dog's head,1010,0.7952970297029703,0.8035280012700817
19,absolute,62,dog's eye,641,0.09886895475819032,0.7814828860406384
19,absolute,63,dog's torso,981,0.0050968399592252805,0.42390413869411575
19,absolute,64,dog's neck,454,0.0005506607929515419,0.4216651529205003
19,absolute,65,dog's leg,810,0.31003086419753084,0.7118626728469943
19,absolute,66,dog's nose,815,0.001993865030674847,0.44205662853147354
19,absolute,67,dog's paw,629,0.6381160572337043,0.9152328430042737
19,absolute,68,dog's ear,899,0.014738598442714126,0.44203205172954596
19,absolute,69,dog's muzzle,939,0.058040468583599576,0.6086975540787267
19,absolute,70,horse's tail,147,0.002551020408163265,0.32240901522490445
19,absolute,71,horse's head,282,0.5625,0.8884068241356112
19,absolute,72,horse's eye,104,0.04807692307692308,0.7657026932216607
19,absolute,73,horse's torso,293,0.04138225255972696,0.5440402242510799
19,absolute,74,horse's neck,233,0.02092274678111588,0.6653926009272301
19,absolute,75,horse's leg,265,0.007547169811320755,0.37646995372367353
19,absolute,76,horse's ear,223,0.010650224215246636,0.6158113152189639
19,absolute,77,horse's muzzle,256,0.1552734375,0.7880388440098614
19,absolute,78,horse's hoof,127,0.001968503937007874,0.2845192741690658
19,absolute,79,motorbike's wheel,244,0.0,0.4245929070672051
19,absolute,80,motorbike's saddle,8,0.0,0.46010222658514977
19,absolute,81,motorbike's handlebar,11,0.45454545454545453,0.9446446570483121
19,absolute,82,motorbike's headlight,113,0.032079646017699116,0.7878863255007077
19,absolute,83,person's head,1334,0.40586849433862826,0.6721557641382339
19,absolute,84,person's eye,585,0.056654456665373255,0.6139715581320417
19,absolute,85,person's torso,1273,0.02849006845973555,0.362827970771059
19,absolute,86,person's neck,757,0.008256274768824307,0.4826976227299698
19,absolute,87,person's leg,486,0.031635802469135804,0.34635615683593807
19,absolute,88,person's foot,135,0.05185185185185185,0.34719034975601565
19,absolute,89,person's nose,907,0.07483461962513782,0.6133972530200864
19,absolute,90,person's ear,688,0.007085755813953488,0.4501888500052764
19,absolute,91,person's eyebrow,432,0.07175925925925926,0.6833655112617029
19,absolute,92,person's mouth,712,0.02071629213483146,0.5081121057554493
19,absolute,93,person's hair,1082,0.22095656192512036,0.638883159556142
19,absolute,94,person's lower arm,753,0.007470119521912351,0.32598496786631637
19,absolute,95,person's upper arm,1043,0.00826941514860978,0.3564945905855995
19,absolute,96,person's hand,669,0.02671898355754858,0.3204997678931875
19,absolute,97,pottedplant's pot,181,0.5386740331491713,0.8138562279511552
19,absolute,98,pottedplant's plant,203,0.27024982414515736,0.552030014800908
19,absolute,99,sheep's tail,56,0.0,0.39241044968366623
19,absolute,100,sheep's head,217,0.5247695852534562,0.9034582368239829
19,absolute,101,sheep's eye,63,0.03968253968253968,0.7036540749527159
19,absolute,102,sheep's torso,236,0.026483050847457626,0.6290374019388425
19,absolute,103,sheep's neck,155,0.012903225806451613,0.6953082813370612
19,absolute,104,sheep's leg,53,0.01650943396226415,0.4578619436273035
19,absolute,105,sheep's ear,174,0.008620689655172414,0.660242527680493
19,absolute,106,sheep's muzzle,177,0.0826271186440678,0.7508032709191748
19,absolute,107,sheep's horn,22,0.022727272727272728,0.665612285787409
19,absolute,108,train's headlight,16,0.03125,0.547415561042726
19,absolute,109,train's head,209,0.09868421052631579,0.704040089221092
19,absolute,110,train's front,203,0.09359605911330049,0.6343059685136297
19,absolute,111,train's side,246,0.2708333333333333,0.7402683509801461
19,absolute,112,train's back,24,0.08854166666666667,0.6460871162513891
19,absolute,113,train's roof,48,0.53125,0.9066637580593427
19,absolute,114,train's coach,183,0.35450819672131145,0.7233811931206229
19,absolute,115,tvmonitor's screen,289,0.39835640138408307,0.7076241970062256
19,relative,0,aeroplane's body,462,0.3000541125541126,0.7766634409368296
19,relative,1,aeroplane's stern,414,0.014190821328024933,0.4473962242476606
19,relative,2,aeroplane's wing,409,0.005806845965770171,0.46719131915668405
19,relative,3,aeroplane's tail,1,0.125,0.832436203956604
19,relative,4,aeroplane's engine,300,0.07036111121376355,0.5095217675964038
19,relative,5,aeroplane's wheel,226,0.2735040036846051,0.8999750288450612
19,relative,6,bicycle's wheel,306,0.8115196078528766,0.841857021930171
19,relative,7,bicycle's saddle,205,0.00853658536585366,0.21347196941695562
19,relative,8,bicycle's handlebar,263,0.4220532319391635,0.9385907661325578
19,relative,9,bicycle's chainwheel,217,0.3524248409793124,0.8956222469630879
19,relative,10,bicycle's headlight,1,1.0,0.9814486503601074
19,relative,11,bird's wing,250,0.28505714309215546,0.6466585804857313
19,relative,12,bird's tail,403,0.4447772660045411,0.9148208826558466
19,relative,13,bird's head,535,0.6206964848476035,0.9150382662209395
19,relative,14,bird's eye,218,0.2037898652734013,0.33279137785008195
19,relative,15,bird's beak,431,0.30971992171419194,0.9146189928193104
19,relative,16,bird's torso,575,0.5472939960075461,0.8415833163002263
19,relative,17,bird's neck,284,0.3790576797450932,0.8846902779867531
19,relative,18,bird's leg,285,0.2582623226600781,0.8593767419196012
19,relative,19,bird's foot,199,0.15464225980504673,0.7871461034420147
19,relative,20,bottle's body,432,0.6032021605168227,0.8172694287366338
19,relative,21,bottle's cap,326,0.392612474462006,0.8207590363554063
19,relative,22,bus's wheel,233,0.6139842633781515,0.9278906582506941
19,relative,23,bus's headlight,155,0.14124423967253777,0.6900091850949872
19,relative,24,bus's front,183,0.25341530054644806,0.768065056677073
19,relative,25,bus's side,245,0.1836734693877551,0.6996911217971724
19,relative,26,bus's back,53,0.47641509433962265,0.7741783526989648
19,relative,27,bus's roof,20,0.23482142984867097,0.5447820544242858
19,relative,28,bus's mirror,117,0.006410256537616762,0.3225554686644648
19,relative,29,bus's license plate,4,0.1770833358168602,0.6751509755849838
19,relative,30,bus's door,104,0.45488782169727177,0.7038630622510726
19,relative,31,bus's window,261,0.8256704980842912,0.8198418024627642
19,relative,32,car's wheel,515,0.7311927880766322,0.8784885967168414
19,relative,33,car's headlight,289,0.5273438790059007,0.872888019134429
19,relative,34,car's front,365,0.5062589696008866,0.7330948294025578
19,relative,35,car's side,515,0.2363915858627523,0.6292542121942761
19,relative,36,car's back,195,0.5809401710063983,0.8531010844768622
19,relative,37,car's roof,132,0.28422619063745846,0.7301808298763001
19,relative,38,car's mirror,279,0.16532684894659186,0.5532576228295015
19,relative,39,car's license plate,8,0.15029762126505375,0.7959743291139603
19,relative,40,car's door,258,0.6354282027644704,0.8300083758988122
19,relative,41,car's window,548,0.7418730453363735,0.8563131334899116
19,relative,42,cat's tail,332,0.5307121343282332,0.882438643240785
19,relative,43,cat's head,890,0.7828986090890477,0.8397991796055536
19,relative,44,cat's eye,645,0.4751716513273328,0.9359437779111918
19,relative,45,cat's torso,871,0.7660256410370464,0.8041065780768849
19,relative,46,cat's neck,601,0.4400800254301303,0.8204419711068546
19,relative,47,cat's leg,670,0.6081467662951839,0.8586675221350656
19,relative,48,cat's nose,589,0.12918384686896675,0.8681342260744455
19,relative,49,cat's paw,570,0.6500208864086553,0.9273535269394255
19,relative,50,cat's ear,848,0.5036654875982763,0.8852003224475203
19,relative,51,cow's tail,49,0.2775753161736897,0.861886057926684
19,relative,52,cow's head,180,0.6107010586394204,0.9126593237949743
19,relative,53,cow's eye,60,0.2908730166653792,0.819125144680341
19,relative,54,cow's torso,187,0.6905080213903744,0.8310572510176801
19,relative,55,cow's neck,81,0.2766754851665026,0.8112903612631338
19,relative,56,cow's leg,142,0.44014084507042256,0.8512973052934861
19,relative,57,cow's ear,138,0.26434610146975174,0.805881495816984
19,relative,58,cow's muzzle,161,0.6320689160446202,0.8605642448532285
19,relative,59,cow's horn,53,0.0023584905660377358,0.22416686939673042
19,relative,60,dog's tail,367,0.38386207356115126,0.8069004582936498
19,relative,61,dog's head,1010,0.715809759910744,0.8396227864640774
19,relative,62,dog's eye,641,0.36573248671574077,0.9257073491672272
19,relative,63,dog's torso,981,0.7050798505575042,0.7851823798545031
19,relative,64,dog's neck,454,0.5355517099147852,0.8403047540179959
19,relative,65,dog's leg,810,0.6197839506246425,0.8327949426976251
19,relative,66,dog's nose,815,0.006190476242018623,0.5718447871003414
19,relative,67,dog's paw,629,0.5258649412560349,0.8728729509208085
19,relative,68,dog's ear,899,0.5786455852767914,0.8784143511657587
19,relative,69,dog's muzzle,939,0.5470295157739784,0.8081886454766043
19,relative,70,horse's tail,147,0.508471007655267,0.9063520680884926
19,relative,71,horse's head,282,0.6143490376201928,0.9072512636582056
19,relative,72,horse's eye,104,0.23284111788066533,0.7508855743620259
19,relative,73,horse's torso,293,0.7209897610921502,0.8329044207167707
19,relative,74,horse's neck,233,0.3873390557939914,0.7716937400880289
19,relative,75,horse's leg,265,0.4501572327793769,0.7809717601340896
19,relative,76,horse's ear,223,0.2811819357054116,0.8797683958715922
19,relative,77,horse's muzzle,256,0.6140066981315613,0.8801481654518284
19,relative,78,horse's hoof,127,0.022778402867279654,0.34737026758902656
19,relative,79,motorbike's wheel,244,0.7797131147540983,0.8529155542615985
19,relative,80,motorbike's saddle,8,0.015625,0.49025385081768036
19,relative,81,motorbike's handlebar,11,0.14772727272727273,0.7398363351821899
19,relative,82,motorbike's headlight,113,0.21128318584070796,0.8509266405506472
19,relative,83,person's head,1334,0.31293995920820034,0.605514248223407
19,relative,84,person's eye,585,0.19072242707778245,0.5459514135582388
19,relative,85,person's torso,1273,0.2675709804141044,0.5424870951428573
19,relative,86,person's neck,757,0.1780524635527534,0.48663359391841365
19,relative,87,person's leg,486,0.116874877869347,0.43516066297313866
19,relative,88,person's foot,135,0.05969135827488369,0.36337761353287434
19,relative,89,person's nose,907,0.15276159076667015,0.6084362413239272
19,relative,90,person's ear,688,0.08584925270271163,0.2749126588771401
19,relative,91,person's eyebrow,432,0.05727513258655866,0.6108130353936253
19,relative,92,person's mouth,712,0.10498929936229513,0.5952493229192901
19,relative,93,person's hair,1082,0.2793052995408749,0.6165707957218168
19,relative,94,person's lower arm,753,0.03908176836897811,0.34018253367876566
19,relative,95,person's upper arm,1043,0.025041090333450332,0.24981341768084728
19,relative,96,person's hand,669,0.07625097902811874,0.34540524318263
19,relative,97,pottedplant's pot,181,0.6279926336272645,0.8249525984347854
19,relative,98,pottedplant's plant,203,0.5129310345561634,0.7459835853115678
19,relative,99,sheep's tail,56,0.17857142857142858,0.7687227070065481
19,relative,100,sheep's head,217,0.5060566170699036,0.8874355362994331
19,relative,101,sheep's eye,63,0.26970899507166846,0.7730498932420261
19,relative,102,sheep's torso,236,0.6001059322033898,0.8325336793974295
19,relative,103,sheep's neck,155,0.33548387096774196,0.8102308057969616
19,relative,104,sheep's leg,53,0.40959119515598946,0.8344962071135359
19,relative,105,sheep's ear,174,0.24282293441309327,0.7559957354404461
19,relative,106,sheep's muzzle,177,0.5756322333199829,0.8779382220769333
19,relative,107,sheep's horn,22,0.0,0.18385860781100663
19,relative,108,train's headlight,16,0.10267857182770967,0.6567033808678389
19,relative,109,train's head,209,0.06750398731687993,0.5298641500147906
19,relative,110,train's front,203,0.4747830167632972,0.7735286419247759
19,relative,111,train's side,246,0.039634146341463415,0.4392709049388645
19,relative,112,train's back,24,0.4345238109429677,0.7363002722462019
19,relative,113,train's roof,48,0.015625,0.26510484407966334
19,relative,114,train's coach,183,0.34759953170200514,0.7517311335261402
19,relative,115,tvmonitor's screen,289,0.35986159169550175,0.6978743444470799
20,absolute,0,aeroplane's body,462,0.022727272727272728,0.5255862094816708
20,absolute,1,aeroplane's stern,414,0.40157004830917875,0.8464236707215148
20,absolute,2,aeroplane's wing,409,0.03728606356968215,0.5737994471359953
20,absolute,3,aeroplane's tail,1,0.125,0.9104771018028259
20,absolute,4,aeroplane's engine,300,0.004166666666666667,0.44763987069328626
20,absolute,5,aeroplane's wheel,226,0.0,0.27005869585328396
20,absolute,6,bicycle's wheel,306,0.023284313725490197,0.4967820933149531
20,absolute,7,bicycle's saddle,205,0.06341463414634146,0.7091046472875083
20,absolute,8,bicycle's handlebar,263,0.42585551330798477,0.941120088327067
20,absolute,9,bicycle's chainwheel,217,0.001152073732718894,0.42514546222401106
20,absolute,10,bicycle's headlight,1,0.0,0.4942828416824341
20,absolute,11,bird's wing,250,0.024,0.4377608687877655
20,absolute,12,bird's tail,403,0.0012406947890818859,0.32248586579861477
20,absolute,13,bird's head,535,0.27453271028037385,0.7710454996013753
20,absolute,14,bird's eye,218,0.007454128440366973,0.5222804143067894
20,absolute,15,bird's beak,431,0.3355568445475638,0.9419508557723459
20,absolute,16,bird's torso,575,0.02717391304347826,0.4949428926213928
20,absolute,17,bird's neck,284,0.018045774647887324,0.6005399110399081
20,absolute,18,bird's leg,285,0.011403508771929825,0.4252561589866354
20,absolute,19,bird's foot,199,0.04082914572864322,0.45293216047874046
20,absolute,20,bottle's body,432,0.4712384259328246,0.68435173312685
20,absolute,21,bottle's cap,326,0.41679447852760737,0.892642969551262
20,absolute,22,bus's wheel,233,0.000536480686695279,0.4612541348381616
20,absolute,23,bus's headlight,155,0.0,0.45014452453582515
20,absolute,24,bus's front,183,0.03551912568306011,0.6146311261614815
20,absolute,25,bus's side,245,0.32040816326530613,0.7911778291877435
20,absolute,26,bus's back,53,0.049528301886792456,0.6593303286804343
20,absolute,27,bus's roof,20,0.03125,0.6402513518929481
20,absolute,28,bus's mirror,117,0.0,0.6000247623166467
20,absolute,29,bus's license plate,4,0.0,0.3414529450237751
20,absolute,30,bus's door,104,0.11658653846153846,0.6995832321162407
20,absolute,31,bus's window,261,0.8433908045977011,0.8986408636259393
20,absolute,32,car's wheel,515,0.002669902912621359,0.35846892473767106
20,absolute,33,car's headlight,289,0.0025951557093425604,0.32757582086876397
20,absolute,34,car's front,365,0.14623287671232876,0.5673519144727759
20,absolute,35,car's side,515,0.07936893203883495,0.5535392416767704
20,absolute,36,car's back,195,0.13974358974358975,0.6198123647234379
20,absolute,37,car's roof,132,0.08617424242424243,0.7104287165583987
20,absolute,38,car's mirror,279,0.004032258064516129,0.4872182137115882
20,absolute,39,car's license plate,8,0.0,0.25805244594812393
20,absolute,40,car's door,258,0.09593023255813954,0.5671617202171984
20,absolute,41,car's window,548,0.7543339416058394,0.8938695421836672
20,absolute,42,cat's tail,332,0.0030120481927710845,0.3900936162884695
20,absolute,43,cat's head,890,0.8737359550561797,0.8586551640266448
20,absolute,44,cat's eye,645,0.07577519379844962,0.7680482314076534
20,absolute,45,cat's torso,871,0.006458094144661309,0.4779362657078543
20,absolute,46,cat's neck,601,0.0006239600665557404,0.5166396170408277
20,absolute,47,cat's leg,670,0.3307835820895522,0.752015772372929
20,absolute,48,cat's nose,589,0.0038200339558573855,0.5963388917705199
20,absolute,49,cat's paw,570,0.5546052631578947,0.8706047562653558
20,absolute,50,cat's ear,848,0.039946933962264154,0.5767374039399173
20,absolute,51,cow's tail,49,0.0,0.41531218010552073
20,absolute,52,cow's head,180,0.5868055555555556,0.9049531927539243
20,absolute,53,cow's eye,60,0.04583333333333333,0.7390619590878487
20,absolute,54,cow's torso,187,0.02072192513368984,0.6289573169168942
20,absolute,55,cow's neck,81,0.006172839506172839,0.6950665009610447
20,absolute,56,cow's leg,142,0.007922535211267605,0.4000307932286195
20,absolute,57,cow's ear,138,0.017210144927536232,0.6765675527462061
20,absolute,58,cow's muzzle,161,0.13819875776397517,0.7887236866521539
20,absolute,59,cow's horn,53,0.0047169811320754715,0.5975956438847307
20,absolute,60,dog's tail,367,0.0006811989100817438,0.32029787678403493
20,absolute,61,dog's head,1010,0.7975247524752476,0.8050738737724795
20,absolute,62,dog's eye,641,0.10042901716068643,0.7837654331730978
20,absolute,63,dog's torso,981,0.0050968399592252805,0.4207763412737579
20,absolute,64,dog's neck,454,0.0005506607929515419,0.4240728466964372
20,absolute,65,dog's leg,810,0.3074074074074074,0.7098481249570111
20,absolute,66,dog's nose,815,0.0018404907975460123,0.44095890057598885
20,absolute,67,dog's paw,629,0.6399046104928457,0.9150944319931237
20,absolute,68,dog's ear,899,0.015294771968854282,0.4434889061946227
20,absolute,69,dog's muzzle,939,0.05657614483493078,0.607563331532783
20,absolute,70,horse's tail,147,0.002551020408163265,0.32280908180337375
20,absolute,71,horse's head,282,0.5625,0.8884027583379273
20,absolute,72,horse's eye,104,0.04807692307692308,0.7675460003889524
20,absolute,73,horse's torso,293,0.042662116040955635,0.5431126044370208
20,absolute,74,horse's neck,233,0.02092274678111588,0.6662414699409142
20,absolute,75,horse's leg,265,0.008018867924528302,0.37601999623595544
20,absolute,76,horse's ear,223,0.010650224215246636,0.6159533731338689
20,absolute,77,horse's muzzle,256,0.154296875,0.7877547435928136
20,absolute,78,horse's hoof,127,0.001968503937007874,0.28457905082252083
20,absolute,79,motorbike's wheel,244,0.0,0.4237550420717138
20,absolute,80,motorbike's saddle,8,0.0,0.46010222658514977
20,absolute,81,motorbike's handlebar,11,0.4431818181818182,0.9447289434346285
20,absolute,82,motorbike's headlight,113,0.030973451327433628,0.7878802888161314
20,absolute,83,person's head,1334,0.4051188691512219,0.6718240820927017
20,absolute,84,person's eye,585,0.05815018316109975,0.6145669405881921
20,absolute,85,person's torso,1273,0.027704522505297216,0.3610336991182096
20,absolute,86,person's neck,757,0.007926023778071334,0.4827938070237794
20,absolute,87,person's leg,486,0.030349794238683128,0.3460235232822674
20,absolute,88,person's foot,135,0.05185185185185185,0.3467608028401931
20,absolute,89,person's nose,907,0.07538588754134509,0.6137886519421636
20,absolute,90,person's ear,688,0.006904069767441861,0.4495580133177925
20,absolute,91,person's eyebrow,432,0.0720486111111111,0.6831457094931802
20,absolute,92,person's mouth,712,0.021067415730337078,0.5085645623902759
20,absolute,93,person's hair,1082,0.22419131238722756,0.6397274889692306
20,absolute,94,person's lower arm,753,0.007470119521912351,0.32409861095801273
20,absolute,95,person's upper arm,1043,0.008389261744966443,0.3546280059883101
20,absolute,96,person's hand,669,0.0257847533632287,0.31750663235972904
20,absolute,97,pottedplant's pot,181,0.537292817679558,0.8134009973120294
20,absolute,98,pottedplant's plant,203,0.27024982414515736,0.551259257816916
20,absolute,99,sheep's tail,56,0.0,0.3925010511385543
20,absolute,100,sheep's head,217,0.5230414746543779,0.9035808878010868
20,absolute,101,sheep's eye,63,0.03968253968253968,0.7081858903642685
20,absolute,102,sheep's torso,236,0.02701271186440678,0.6292757629337957
20,absolute,103,sheep's neck,155,0.012903225806451613,0.6961028331710446
20,absolute,104,sheep's leg,53,0.01650943396226415,0.45799207153185356
20,absolute,105,sheep's ear,174,0.010057471264367816,0.6614273658942902
20,absolute,106,sheep's muzzle,177,0.08192090395480225,0.7508259257354305
20,absolute,107,sheep's horn,22,0.022727272727272728,0.6654190881685778
20,absolute,108,train's headlight,16,0.03125,0.547415561042726
20,absolute,109,train's head,209,0.09868421052631579,0.7044113068061583
20,absolute,110,train's front,203,0.09051724137931035,0.6337331650879583
20,absolute,111,train's side,246,0.2688008130081301,0.7397435451668453
20,absolute,112,train's back,24,0.08854166666666667,0.6449303925037384
20,absolute,113,train's roof,48,0.5260416666666666,0.9060743413865566
20,absolute,114,train's coach,183,0.35450819672131145,0.7240432206073094
20,absolute,115,tvmonitor's screen,289,0.3931660899653979,0.7066906740096202
20,relative,0,aeroplane's body,462,0.29274891774891776,0.7722662801156829
20,relative,1,aeroplane's stern,414,0.012942834176878998,0.4486888096564346
20,relative,2,aeroplane's wing,409,0.00519559902200489,0.4643275439010564
20,relative,3,aeroplane's tail,1,0.125,0.832436203956604
20,relative,4,aeroplane's engine,300,0.06746031766136487,0.5056054664651553
20,relative,5,aeroplane's wheel,226,0.2730562582084563,0.9000888354746641
20,relative,6,bicycle's wheel,306,0.8119553377230962,0.8418988361467723
20,relative,7,bicycle's saddle,205,0.007926829268292683,0.21292334387942058
20,relative,8,bicycle's handlebar,263,0.4230038022813688,0.9384902423325601
20,relative,9,bicycle's chainwheel,217,0.35599078341013823,0.8979738442579173
20,relative,10,bicycle's headlight,1,1.0,0.977587103843689
20,relative,11,bird's wing,250,0.2774428572654724,0.6408922200836241
20,relative,12,bird's tail,403,0.4466117217804007,0.915108696328795
20,relative,13,bird's head,535,0.6185247003475082,0.9143681558214616
20,relative,14,bird's eye,218,0.201583661685843,0.33173780891736715
20,relative,15,bird's beak,431,0.310059663107113,0.9157854763233468
20,relative,16,bird's torso,575,0.5469937889731449,0.8423302717830824
20,relative,17,bird's neck,284,0.38163564752944756,0.8854079571565692
20,relative,18,bird's leg,285,0.25945279880573874,0.8579082781808418
20,relative,19,bird's foot,199,0.1564010537449439,0.7945393159910662
20,relative,20,bottle's body,432,0.6037808642205265,0.8174062769308135
20,relative,21,bottle's cap,326,0.39864519430450135,0.826738412966209
20,relative,22,bus's wheel,233,0.6139842633781515,0.9275747656566391
20,relative,23,bus's headlight,155,0.14930875580157002,0.7058152991917825
20,relative,24,bus's front,183,0.25614754098360654,0.7688125306791295
20,relative,25,bus's side,245,0.1834548105998915,0.698890538604892
20,relative,26,bus's back,53,0.4882075471698113,0.7768309933115851
20,relative,27,bus's roof,20,0.23482142984867097,0.5507120996713638
20,relative,28,bus's mirror,117,0.006410256537616762,0.3228988385417013
20,relative,29,bus's license plate,4,0.1770833358168602,0.6751509755849838
20,relative,30,bus's door,104,0.4549565031551398,0.7090249011436334
20,relative,31,bus's window,261,0.8299808429118773,0.8232136271694154
20,relative,32,car's wheel,515,0.7316782249698361,0.878841973269738
20,relative,33,car's headlight,289,0.5348615920151806,0.8767416542685981
20,relative,34,car's front,365,0.5073613830625194,0.7329197158552196
20,relative,35,car's side,515,0.23498381891296904,0.6276414003765699
20,relative,36,car's back,195,0.5854273504935779,0.854052113264035
20,relative,37,car's roof,132,0.28138528154654935,0.730385832714312
20,relative,38,car's mirror,279,0.16794674969061302,0.5608264584808633
20,relative,39,car's license plate,8,0.15029762126505375,0.8016258925199509
20,relative,40,car's door,258,0.6439184204552525,0.8353861213423485
20,relative,41,car's window,548,0.7437282763693455,0.8572537909350256
20,relative,42,cat's tail,332,0.5333476764969078,0.883612653442535
20,relative,43,cat's head,890,0.7844435529092725,0.8402419668067707
20,relative,44,cat's eye,645,0.4761646376330723,0.9360316105880017
20,relative,45,cat's torso,871,0.7658821278338317,0.8038640068982964
20,relative,46,cat's neck,601,0.4424926710257713,0.8224389450423134
20,relative,47,cat's leg,670,0.6160358920693397,0.8614882862834788
20,relative,48,cat's nose,589,0.1279105022170143,0.866755303280058
20,relative,49,cat's paw,570,0.651342941454628,0.9272093173443225
20,relative,50,cat's ear,848,0.5080202719688697,0.8866882594126575
20,relative,51,cow's tail,49,0.2791545193414299,0.8677425986650039
20,relative,52,cow's head,180,0.6129497359196345,0.9123779378831387
20,relative,53,cow's eye,60,0.2876984136799971,0.823538526892662
20,relative,54,cow's torso,187,0.6931818181818182,0.8322066233199548
20,relative,55,cow's neck,81,0.27645502653386855,0.8136702165191556
20,relative,56,cow's leg,142,0.44190140845070425,0.8517727889645268
20,relative,57,cow's ear,138,0.2653726712949034,0.8086072527196096
20,relative,58,cow's muzzle,161,0.6300354937774054,0.8601446345402217
20,relative,59,cow's horn,53,0.0023584905660377358,0.2253927648735215
20,relative,60,dog's tail,367,0.3853542234657246,0.8093707638637896
20,relative,61,dog's head,1010,0.7210254600732633,0.8396793289349811
20,relative,62,dog's eye,641,0.3660574997085119,0.9258973703555495
20,relative,63,dog's torso,981,0.7061271298369136,0.7851958262461649
20,relative,64,dog's neck,454,0.5379903505223963,0.8411519569447388
20,relative,65,dog's leg,810,0.6213477366500431,0.8340080896277486
20,relative,66,dog's nose,815,0.0063029506820842535,0.5724228636253099
20,relative,67,dog's paw,629,0.5282610346147101,0.8743220962145749
20,relative,68,dog's ear,899,0.582932094147261,0.8800033841435451
20,relative,69,dog's muzzle,939,0.5506884234147077,0.8095423155826248
20,relative,70,horse's tail,147,0.5090945904352226,0.9062862532073949
20,relative,71,horse's head,282,0.6154255319571664,0.9071104142894136
20,relative,72,horse's eye,104,0.2330700555959573,0.7520304552207773
20,relative,73,horse's torso,293,0.7201365187713311,0.8329929540588588
20,relative,74,horse's neck,233,0.39431330472103004,0.7752079927230597
20,relative,75,horse's leg,265,0.4572327044774901,0.781808516903306
20,relative,76,horse's ear,223,0.28127268945689693,0.8802670312235173
20,relative,77,horse's muzzle,256,0.6160016757203266,0.8807923554559238
20,relative,78,horse's hoof,127,0.024550056598317906,0.36136504003088776
20,relative,79,motorbike's wheel,244,0.7792008196721312,0.8525969427628596
20,relative,80,motorbike's saddle,8,0.015625,0.4744168855249882
20,relative,81,motorbike's handlebar,11,0.14772727272727273,0.7390932711687955
20,relative,82,motorbike's headlight,113,0.21902654867256638,0.8538712009919428
20,relative,83,person's head,1334,0.31687192184322777,0.6061523239422559
20,relative,84,person's eye,585,0.1919739533438642,0.5465232961508645
20,relative,85,person's torso,1273,0.2696208813039693,0.5433567476472382
20,relative,86,person's neck,757,0.1806771726872836,0.4886526044789096
20,relative,87,person's leg,486,0.1164364104346974,0.43825085587040696
20,relative,88,person's foot,135,0.05969135827488369,0.36129421269590106
20,relative,89,person's nose,907,0.15276815337277824,0.6082384590205326
20,relative,90,person's ear,688,0.08812811474727336,0.2800513193996753
20,relative,91,person's eyebrow,432,0.05701884951580454,0.6121349187569985
20,relative,92,person's mouth,712,0.10539559952998429,0.5955234297872992
20,relative,93,person's hair,1082,0.28002706707184943,0.6184896817783758
20,relative,94,person's lower arm,753,0.03728735866457976,0.33996061993896426
20,relative,95,person's upper arm,1043,0.024115418013424567,0.24645588785715308
20,relative,96,person's hand,669,0.0752046412282995,0.3455555102675151
20,relative,97,pottedplant's pot,181,0.6273020258924579,0.8255632066924269
20,relative,98,pottedplant's plant,203,0.5116995074625673,0.7456343976661489
20,relative,99,sheep's tail,56,0.18080357142857142,0.7697682272908943
20,relative,100,sheep's head,217,0.5063364064226502,0.8867633837846017
20,relative,101,sheep's eye,63,0.269860166642401,0.7727904271275278
20,relative,102,sheep's torso,236,0.6001059322033898,0.8339362609184394
20,relative,103,sheep's neck,155,0.3370967741935484,0.8121528237096725
20,relative,104,sheep's leg,53,0.41194968572202717,0.8362353469403285
20,relative,105,sheep's ear,174,0.24607279759713974,0.7578338835945074
20,relative,106,sheep's muzzle,177,0.5721011598736553,0.8780436377740849
20,relative,107,sheep's horn,22,0.0,0.18701387484642593
20,relative,108,train's headlight,16,0.11049107182770967,0.6586678978055716
20,relative,109,train's head,209,0.06714513569927671,0.5342833838964763
20,relative,110,train's front,203,0.4755747126681464,0.7749622867906035
20,relative,111,train's side,246,0.04014227642276423,0.43987332460114625
20,relative,112,train's back,24,0.4293154776096344,0.7322791318098704
20,relative,113,train's roof,48,0.015625,0.26749275733406347
20,relative,114,train's coach,183,0.34910226397501315,0.7520878054405171
20,relative,115,tvmonitor's screen,289,0.35423875432525953,0.6966084040778731
21,absolute,0,aeroplane's body,462,0.022727272727272728,0.525225383991545
21,absolute,1,aeroplane's stern,414,0.39855072463768115,0.8457249444751924
21,absolute,2,aeroplane's wing,409,0.03728606356968215,0.5736613584031103
21,absolute,3,aeroplane's tail,1,0.125,0.9104771018028259
21,absolute,4,aeroplane's engine,300,0.004166666666666667,0.44656011258562406
21,absolute,5,aeroplane's wheel,226,0.0,0.2700907797016929
21,absolute,6,bicycle's wheel,306,0.023284313725490197,0.49639418317017214
21,absolute,7,bicycle's saddle,205,0.06402439024390244,0.7100525162568907
21,absolute,8,bicycle's handlebar,263,0.42490494296577946,0.9409391700994832
21,absolute,9,bicycle's chainwheel,217,0.001152073732718894,0.4248725924349051
21,absolute,10,bicycle's headlight,1,0.0,0.4942828416824341
21,absolute,11,bird's wing,250,0.0245,0.4379024715721607
21,absolute,12,bird's tail,403,0.0015508684863523574,0.32271243307378983
21,absolute,13,bird's head,535,0.27453271028037385,0.7710092455009434
21,absolute,14,bird's eye,218,0.007454128440366973,0.5222658974315049
21,absolute,15,bird's beak,431,0.3352668213457077,0.9419836578264037
21,absolute,16,bird's torso,575,0.026304347826086958,0.49518968272468317
21,absolute,17,bird's neck,284,0.018045774647887324,0.6006786916404963
21,absolute,18,bird's leg,285,0.011403508771929825,0.4249962090400227
21,absolute,19,bird's foot,199,0.04082914572864322,0.45395646599968476
21,absolute,20,bottle's body,432,0.46747685185875054,0.6828564309204618
21,absolute,21,bottle's cap,326,0.41986196319018404,0.8936895596469107
21,absolute,22,bus's wheel,233,0.000536480686695279,0.46093152028552453
21,absolute,23,bus's headlight,155,0.0,0.4504431378456854
21,absolute,24,bus's front,183,0.036885245901639344,0.613252884214693
21,absolute,25,bus's side,245,0.32857142857142857,0.7929949024502112
21,absolute,26,bus's back,53,0.049528301886792456,0.6602402183244813
21,absolute,27,bus's roof,20,0.04375,0.6470346823334694
21,absolute,28,bus's mirror,117,0.0,0.5991945121532831
21,absolute,29,bus's license plate,4,0.0,0.3423983193933964
21,absolute,30,bus's door,104,0.10817307692307693,0.6965521490917757
21,absolute,31,bus's window,261,0.8433908045977011,0.8983332097987106
21,absolute,32,car's wheel,515,0.002669902912621359,0.35884058662120577
21,absolute,33,car's headlight,289,0.0025951557093425604,0.3276907084348602
21,absolute,34,car's front,365,0.14691780821917808,0.5678191010674385
21,absolute,35,car's side,515,0.07961165048543689,0.5543419672592172
21,absolute,36,car's back,195,0.13974358974358975,0.6197225123261794
21,absolute,37,car's roof,132,0.08806818181818182,0.712064809419892
21,absolute,38,car's mirror,279,0.00492831541218638,0.4871528722265715
21,absolute,39,car's license plate,8,0.0,0.25805244594812393
21,absolute,40,car's door,258,0.09883720930232558,0.5716801962071612
21,absolute,41,car's window,548,0.7550182481751825,0.8938401664478065
21,absolute,42,cat's tail,332,0.0026355421686746986,0.39076178094529246
21,absolute,43,cat's head,890,0.8730337078651685,0.8583191679895259
21,absolute,44,cat's eye,645,0.08081395348837209,0.7751355516356091
21,absolute,45,cat's torso,871,0.0067451205510907,0.4731290644445338
21,absolute,46,cat's neck,601,0.0006239600665557404,0.5177830459175015
21,absolute,47,cat's leg,670,0.3169776119402985,0.7437285585634744
21,absolute,48,cat's nose,589,0.004244482173174873,0.5967548191041412
21,absolute,49,cat's paw,570,0.5673245614035087,0.8774676661219514
21,absolute,50,cat's ear,848,0.04230542452830189,0.5799403790525108
21,absolute,51,cow's tail,49,0.0,0.4151280376375938
21,absolute,52,cow's head,180,0.5861111111111111,0.9048459017442332
21,absolute,53,cow's eye,60,0.04791666666666667,0.7409093181292216
21,absolute,54,cow's torso,187,0.019385026737967916,0.6289172209998503
21,absolute,55,cow's neck,81,0.006172839506172839,0.6954533365773566
21,absolute,56,cow's leg,142,0.007922535211267605,0.39944602192287715
21,absolute,57,cow's ear,138,0.017210144927536232,0.6766160065713136
21,absolute,58,cow's muzzle,161,0.13819875776397517,0.7887947448292134
21,absolute,59,cow's horn,53,0.0047169811320754715,0.5975612969893329
21,absolute,60,dog's tail,367,0.0006811989100817438,0.3207786727178974
21,absolute,61,dog's head,1010,0.7996287128712871,0.8062373251460566
21,absolute,62,dog's eye,641,0.10159906396255851,0.7853308330274037
21,absolute,63,dog's torso,981,0.005733944954128441,0.4207298426331609
21,absolute,64,dog's neck,454,0.0005506607929515419,0.4257495702790006
21,absolute,65,dog's leg,810,0.3026234567901235,0.7069328222929695
21,absolute,66,dog's nose,815,0.001687116564417178,0.44008615984141464
21,absolute,67,dog's paw,629,0.6434817170111288,0.9153633881212229
21,absolute,68,dog's ear,899,0.015433815350389322,0.4450920785842536
21,absolute,69,dog's muzzle,939,0.05511182108626198,0.6063007029830711
21,absolute,70,horse's tail,147,0.002551020408163265,0.32347753045915745
21,absolute,71,horse's head,282,0.563386524822695,0.8883896774434029
21,absolute,72,horse's eye,104,0.054086538461538464,0.7722991097431916
21,absolute,73,horse's torso,293,0.04308873720136519,0.5424218298326987
21,absolute,74,horse's neck,233,0.02145922746781116,0.667058738771938
21,absolute,75,horse's leg,265,0.008018867924528302,0.3758877533786702
21,absolute,76,horse's ear,223,0.010650224215246636,0.6161477146127299
21,absolute,77,horse's muzzle,256,0.1533203125,0.7873652623966336
21,absolute,78,horse's hoof,127,0.001968503937007874,0.28464935004241826
21,absolute,79,motorbike's wheel,244,0.0,0.4230895280593731
21,absolute,80,motorbike's saddle,8,0.0,0.46010222658514977
21,absolute,81,motorbike's handlebar,11,0.4431818181818182,0.9447289434346285
21,absolute,82,motorbike's headlight,113,0.029867256637168143,0.7882500100979762
21,absolute,83,person's head,1334,0.4053999785964993,0.6719250829396085
21,absolute,84,person's eye,585,0.060073260084176676,0.6161160345006192
21,absolute,85,person's torso,1273,0.026428010329334922,0.3596850216245309
21,absolute,86,person's neck,757,0.007926023778071334,0.4832871079794285
21,absolute,87,person's leg,486,0.029063786008230452,0.344634454064991
21,absolute,88,person's foot,135,0.05185185185185185,0.3461698112940347
21,absolute,89,person's nose,907,0.07621278941565601,0.614555885903373
21,absolute,90,person's ear,688,0.007085755813953488,0.449862162384941
21,absolute,91,person's eyebrow,432,0.07262731481481481,0.6832263960386626
21,absolute,92,person's mouth,712,0.021242977528089887,0.5098667363269945
21,absolute,93,person's hair,1082,0.22557763401384495,0.6403020361193943
21,absolute,94,person's lower arm,753,0.0073041168658698535,0.32248641195512845
21,absolute,95,person's upper arm,1043,0.008389261744966443,0.35267682964284036
21,absolute,96,person's hand,669,0.02522421524663677,0.3139484843910186
21,absolute,97,pottedplant's pot,181,0.537292817679558,0.8132003395102959
21,absolute,98,pottedplant's plant,203,0.26778676995796524,0.549121050558654
21,absolute,99,sheep's tail,56,0.0,0.3928891763623272
21,absolute,100,sheep's head,217,0.521889400921659,0.903503698138048
21,absolute,101,sheep's eye,63,0.03968253968253968,0.7101155822239225
21,absolute,102,sheep's torso,236,0.02754237288135593,0.629035822794599
21,absolute,103,sheep's neck,155,0.012903225806451613,0.696734163261229
21,absolute,104,sheep's leg,53,0.01650943396226415,0.45748777912472777
21,absolute,105,sheep's ear,174,0.010057471264367816,0.6609575370776242
21,absolute,106,sheep's muzzle,177,0.08333333333333333,0.7514228544666268
21,absolute,107,sheep's horn,22,0.022727272727272728,0.6654190854592756
21,absolute,108,train's headlight,16,0.03125,0.5483155036345124
21,absolute,109,train's head,209,0.09808612440191387,0.7046608668907978
21,absolute,110,train's front,203,0.08990147783251232,0.6334953174508852
21,absolute,111,train's side,246,0.2682926829268293,0.739000174693945
21,absolute,112,train's back,24,0.08854166666666667,0.6458497730394205
21,absolute,113,train's roof,48,0.5260416666666666,0.9063688740134239
21,absolute,114,train's coach,183,0.3558743169398907,0.7241221451368488
21,absolute,115,tvmonitor's screen,289,0.3892733564013841,0.7058894949800828
21,relative,0,aeroplane's body,462,0.28165584415584416,0.7654074025683073
21,relative,1,aeroplane's stern,414,0.012580515321902032,0.449523707896759
21,relative,2,aeroplane's wing,409,0.00519559902200489,0.46127443999270645
21,relative,3,aeroplane's tail,1,0.125,0.832436203956604
21,relative,4,aeroplane's engine,300,0.06373015880584716,0.502439922640721
21,relative,5,aeroplane's wheel,226,0.27360935555358906,0.900309206242055
21,relative,6,bicycle's wheel,306,0.8123638344551224,0.8421315404714322
21,relative,7,bicycle's saddle,205,0.007317073170731708,0.21193730387745835
21,relative,8,bicycle's handlebar,263,0.4215779467680608,0.9386347364563452
21,relative,9,bicycle's chainwheel,217,0.3588709677419355,0.9001920929152845
21,relative,10,bicycle's headlight,1,1.0,0.977587103843689
21,relative,11,bird's wing,250,0.2731285717487335,0.6350284630097449
21,relative,12,bird's tail,403,0.44913446784906885,0.9154768160939513
21,relative,13,bird's head,535,0.6160057861949796,0.9129352054584806
21,relative,14,bird's eye,218,0.2023427268370576,0.33540948367583645
21,relative,15,bird's beak,431,0.3098000233383577,0.9169729867141927
21,relative,16,bird's torso,575,0.5500372672340145,0.8433129552136297
21,relative,17,bird's neck,284,0.38297283728147896,0.8862795842103135
21,relative,18,bird's leg,285,0.25901420231451067,0.8574935145545424
21,relative,19,bird's foot,199,0.15757358306316874,0.8032841736347831
21,relative,20,bottle's body,432,0.6052276234797858,0.8168846410871656
21,relative,21,bottle's cap,326,0.40094580780143385,0.8307172199196976
21,relative,22,bus's wheel,233,0.6145207440648468,0.9281762995689212
21,relative,23,bus's headlight,155,0.16129032258064516,0.7196999249919769
21,relative,24,bus's front,183,0.26434426229508196,0.7703062300799323
21,relative,25,bus's side,245,0.18600583100805476,0.6977738079976062
21,relative,26,bus's back,53,0.5047169811320755,0.7799399946376963
21,relative,27,bus's roof,20,0.23482142984867097,0.5525715313851833
21,relative,28,bus's mirror,117,0.00747863260599283,0.3286338751960514
21,relative,29,bus's license plate,4,0.19375000149011612,0.6852120459079742
21,relative,30,bus's door,104,0.453136447387246,0.7154645535808343
21,relative,31,bus's window,261,0.8323754789272031,0.8256993985724175
21,relative,32,car's wheel,515,0.7313546003357878,0.8790766342100009
21,relative,33,car's headlight,289,0.5406368432057358,0.8813808034963674
21,relative,34,car's front,365,0.51181343785704,0.7341014603637669
21,relative,35,car's side,515,0.23292880272402347,0.6265866034528584
21,relative,36,car's back,195,0.5879914530576804,0.856214303848071
21,relative,37,car's roof,132,0.2774621213250088,0.7292401538879583
21,relative,38,car's mirror,279,0.175866189609719,0.5773780846527667
21,relative,39,car's license plate,8,0.15029762126505375,0.80460574477911
21,relative,40,car's door,258,0.6544804360515387,0.8378938161009966
21,relative,41,car's window,548,0.7452207164172708,0.8585168677959999
21,relative,42,cat's tail,332,0.5344771945691971,0.8855512007532349
21,relative,43,cat's head,890,0.7856326914905163,0.8403257470284955
21,relative,44,cat's eye,645,0.47644887541153635,0.9357030125840228
21,relative,45,cat's torso,871,0.765308075020973,0.8033696410645026
21,relative,46,cat's neck,601,0.4432057682021882,0.8236865474658084
21,relative,47,cat's leg,670,0.6246002133435278,0.8646805824850923
21,relative,48,cat's nose,589,0.12735871952944175,0.8653560808032802
21,relative,49,cat's paw,570,0.650079365780479,0.9269436587105717
21,relative,50,cat's ear,848,0.5110105011120157,0.8876605057069715
21,relative,51,cow's tail,49,0.2791545193414299,0.8694945871829987
21,relative,52,cow's head,180,0.6168518523375194,0.9128777367373307
21,relative,53,cow's eye,60,0.2897817470133305,0.8240190282464027
21,relative,54,cow's torso,187,0.69451871657754,0.8345924526612389
21,relative,55,cow's neck,81,0.27799823641041177,0.815207161285259
21,relative,56,cow's leg,142,0.44454225352112675,0.8525321303119122
21,relative,57,cow's ear,138,0.2657953766377076,0.8094435045900552
21,relative,58,cow's muzzle,161,0.6271887028254337,0.8598606843061699
21,relative,59,cow's horn,53,0.0023584905660377358,0.22469263325252062
21,relative,60,dog's tail,367,0.38739782019596986,0.8140243986971697
21,relative,61,dog's head,1010,0.7233946255823173,0.838783247060705
21,relative,62,dog's eye,641,0.3662376497492961,0.9262086955507907
21,relative,63,dog's torso,981,0.704980340846088,0.7846475630983422
21,relative,64,dog's neck,454,0.5397393541320306,0.8414711285924071
21,relative,65,dog's leg,810,0.6236625514648578,0.8348186739248994
21,relative,66,dog's nose,815,0.006463628440546843,0.5726318439091641
21,relative,67,dog's paw,629,0.5295896741705214,0.8749943772398989
21,relative,68,dog's ear,899,0.5865617884743598,0.8808843678441541
21,relative,69,dog's muzzle,939,0.5536829971245175,0.8107110043874564
21,relative,70,horse's tail,147,0.5090945904352226,0.9064975093011143
21,relative,71,horse's head,282,0.616755319191209,0.9069237553692878
21,relative,72,horse's eye,104,0.2340430409575884,0.7574575483942261
21,relative,73,horse's torso,293,0.7197098976109215,0.8328573047707919
21,relative,74,horse's neck,233,0.4055793991416309,0.7803082207113888
21,relative,75,horse's leg,265,0.46084905660377357,0.7820931840477124
21,relative,76,horse's ear,223,0.2826179809233533,0.8809025041391497
21,relative,77,horse's muzzle,256,0.6142578142462298,0.8811041946173646
21,relative,78,horse's hoof,127,0.031111736349233494,0.3672973477670292
21,relative,79,motorbike's wheel,244,0.7781762295081968,0.8518893049388635
21,relative,80,motorbike's saddle,8,0.015625,0.48063014820218086
21,relative,81,motorbike's handlebar,11,0.1379870135675777,0.7408998337658969
21,relative,82,motorbike's headlight,113,0.2345132743362832,0.859016562985108
21,relative,83,person's head,1334,0.3197883207691663,0.6067197981105162
21,relative,84,person's eye,585,0.1932214096061185,0.5477043939316566
21,relative,85,person's torso,1273,0.2716997724439062,0.5442753396567999
21,relative,86,person's neck,757,0.1812213004580262,0.4914115893253454
21,relative,87,person's leg,486,0.11497893435842216,0.43956946090837257
21,relative,88,person's foot,135,0.05969135827488369,0.35820862207285786
21,relative,89,person's nose,907,0.15348873927351395,0.6090681059717261
21,relative,90,person's ear,688,0.09179644254144541,0.28642064109776266
21,relative,91,person's eyebrow,432,0.05628858054815619,0.6119692257693883
21,relative,92,person's mouth,712,0.10430042828652966,0.5964306574157868
21,relative,93,person's hair,1082,0.2800743780107463,0.6207515898181294
21,relative,94,person's lower arm,753,0.035129324136027304,0.3374044768553064
21,relative,95,person's upper arm,1043,0.02287700320821709,0.24262441512356198
21,relative,96,person's hand,669,0.07488433375219593,0.3454989737139177
21,relative,97,pottedplant's pot,181,0.6279926336272645,0.8254667405265471
21,relative,98,pottedplant's plant,203,0.5135467981029613,0.7459649943145625
21,relative,99,sheep's tail,56,0.18080357142857142,0.7710173623636365
21,relative,100,sheep's head,217,0.5067972358882702,0.8863853252565805
21,relative,101,sheep's eye,63,0.269860166642401,0.7731204821713387
21,relative,102,sheep's torso,236,0.6022245762711864,0.83497473408105
21,relative,103,sheep's neck,155,0.3387096774193548,0.8134626440463527
21,relative,104,sheep's leg,53,0.41666666685410264,0.8383817068248425
21,relative,105,sheep's ear,174,0.25181992403392134,0.7614253782506647
21,relative,106,sheep's muzzle,177,0.5708568767134079,0.8779781427087083
21,relative,107,sheep's horn,22,0.0,0.18615769713439725
21,relative,108,train's headlight,16,0.11049107182770967,0.6586678922176361
21,relative,109,train's head,209,0.0667065391272449,0.5370340295955895
21,relative,110,train's front,203,0.4780377668553385,0.7770974001126923
21,relative,111,train's side,246,0.04014227642276423,0.43991869706206205
21,relative,112,train's back,24,0.4241071442763011,0.7296927322944006
21,relative,113,train's roof,48,0.015625,0.2680205791257322
21,relative,114,train's coach,183,0.34400208180393677,0.7524059639602411
21,relative,115,tvmonitor's screen,289,0.34558823529411764,0.6952794141629163
22,absolute,0,aeroplane's body,462,0.022727272727272728,0.5248292266225918
22,absolute,1,aeroplane's stern,414,0.3973429951690821,0.8454903636289679
22,absolute,2,aeroplane's wing,409,0.037897310513447434,0.5736732283620788
22,absolute,3,aeroplane's tail,1,0.125,0.9104771018028259
22,absolute,4,aeroplane's engine,300,0.004166666666666667,0.44627983649571734
22,absolute,5,aeroplane's wheel,226,0.0,0.2700801697452511
22,absolute,6,bicycle's wheel,306,0.02287581699346405,0.49585644701142717
22,absolute,7,bicycle's saddle,205,0.06646341463414634,0.7115807241056024
22,absolute,8,bicycle's handlebar,263,0.4244296577946768,0.941010872674079
22,absolute,9,bicycle's chainwheel,217,0.001152073732718894,0.42478563777312706
22,absolute,10,bicycle's headlight,1,0.0,0.4942828416824341
22,absolute,11,bird's wing,250,0.0245,0.43817670837044714
22,absolute,12,bird's tail,403,0.0015508684863523574,0.3227207492158815
22,absolute,13,bird's head,535,0.27453271028037385,0.7711117004261953
22,absolute,14,bird's eye,218,0.007454128440366973,0.5224363678092256
22,absolute,15,bird's beak,431,0.3349767981438515,0.9418515206904533
22,absolute,16,bird's torso,575,0.026304347826086958,0.49536654395901636
22,absolute,17,bird's neck,284,0.018045774647887324,0.6009443973938764
22,absolute,18,bird's leg,285,0.011842105263157895,0.42434960065180793
22,absolute,19,bird's foot,199,0.04020100502512563,0.45297666186064334
22,absolute,20,bottle's body,432,0.464583333340232,0.6817606280178383
22,absolute,21,bottle's cap,326,0.424079754601227,0.8953068181415277
22,absolute,22,bus's wheel,233,0.000536480686695279,0.4616108069220326
22,absolute,23,bus's headlight,155,0.0,0.4512434009582766
22,absolute,24,bus's front,183,0.03825136612021858,0.6114525475788638
22,absolute,25,bus's side,245,0.3377551020408163,0.7935291196618761
22,absolute,26,bus's back,53,0.04716981132075472,0.6611383675404314
22,absolute,27,bus's roof,20,0.04375,0.6475081473588944
22,absolute,28,bus's mirror,117,0.0,0.5985848720257099
22,absolute,29,bus's license plate,4,0.0,0.3412529267370701
22,absolute,30,bus's door,104,0.10697115384615384,0.6947995301049489
22,absolute,31,bus's window,261,0.8448275862068966,0.8982189084149869
22,absolute,32,car's wheel,515,0.002912621359223301,0.35928347912228226
22,absolute,33,car's headlight,289,0.0025951557093425604,0.3276606480748905
22,absolute,34,car's front,365,0.1482876712328767,0.5683657348155975
22,absolute,35,car's side,515,0.08058252427184466,0.5547712125679821
22,absolute,36,car's back,195,0.14166666666666666,0.6205768235600911
22,absolute,37,car's roof,132,0.09090909090909091,0.7127089800708222
22,absolute,38,car's mirror,279,0.00492831541218638,0.48656041183138404
22,absolute,39,car's license plate,8,0.0,0.25805244129151106
22,absolute,40,car's door,258,0.1002906976744186,0.575399305353793
22,absolute,41,car's window,548,0.7554744525547445,0.8938294003044602
22,absolute,42,cat's tail,332,0.0030120481927710845,0.3884609433182751
22,absolute,43,cat's head,890,0.8723314606741573,0.8579294720183263
22,absolute,44,cat's eye,645,0.0874031007751938,0.7832009734109391
22,absolute,45,cat's torso,871,0.007319173363949483,0.4679355233283254
22,absolute,46,cat's neck,601,0.0006239600665557404,0.5192382759887247
22,absolute,47,cat's leg,670,0.30130597014925375,0.7337325991089664
22,absolute,48,cat's nose,589,0.004244482173174873,0.5969611724082804
22,absolute,49,cat's paw,570,0.5774122807017544,0.8800862458452844
22,absolute,50,cat's ear,848,0.044663915094339625,0.5827763606003433
22,absolute,51,cow's tail,49,0.0,0.41577721554405833
22,absolute,52,cow's head,180,0.5847222222222223,0.9043488052570158
22,absolute,53,cow's eye,60,0.04791666666666667,0.7417495792110761
22,absolute,54,cow's torso,187,0.01804812834224599,0.6286399550138311
22,absolute,55,cow's neck,81,0.006172839506172839,0.6954909147303782
22,absolute,56,cow's leg,142,0.007922535211267605,0.39923268871408113
22,absolute,57,cow's ear,138,0.018115942028985508,0.6765677833902664
22,absolute,58,cow's muzzle,161,0.1389751552795031,0.7892451513998257
22,absolute,59,cow's horn,53,0.0047169811320754715,0.5975612998008728
22,absolute,60,dog's tail,367,0.0006811989100817438,0.32094551622867584
22,absolute,61,dog's head,1010,0.8006188118811881,0.8070188495929879
22,absolute,62,dog's eye,641,0.10335413416536661,0.7878581711356986
22,absolute,63,dog's torso,981,0.005479102956167176,0.42009242114048
22,absolute,64,dog's neck,454,0.0005506607929515419,0.4273299711391264
22,absolute,65,dog's leg,810,0.2967592592592593,0.7042326240443889
22,absolute,66,dog's nose,815,0.001687116564417178,0.4394348649890876
22,absolute,67,dog's paw,629,0.6474562798092209,0.9158293805033301
22,absolute,68,dog's ear,899,0.01585094549499444,0.44673699925387395
22,absolute,69,dog's muzzle,939,0.05338125665601704,0.6050865938520025
22,absolute,70,horse's tail,147,0.002551020408163265,0.3238925002261895
22,absolute,71,horse's head,282,0.5638297872340425,0.8882825611330939
22,absolute,72,horse's eye,104,0.055288461538461536,0.7733976588799403
22,absolute,73,horse's torso,293,0.0439419795221843,0.5417112670965976
22,absolute,74,horse's neck,233,0.02145922746781116,0.6673924723408253
22,absolute,75,horse's leg,265,0.008018867924528302,0.3755836415965602
22,absolute,76,horse's ear,223,0.010650224215246636,0.6162133643178127
22,absolute,77,horse's muzzle,256,0.1533203125,0.7872683464083821
22,absolute,78,horse's hoof,127,0.001968503937007874,0.28467415108924776
22,absolute,79,motorbike's wheel,244,0.0,0.422651471173177
22,absolute,80,motorbike's saddle,8,0.0,0.46010222658514977
22,absolute,81,motorbike's handlebar,11,0.4431818181818182,0.9447289434346285
22,absolute,82,motorbike's headlight,113,0.028761061946902654,0.7887695642699183
22,absolute,83,person's head,1334,0.4060559006354798,0.6720255128773993
22,absolute,84,person's eye,585,0.06114163615255274,0.6170273890304897
22,absolute,85,person's torso,1273,0.02623162384072534,0.3586612750651009
22,absolute,86,person's neck,757,0.007760898282694848,0.48330744922092206
22,absolute,87,person's leg,486,0.029063786008230452,0.34331149885185647
22,absolute,88,person's foot,135,0.05185185185185185,0.3458994400997957
22,absolute,89,person's nose,907,0.07676405733186328,0.6150927915635221
22,absolute,90,person's ear,688,0.006904069767441861,0.4497066970324404
22,absolute,91,person's eyebrow,432,0.07291666666666667,0.6831462852919854
22,absolute,92,person's mouth,712,0.021418539325842697,0.510211124472069
22,absolute,93,person's hair,1082,0.22627079482715362,0.6404024134949539
22,absolute,94,person's lower arm,753,0.006806108897742364,0.320387516053861
22,absolute,95,person's upper arm,1043,0.008389261744966443,0.3513101086713381
22,absolute,96,person's hand,669,0.02391629297458894,0.3107750918925009
22,absolute,97,pottedplant's pot,181,0.5379834254143646,0.8138198244143586
22,absolute,98,pottedplant's plant,203,0.26655524286436916,0.5481011840363441
22,absolute,99,sheep's tail,56,0.0,0.3928891763623272
22,absolute,100,sheep's head,217,0.5190092165898618,0.9032312005346271
22,absolute,101,sheep's eye,63,0.03968253968253968,0.7132550974686941
22,absolute,102,sheep's torso,236,0.028601694915254237,0.6291481077165927
22,absolute,103,sheep's neck,155,0.012903225806451613,0.6967651053782432
22,absolute,104,sheep's leg,53,0.01650943396226415,0.4572756383216606
22,absolute,105,sheep's ear,174,0.009339080459770116,0.6609794323643049
22,absolute,106,sheep's muzzle,177,0.08333333333333333,0.7518178116803789
22,absolute,107,sheep's horn,22,0.022727272727272728,0.6639839112758636
22,absolute,108,train's headlight,16,0.03125,0.5447167903184891
22,absolute,109,train's head,209,0.09688995215311005,0.7049027933030607
22,absolute,110,train's front,203,0.08559113300492611,0.6320770945161435
22,absolute,111,train's side,246,0.2682926829268293,0.7390131127785861
22,absolute,112,train's back,24,0.08333333333333333,0.6439047058423361
22,absolute,113,train's roof,48,0.5208333333333334,0.9045827587445577
22,absolute,114,train's coach,183,0.35382513661202186,0.7247786197831722
22,absolute,115,tvmonitor's screen,289,0.39013840830449825,0.7056215461150173
22,relative,0,aeroplane's body,462,0.2727272727272727,0.7605778037921175
22,relative,1,aeroplane's stern,414,0.011674718220452756,0.452701423569146
22,relative,2,aeroplane's wing,409,0.004584352078239609,0.45920143624389664
22,relative,3,aeroplane's tail,1,0.125,0.8324362635612488
22,relative,4,aeroplane's engine,300,0.06198412711421648,0.4972773081064224
22,relative,5,aeroplane's wheel,226,0.27345132794791616,0.903448720157674
22,relative,6,bicycle's wheel,306,0.8135893246512008,0.8422393481326259
22,relative,7,bicycle's saddle,205,0.006707317073170732,0.2103221215852877
22,relative,8,bicycle's handlebar,263,0.4206273764258555,0.9383196382014923
22,relative,9,bicycle's chainwheel,217,0.36059907834101385,0.9027130506280381
22,relative,10,bicycle's headlight,1,1.0,0.977587103843689
22,relative,11,bird's wing,250,0.2621285717487335,0.6288951063193381
22,relative,12,bird's tail,403,0.45014770192188897,0.9155306156456618
22,relative,13,bird's head,535,0.611633289556637,0.9118213892818612
22,relative,14,bird's eye,218,0.19685452246884688,0.3317924293373293
22,relative,15,bird's beak,431,0.30983593095344625,0.9177803083943104
22,relative,16,bird's torso,575,0.5537329194079275,0.84455921297488
22,relative,17,bird's neck,284,0.38649396404204234,0.8872854029366248
22,relative,18,bird's leg,285,0.2604135339720207,0.8577854506802141
22,relative,19,bird's foot,199,0.1624192398546928,0.8059082020766771
22,relative,20,bottle's body,432,0.6040702160723783,0.8161569645076439
22,relative,21,bottle's cap,326,0.4040132924640106,0.834093579508227
22,relative,22,bus's wheel,233,0.615057224751542,0.9282267550286305
22,relative,23,bus's headlight,155,0.17096774193548386,0.735364937301605
22,relative,24,bus's front,183,0.27117486338797814,0.7725476765893197
22,relative,25,bus's side,245,0.18549562692642213,0.6968155320809812
22,relative,26,bus's back,53,0.5094339622641509,0.7811801394201675
22,relative,27,bus's roof,20,0.22857142984867096,0.5521435149013996
22,relative,28,bus's mirror,117,0.006868132031880892,0.33134586539151323
22,relative,29,bus's license plate,4,0.19375000149011612,0.6970713138580322
22,relative,30,bus's door,104,0.4518200551661161,0.7185434305037444
22,relative,31,bus's window,261,0.835727969348659,0.8287511618658044
22,relative,32,car's wheel,515,0.7311118818891859,0.8792517740677283
22,relative,33,car's headlight,289,0.5466633714915972,0.8865147399036117
22,relative,34,car's front,365,0.5153326811039285,0.7351907010356041
22,relative,35,car's side,515,0.2302588998114021,0.6247970718492581
22,relative,36,car's back,195,0.5950427351089624,0.8573794979315538
22,relative,37,car's roof,132,0.2828282830164288,0.7301966625858437
22,relative,38,car's mirror,279,0.1796296305660706,0.5846758396081012
22,relative,39,car's license plate,8,0.15446428768336773,0.8027728721499443
22,relative,40,car's door,258,0.6616602069878763,0.8414058780600858
22,relative,41,car's window,548,0.7462091591127598,0.8586063145992965
22,relative,42,cat's tail,332,0.5333476764969078,0.8866486211408333
22,relative,43,cat's head,890,0.7868967364343364,0.8407002458872085
22,relative,44,cat's eye,645,0.47724806336007375,0.9365500084940315
22,relative,45,cat's torso,871,0.7660256410370464,0.8035461849925438
22,relative,46,cat's neck,601,0.44674154191267074,0.8260873352330854
22,relative,47,cat's leg,670,0.6307835821117928,0.8672843922207605
22,relative,48,cat's nose,589,0.12611569261814015,0.8638406246141586
22,relative,49,cat's paw,570,0.6494256481528282,0.9267148866465217
22,relative,50,cat's ear,848,0.5134532234438185,0.8886697822654585
22,relative,51,cow's tail,49,0.27842565610700726,0.8703154368059975
22,relative,52,cow's head,180,0.6165542334318161,0.9126662597060203
22,relative,53,cow's eye,60,0.2897817470133305,0.8242198725541433
22,relative,54,cow's torso,187,0.69451871657754,0.835667333739964
22,relative,55,cow's neck,81,0.279541446286955,0.8165964789596605
22,relative,56,cow's leg,142,0.44190140845070425,0.8537433613354052
22,relative,57,cow's ear,138,0.26947895167530445,0.8118103946680608
22,relative,58,cow's muzzle,161,0.6257098506881583,0.8598053819320587
22,relative,59,cow's horn,53,0.0023584905660377358,0.2252728557917026
22,relative,60,dog's tail,367,0.3857629428280147,0.8154366350547494
22,relative,61,dog's head,1010,0.7257142861290733,0.838337747103507
22,relative,62,dog's eye,641,0.3665013745915313,0.926337568789674
22,relative,63,dog's torso,981,0.7060506772496771,0.784492091058348
22,relative,64,dog's neck,454,0.5415748899991292,0.8429686076249845
22,relative,65,dog's leg,810,0.6258230452920184,0.8346660686679829
22,relative,66,dog's nose,815,0.006638913286244211,0.572702393429411
22,relative,67,dog's paw,629,0.5305303207025619,0.8754946466991367
22,relative,68,dog's ear,899,0.5897054931644072,0.8819321737406118
22,relative,69,dog's muzzle,939,0.5575865927183082,0.8123742730472796
22,relative,70,horse's tail,147,0.5068108197174915,0.9069559687659854
22,relative,71,horse's head,282,0.6168186424154762,0.9065713239899764
22,relative,72,horse's eye,104,0.23387133759947923,0.7586512087772672
22,relative,73,horse's torso,293,0.7192832764505119,0.8325822728689213
22,relative,74,horse's neck,233,0.411480686695279,0.7833896278695487
22,relative,75,horse's leg,265,0.4696540880878017,0.7815222995882889
22,relative,76,horse's ear,223,0.28341874947996953,0.8814511413731917
22,relative,77,horse's muzzle,256,0.6126534615177661,0.8812076157773845
22,relative,78,horse's hoof,127,0.02835583076702328,0.3700947479352238
22,relative,79,motorbike's wheel,244,0.7776639344262295,0.8518801109224069
22,relative,80,motorbike's saddle,8,0.015625,0.4746040999889374
22,relative,81,motorbike's handlebar,11,0.12662337720394135,0.740907300602306
22,relative,82,motorbike's headlight,113,0.24668141592920353,0.8637889866280345
22,relative,83,person's head,1334,0.32205325983900357,0.6068943375660486
22,relative,84,person's eye,585,0.19181929312200627,0.5492782234938608
22,relative,85,person's torso,1273,0.27076179315888405,0.5444144698535512
22,relative,86,person's neck,757,0.18373278080629704,0.49465270728042626
22,relative,87,person's leg,486,0.1124069178975168,0.44072891985652624
22,relative,88,person's foot,135,0.05932098792658912,0.3588545588569509
22,relative,89,person's nose,907,0.15360949327296433,0.6093431806855125
22,relative,90,person's ear,688,0.10133928593334764,0.29694368811303934
22,relative,91,person's eyebrow,432,0.05384700217594703,0.6101121846295428
22,relative,92,person's mouth,712,0.10248628970277443,0.598320542337645
22,relative,93,person's hair,1082,0.2833663417566946,0.6255765380647701
22,relative,94,person's lower arm,753,0.03477360415031235,0.33781584104953477
22,relative,95,person's upper arm,1043,0.022725197492829904,0.24012742318036187
22,relative,96,person's hand,669,0.07297850419142143,0.34543641570187067
22,relative,97,pottedplant's pot,181,0.6307550645664911,0.8253635075869481
22,relative,98,pottedplant's plant,203,0.5147783251965574,0.7459374951391384
22,relative,99,sheep's tail,56,0.17857142857142858,0.7725316263469202
22,relative,100,sheep's head,217,0.5045369770120366,0.8854540743723444
22,relative,101,sheep's eye,63,0.269860166642401,0.7740981000519934
22,relative,102,sheep's torso,236,0.6032838983050848,0.8354374354673644
22,relative,103,sheep's neck,155,0.34129032261909975,0.8152955603215002
22,relative,104,sheep's leg,53,0.4237421385522159,0.8376386719492247
22,relative,105,sheep's ear,174,0.25441981458115853,0.7638280598082762
22,relative,106,sheep's muzzle,177,0.5708568767134079,0.8778805315157788
22,relative,107,sheep's horn,22,0.0,0.18741052005101333
22,relative,108,train's headlight,16,0.11049107182770967,0.6648542638868093
22,relative,109,train's head,209,0.06730462525164682,0.5394187232381419
22,relative,110,train's front,203,0.47923997191372764,0.7804912905681309
22,relative,111,train's side,246,0.04014227642276423,0.4402553549990421
22,relative,112,train's back,24,0.4241071442763011,0.731147105495135
22,relative,113,train's roof,48,0.015625,0.267914243042469
22,relative,114,train's coach,183,0.34240827485511866,0.7527187764644623
22,relative,115,tvmonitor's screen,289,0.3412629757785467,0.6938268111238842
23,absolute,0,aeroplane's body,462,0.022727272727272728,0.5247652856754018
23,absolute,1,aeroplane's stern,414,0.3958333333333333,0.8452292264659623
23,absolute,2,aeroplane's wing,409,0.03850855745721271,0.5736885361173042
23,absolute,3,aeroplane's tail,1,0.125,0.9104771018028259
23,absolute,4,aeroplane's engine,300,0.004166666666666667,0.44620845581094426
23,absolute,5,aeroplane's wheel,226,0.0,0.27018712724732086
23,absolute,6,bicycle's wheel,306,0.02287581699346405,0.49521831559394697
23,absolute,7,bicycle's saddle,205,0.06951219512195123,0.712716194623854
23,absolute,8,bicycle's handlebar,263,0.4244296577946768,0.9412074773483856
23,absolute,9,bicycle's chainwheel,217,0.001152073732718894,0.4243015428567262
23,absolute,10,bicycle's headlight,1,0.0,0.4942828416824341
23,absolute,11,bird's wing,250,0.025,0.43813222962617876
23,absolute,12,bird's tail,403,0.0015508684863523574,0.3227346740552125
23,absolute,13,bird's head,535,0.2740654205607477,0.7709895261676512
23,absolute,14,bird's eye,218,0.007454128440366973,0.5227656152543672
23,absolute,15,bird's beak,431,0.3352668213457077,0.9418186714781962
23,absolute,16,bird's torso,575,0.02608695652173913,0.4953166945732158
23,absolute,17,bird's neck,284,0.018045774647887324,0.6009827846739914
23,absolute,18,bird's leg,285,0.011403508771929825,0.4238681785893022
23,absolute,19,bird's foot,199,0.038944723618090454,0.45148720693348643
23,absolute,20,bottle's body,432,0.46255787037726903,0.6813646152408587
23,absolute,21,bottle's cap,326,0.42753067484662577,0.8963902187676518
23,absolute,22,bus's wheel,233,0.000536480686695279,0.4612949401012306
23,absolute,23,bus's headlight,155,0.0,0.4518839705374933
23,absolute,24,bus's front,183,0.0389344262295082,0.6106195918849258
23,absolute,25,bus's side,245,0.3433673469387755,0.7941735867334871
23,absolute,26,bus's back,53,0.04716981132075472,0.661826381143534
23,absolute,27,bus's roof,20,0.05,0.649279136955738
23,absolute,28,bus's mirror,117,0.0,0.5978547253160396
23,absolute,29,bus's license plate,4,0.0,0.33787792176008224
23,absolute,30,bus's door,104,0.10576923076923077,0.6936100744284116
23,absolute,31,bus's window,261,0.8453065134099617,0.8980714380741119
23,absolute,32,car's wheel,515,0.002912621359223301,0.3601685314647202
23,absolute,33,car's headlight,289,0.0021626297577854673,0.32794756959853083
23,absolute,34,car's front,365,0.14863013698630137,0.5689750054111219
23,absolute,35,car's side,515,0.08179611650485437,0.5555956183272658
23,absolute,36,car's back,195,0.14166666666666666,0.6202688820469073
23,absolute,37,car's roof,132,0.09185606060606061,0.7137179918812983
23,absolute,38,car's mirror,279,0.00492831541218638,0.48584203106955387
23,absolute,39,car's license plate,8,0.0,0.25805244129151106
23,absolute,40,car's door,258,0.10222868217054264,0.5800079689469448
23,absolute,41,car's window,548,0.7538777372262774,0.8930240258248183
23,absolute,42,cat's tail,332,0.00338855421686747,0.3851076031934066
23,absolute,43,cat's head,890,0.8710674157303371,0.857553703141179
23,absolute,44,cat's eye,645,0.09593023255813954,0.7927083017290101
23,absolute,45,cat's torso,871,0.007462686567164179,0.46293290299882023
23,absolute,46,cat's neck,601,0.0006239600665557404,0.5204487140484142
23,absolute,47,cat's leg,670,0.28376865671641793,0.7230500161202986
23,absolute,48,cat's nose,589,0.004244482173174873,0.5970308241293669
23,absolute,49,cat's paw,570,0.5870614035087719,0.8843393061506121
23,absolute,50,cat's ear,848,0.047612028301886794,0.5861899681600198
23,absolute,51,cow's tail,49,0.0,0.415904308764302
23,absolute,52,cow's head,180,0.5854166666666667,0.9048904429293341
23,absolute,53,cow's eye,60,0.05,0.7438988347848257
23,absolute,54,cow's torso,187,0.01871657754010695,0.6286153567825409
23,absolute,55,cow's neck,81,0.006172839506172839,0.6955390068483941
23,absolute,56,cow's leg,142,0.007922535211267605,0.3987666190090314
23,absolute,57,cow's ear,138,0.018115942028985508,0.6768353138712869
23,absolute,58,cow's muzzle,161,0.13975155279503104,0.7894313631590849
23,absolute,59,cow's horn,53,0.0047169811320754715,0.5973837994179636
23,absolute,60,dog's tail,367,0.0006811989100817438,0.32106543147596417
23,absolute,61,dog's head,1010,0.801980198019802,0.8079660814366129
23,absolute,62,dog's eye,641,0.10530421216848673,0.7914443324304036
23,absolute,63,dog's torso,981,0.006625891946992864,0.4202794829358809
23,absolute,64,dog's neck,454,0.0005506607929515419,0.42894949271684174
23,absolute,65,dog's leg,810,0.29228395061728396,0.7015861029978152
23,absolute,66,dog's nose,815,0.001687116564417178,0.4391584813229145
23,absolute,67,dog's paw,629,0.6526232114467408,0.9170526589469804
23,absolute,68,dog's ear,899,0.01585094549499444,0.44760167457005867
23,absolute,69,dog's muzzle,939,0.05231629392971246,0.6041744841903416
23,absolute,70,horse's tail,147,0.002551020408163265,0.3240805352423467
23,absolute,71,horse's head,282,0.5638297872340425,0.88836488740664
23,absolute,72,horse's eye,104,0.057692307692307696,0.777325787796424
23,absolute,73,horse's torso,293,0.04479522184300341,0.5416380772208191
23,absolute,74,horse's neck,233,0.022532188841201718,0.6680792165928132
23,absolute,75,horse's leg,265,0.007547169811320755,0.3753102160849661
23,absolute,76,horse's ear,223,0.010650224215246636,0.6157425572519345
23,absolute,77,horse's muzzle,256,0.15283203125,0.7872700681909919
23,absolute,78,horse's hoof,127,0.001968503937007874,0.2846123456485628
23,absolute,79,motorbike's wheel,244,0.0,0.4226202744318814
23,absolute,80,motorbike's saddle,8,0.0,0.46010222658514977
23,absolute,81,motorbike's handlebar,11,0.4431818181818182,0.9447289434346285
23,absolute,82,motorbike's headlight,113,0.028761061946902654,0.7887893005282478
23,absolute,83,person's head,1334,0.40596219748705403,0.6718568084328652
23,absolute,84,person's eye,585,0.0619963370072536,0.6170364538908132
23,absolute,85,person's torso,1273,0.025642464374896586,0.35725711074636524
23,absolute,86,person's neck,757,0.007760898282694848,0.4835332888356918
23,absolute,87,person's leg,486,0.02880658436213992,0.34196714170031833
23,absolute,88,person's foot,135,0.05092592592592592,0.343611806900137
23,absolute,89,person's nose,907,0.0775909592061742,0.6158361989766556
23,absolute,90,person's ear,688,0.006722383720930232,0.44923314361881767
23,absolute,91,person's eyebrow,432,0.07262731481481481,0.6830563161250515
23,absolute,92,person's mouth,712,0.021594101123595506,0.5113095413433032
23,absolute,93,person's hair,1082,0.22707948244268045,0.6403676194591575
23,absolute,94,person's lower arm,753,0.006806108897742364,0.31910132993863594
23,absolute,95,person's upper arm,1043,0.008149568552253116,0.34999607364831925
23,absolute,96,person's hand,669,0.02391629297458894,0.3091941680661744
23,absolute,97,pottedplant's pot,181,0.5400552486187845,0.8142177766363924
23,absolute,98,pottedplant's plant,203,0.2659394793175711,0.5474220503286775
23,absolute,99,sheep's tail,56,0.0,0.39374061753707273
23,absolute,100,sheep's head,217,0.5190092165898618,0.9031577247628418
23,absolute,101,sheep's eye,63,0.03968253968253968,0.714969182298297
23,absolute,102,sheep's torso,236,0.028072033898305086,0.6293009964086241
23,absolute,103,sheep's neck,155,0.013709677419354839,0.6973450931810563
23,absolute,104,sheep's leg,53,0.014150943396226415,0.4563335216832611
23,absolute,105,sheep's ear,174,0.010057471264367816,0.661063096560966
23,absolute,106,sheep's muzzle,177,0.08333333333333333,0.7522221109961386
23,absolute,107,sheep's horn,22,0.022727272727272728,0.6643182987516577
23,absolute,108,train's headlight,16,0.03125,0.5447167921811342
23,absolute,109,train's head,209,0.09629186602870814,0.7049626677372809
23,absolute,110,train's front,203,0.08559113300492611,0.6317923177639252
23,absolute,111,train's side,246,0.26727642276422764,0.7388975480949975
23,absolute,112,train's back,24,0.08333333333333333,0.6439047083258629
23,absolute,113,train's roof,48,0.5234375,0.904738130668799
23,absolute,114,train's coach,183,0.35450819672131145,0.7253113895491824
23,absolute,115,tvmonitor's screen,289,0.38711072664359863,0.7051463349880231
23,relative,0,aeroplane's body,462,0.2616341991341991,0.7542006308575729
23,relative,1,aeroplane's stern,414,0.011372785853302998,0.45444517595252554
23,relative,2,aeroplane's wing,409,0.003667481662591687,0.45591057509111016
23,relative,3,aeroplane's tail,1,0.125,0.8324362635612488
23,relative,4,aeroplane's engine,300,0.05704365094502767,0.4926870656013489
23,relative,5,aeroplane's wheel,226,0.2736093558173264,0.9037019760735268
23,relative,6,bicycle's wheel,306,0.813997821383227,0.8428835364338619
23,relative,7,bicycle's saddle,205,0.004878048780487805,0.20897438177248326
23,relative,8,bicycle's handlebar,263,0.4206273764258555,0.9386477320819753
23,relative,9,bicycle's chainwheel,217,0.36324884794000106,0.9049862410340991
23,relative,10,bicycle's headlight,1,1.0,0.977587103843689
23,relative,11,bird's wing,250,0.2541571433544159,0.6249384527243674
23,relative,12,bird's tail,403,0.4493619285653306,0.9161769892678367
23,relative,13,bird's head,535,0.6093235432266075,0.9107918774134645
23,relative,14,bird's eye,218,0.19673438267696888,0.33317348611361663
23,relative,15,bird's beak,431,0.3106286610431295,0.9180914896546827
23,relative,16,bird's torso,575,0.5547039339075918,0.8455422261486882
23,relative,17,bird's neck,284,0.3915492960999549,0.8894496645621011
23,relative,18,bird's leg,285,0.2587218046711202,0.8567621307414874
23,relative,19,bird's foot,199,0.16566762447956218,0.8116191227232391
23,relative,20,bottle's body,432,0.6052276234797858,0.8161136694942359
23,relative,21,bottle's cap,326,0.409308355278764,0.8381644589083692
23,relative,22,bus's wheel,233,0.6166666668116279,0.9287153325111569
23,relative,23,bus's headlight,155,0.17983870967741936,0.7434989090888731
23,relative,24,bus's front,183,0.28005464480874315,0.7733920820749522
23,relative,25,bus's side,245,0.1833333334144281,0.6970880828341659
23,relative,26,bus's back,53,0.5094339622641509,0.7813963693267895
23,relative,27,bus's roof,20,0.23482142984867097,0.5537330053746701
23,relative,28,bus's mirror,117,0.007071632223251538,0.3296304229551401
23,relative,29,bus's license plate,4,0.19375000149011612,0.6956981420516968
23,relative,30,bus's door,104,0.45610119130175847,0.7240981346426102
23,relative,31,bus's window,261,0.8381226053639846,0.830568040353585
23,relative,32,car's wheel,515,0.730626444995982,0.8791932343785623
23,relative,33,car's headlight,289,0.5495880710212417,0.8912850085220535
23,relative,34,car's front,365,0.5184246578036922,0.7355975408668387
23,relative,35,car's side,515,0.22792417951000546,0.6238320852367624
23,relative,36,car's back,195,0.6010256410409243,0.8591371355912625
23,relative,37,car's roof,132,0.28219696980985726,0.7338369564350807
23,relative,38,car's mirror,279,0.18535159677801166,0.5955219366404104
23,relative,39,car's license plate,8,0.15000000037252903,0.8049731254577637
23,relative,40,car's door,258,0.6658361021631448,0.8436451242991196
23,relative,41,car's window,548,0.748262078820789,0.8592617585167398
23,relative,42,cat's tail,332,0.5338855421686747,0.8874350096805986
23,relative,43,cat's head,890,0.7889031569609481,0.8409257896997956
23,relative,44,cat's eye,645,0.4776633457388989,0.9367009361411712
23,relative,45,cat's torso,871,0.767173746662764,0.8039334576179185
23,relative,46,cat's neck,601,0.44674154191267074,0.8270121982906901
23,relative,47,cat's leg,670,0.6374644634216579,0.8690563609573378
23,relative,48,cat's nose,589,0.12550933803281478,0.8632346356259137
23,relative,49,cat's paw,570,0.6486424401402473,0.9260484377673843
23,relative,50,cat's ear,848,0.5163325473385038,0.8898110719713962
23,relative,51,cow's tail,49,0.2835276969233338,0.873673422604191
23,relative,52,cow's head,180,0.6200264556540384,0.9115239522523351
23,relative,53,cow's eye,60,0.2897817470133305,0.8261606569091479
23,relative,54,cow's torso,187,0.6911764705882353,0.8359611772279688
23,relative,55,cow's neck,81,0.2826278660400414,0.818048409105819
23,relative,56,cow's leg,142,0.44630281690140844,0.8532559922043707
23,relative,57,cow's ear,138,0.27305900694235513,0.813977502502393
23,relative,58,cow's muzzle,161,0.6249630300339705,0.8593658595027761
23,relative,59,cow's horn,53,0.0023584905660377358,0.22476576196627235
23,relative,60,dog's tail,367,0.38524069034111275,0.8168814603127641
23,relative,61,dog's head,1010,0.7253076384120648,0.837562558645069
23,relative,62,dog's eye,641,0.3666926679345263,0.9263599298301614
23,relative,63,dog's torso,981,0.7057958352517159,0.7841699620391737
23,relative,64,dog's neck,454,0.5431088736929032,0.8435087317543408
23,relative,65,dog's leg,810,0.6296810699833764,0.8350160815649562
23,relative,66,dog's nose,815,0.006638913286244211,0.5730817312477556
23,relative,67,dog's paw,629,0.532491104946796,0.8781947520323133
23,relative,68,dog's ear,899,0.5935814929618454,0.8832767428426244
23,relative,69,dog's muzzle,939,0.5612632497208822,0.8135101105521916
23,relative,70,horse's tail,147,0.5080012959890625,0.9095104932785034
23,relative,71,horse's head,282,0.6172619048268237,0.906265710579588
23,relative,72,horse's eye,104,0.23387133759947923,0.759860381269111
23,relative,73,horse's torso,293,0.7188566552901023,0.8331377991433844
23,relative,74,horse's neck,233,0.41702432054306815,0.786089614289513
23,relative,75,horse's leg,265,0.47484276733308467,0.7810903196064931
23,relative,76,horse's ear,223,0.28558082504390064,0.8822748404113167
23,relative,77,horse's muzzle,256,0.6130254850722849,0.8810775677557103
23,relative,78,horse's hoof,127,0.03203974535146097,0.3881347948523957
23,relative,79,motorbike's wheel,244,0.7761270491803278,0.8515422312451191
23,relative,80,motorbike's saddle,8,0.015625,0.45340531319379807
23,relative,81,motorbike's handlebar,11,0.13636363636363635,0.7391037019816312
23,relative,82,motorbike's headlight,113,0.27323008849557523,0.8714531306671885
23,relative,83,person's head,1334,0.32210145009377195,0.606320838168343
23,relative,84,person's eye,585,0.19379120991270765,0.5517929181966007
23,relative,85,person's torso,1273,0.27140051686005245,0.5449148158907513
23,relative,86,person's neck,757,0.18326571158562815,0.4960288012116075
23,relative,87,person's leg,486,0.11056486422142374,0.44249489030383005
23,relative,88,person's foot,135,0.058703704123143796,0.3588257619076305
23,relative,89,person's nose,907,0.15582637781279352,0.6079374194071272
23,relative,90,person's ear,688,0.10188434415951718,0.3017958141836273
23,relative,91,person's eyebrow,432,0.05276399954325623,0.6098677551953761
23,relative,92,person's mouth,712,0.10213516610726882,0.5987666271662266
23,relative,93,person's hair,1082,0.2889886463608407,0.6293486515438793
23,relative,94,person's lower arm,753,0.035935622742609835,0.33829030619963885
23,relative,95,person's upper arm,1043,0.021789252629444675,0.23796158831045103
23,relative,96,person's hand,669,0.07176133564858515,0.34615044459917754
23,relative,97,pottedplant's pot,181,0.6279926336272645,0.8261822117955645
23,relative,98,pottedplant's plant,203,0.5160098522901535,0.745860837143043
23,relative,99,sheep's tail,56,0.17857142857142858,0.7729507427928703
23,relative,100,sheep's head,217,0.5031380303169725,0.8852847631213852
23,relative,101,sheep's eye,63,0.26906651589605546,0.7739513524704509
23,relative,102,sheep's torso,236,0.6048728813559322,0.8363859120566967
23,relative,103,sheep's neck,155,0.342096774232003,0.816061205440952
23,relative,104,sheep's leg,53,0.43081761025032905,0.8392504400239801
23,relative,105,sheep's ear,174,0.25585659619035395,0.7645913524360493
23,relative,106,sheep's muzzle,177,0.5697471109655617,0.8777394244226359
23,relative,107,sheep's horn,22,0.0,0.18639282848347316
23,relative,108,train's headlight,16,0.11049107182770967,0.6648542657494545
23,relative,109,train's head,209,0.06838687634068813,0.539565537962617
23,relative,110,train's front,203,0.47783251231527096,0.7802940784710382
23,relative,111,train's side,246,0.04014227642276423,0.44074920831414743
23,relative,112,train's back,24,0.4129464291036129,0.726446067293485
23,relative,113,train's roof,48,0.015625,0.2697761633122961
23,relative,114,train's coach,183,0.3437743950736979,0.752901961406072
23,relative,115,tvmonitor's screen,289,0.3360726643598616,0.6924177499997162
24,absolute,0,aeroplane's body,462,0.022456709956709956,0.5245442099836998
24,absolute,1,aeroplane's stern,414,0.3952294685990338,0.8450755070948947
24,absolute,2,aeroplane's wing,409,0.03850855745721271,0.57366758282581
24,absolute,3,aeroplane's tail,1,0.125,0.9104771018028259
24,absolute,4,aeroplane's engine,300,0.004166666666666667,0.44605240389704703
24,absolute,5,aeroplane's wheel,226,0.0,0.2702142732728899
24,absolute,6,bicycle's wheel,306,0.02287581699346405,0.4945409577948595
24,absolute,7,bicycle's saddle,205,0.0701219512195122,0.7134337986387858
24,absolute,8,bicycle's handlebar,263,0.42538022813688214,0.9409104456466414
24,absolute,9,bicycle's chainwheel,217,0.001152073732718894,0.4242817989554823
24,absolute,10,bicycle's headlight,1,0.0,0.4942828416824341
24,absolute,11,bird's wing,250,0.0245,0.437970415532589
24,absolute,12,bird's tail,403,0.0015508684863523574,0.3227896797505413
24,absolute,13,bird's head,535,0.2740654205607477,0.7709115231844866
24,absolute,14,bird's eye,218,0.008600917431192661,0.5227861971073194
24,absolute,15,bird's beak,431,0.3349767981438515,0.9417487300603959
24,absolute,16,bird's torso,575,0.02608695652173913,0.4951913731901542
24,absolute,17,bird's neck,284,0.018045774647887324,0.600930204982279
24,absolute,18,bird's leg,285,0.010964912280701754,0.42306701985367556
24,absolute,19,bird's foot,199,0.03957286432160804,0.4508749719840198
24,absolute,20,bottle's body,432,0.4611111111180098,0.6808708400844976
24,absolute,21,bottle's cap,326,0.4290644171779141,0.8965356055578572
24,absolute,22,bus's wheel,233,0.000536480686695279,0.46058545418307506
24,absolute,23,bus's headlight,155,0.0,0.45234282382072943
24,absolute,24,bus's front,183,0.0389344262295082,0.6079463753543917
24,absolute,25,bus's side,245,0.3535714285714286,0.794803468791806
24,absolute,26,bus's back,53,0.049528301886792456,0.659702073290663
24,absolute,27,bus's roof,20,0.05625,0.6539872288703918
24,absolute,28,bus's mirror,117,0.0,0.597340324240872
24,absolute,29,bus's license plate,4,0.0,0.33787792176008224
24,absolute,30,bus's door,104,0.10697115384615384,0.6941102711627116
24,absolute,31,bus's window,261,0.8457854406130269,0.8974297879071071
24,absolute,32,car's wheel,515,0.002669902912621359,0.3602021093218072
24,absolute,33,car's headlight,289,0.0021626297577854673,0.32845271894366684
24,absolute,34,car's front,365,0.14965753424657535,0.5692294112623555
24,absolute,35,car's side,515,0.08203883495145631,0.5561621333644228
24,absolute,36,car's back,195,0.14423076923076922,0.621631928323171
24,absolute,37,car's roof,132,0.0928030303030303,0.7142498165820584
24,absolute,38,car's mirror,279,0.00492831541218638,0.4858517901551339
24,absolute,39,car's license plate,8,0.0,0.25805244129151106
24,absolute,40,car's door,258,0.10368217054263566,0.5852051930025567
24,absolute,41,car's window,548,0.7550182481751825,0.893168915797324
24,absolute,42,cat's tail,332,0.00338855421686747,0.3800368787922773
24,absolute,43,cat's head,890,0.8696629213483146,0.8572948890246367
24,absolute,44,cat's eye,645,0.10484496124031008,0.8017090741054033
24,absolute,45,cat's torso,871,0.008036739380022962,0.45768548277485793
24,absolute,46,cat's neck,601,0.0006239600665557404,0.5217660439391303
24,absolute,47,cat's leg,670,0.2600746268656716,0.708558477995111
24,absolute,48,cat's nose,589,0.004456706281833617,0.5975158388120816
24,absolute,49,cat's paw,570,0.5921052631578947,0.8848777652571076
24,absolute,50,cat's ear,848,0.053803066037735846,0.5916241809444608
24,absolute,51,cow's tail,49,0.0,0.4165286607280069
24,absolute,52,cow's head,180,0.5826388888888889,0.9043702855706215
24,absolute,53,cow's eye,60,0.05,0.747172287106514
24,absolute,54,cow's torso,187,0.01804812834224599,0.627798668920675
24,absolute,55,cow's neck,81,0.006172839506172839,0.6955789592530992
24,absolute,56,cow's leg,142,0.007922535211267605,0.3976762694582133
24,absolute,57,cow's ear,138,0.018115942028985508,0.6770553409621336
24,absolute,58,cow's muzzle,161,0.140527950310559,0.7895066245742466
24,absolute,59,cow's horn,53,0.0047169811320754715,0.5973542664410934
24,absolute,60,dog's tail,367,0.0006811989100817438,0.3218248053694941
24,absolute,61,dog's head,1010,0.8037128712871288,0.8088671429248729
24,absolute,62,dog's eye,641,0.10725429017160687,0.7940671323521089
24,absolute,63,dog's torso,981,0.00764525993883792,0.4198271521613017
24,absolute,64,dog's neck,454,0.0005506607929515419,0.43048699854130523
24,absolute,65,dog's leg,810,0.28410493827160493,0.6974873939414084
24,absolute,66,dog's nose,815,0.001687116564417178,0.43884353955830535
24,absolute,67,dog's paw,629,0.6548092209856916,0.916946928409211
24,absolute,68,dog's ear,899,0.01585094549499444,0.44873330700682584
24,absolute,69,dog's muzzle,939,0.05085197018104366,0.6032797148782478
24,absolute,70,horse's tail,147,0.002551020408163265,0.32431225721933404
24,absolute,71,horse's head,282,0.563386524822695,0.8881427747138003
24,absolute,72,horse's eye,104,0.057692307692307696,0.7802472361005269
24,absolute,73,horse's torso,293,0.04522184300341297,0.5419018165345078
24,absolute,74,horse's neck,233,0.022532188841201718,0.6688520069286036
24,absolute,75,horse's leg,265,0.007547169811320755,0.3754937581858545
24,absolute,76,horse's ear,223,0.010650224215246636,0.6162318245177846
24,absolute,77,horse's muzzle,256,0.15234375,0.7872212114743888
24,absolute,78,horse's hoof,127,0.001968503937007874,0.2846662547644668
24,absolute,79,motorbike's wheel,244,0.0,0.4222761206328869
24,absolute,80,motorbike's saddle,8,0.0,0.46102385222911835
24,absolute,81,motorbike's handlebar,11,0.4431818181818182,0.9447289434346285
24,absolute,82,motorbike's headlight,113,0.028761061946902654,0.7890985613375638
24,absolute,83,person's head,1334,0.40643071322918295,0.6719661628879116
24,absolute,84,person's eye,585,0.06285103786195445,0.6177389807346412
24,absolute,85,person's torso,1273,0.025053304909067837,0.35613526052883876
24,absolute,86,person's neck,757,0.007760898282694848,0.4834039409938939
24,absolute,87,person's leg,486,0.028292181069958847,0.3410917016689056
24,absolute,88,person's foot,135,0.05,0.34211926371273066
24,absolute,89,person's nose,907,0.07869349503858876,0.6164728678391205
24,absolute,90,person's ear,688,0.006540697674418605,0.4485332039198405
24,absolute,91,person's eyebrow,432,0.07233796296296297,0.6828358781683534
24,absolute,92,person's mouth,712,0.021594101123595506,0.5118908173708099
24,absolute,93,person's hair,1082,0.22696395564046232,0.6402449255392589
24,absolute,94,person's lower arm,753,0.006640106241699867,0.318151480867682
24,absolute,95,person's upper arm,1043,0.008149568552253116,0.3487996096278104
24,absolute,96,person's hand,669,0.024103139013452915,0.30761641375748344
24,absolute,97,pottedplant's pot,181,0.539364640883978,0.8140765574261628
24,absolute,98,pottedplant's plant,203,0.2647079522239751,0.5465623903010279
24,absolute,99,sheep's tail,56,0.0,0.39441201250467983
24,absolute,100,sheep's head,217,0.5172811059907834,0.9030496156710084
24,absolute,101,sheep's eye,63,0.04365079365079365,0.7179859796213726
24,absolute,102,sheep's torso,236,0.029661016949152543,0.6295853997186079
24,absolute,103,sheep's neck,155,0.013709677419354839,0.6973497284996895
24,absolute,104,sheep's leg,53,0.014150943396226415,0.45524035675345725
24,absolute,105,sheep's ear,174,0.010057471264367816,0.6614289852394455
24,absolute,106,sheep's muzzle,177,0.0847457627118644,0.7528071248598691
24,absolute,107,sheep's horn,22,0.022727272727272728,0.6643182987516577
24,absolute,108,train's headlight,16,0.03125,0.5454718889668584
24,absolute,109,train's head,209,0.09569377990430622,0.7049986136159258
24,absolute,110,train's front,203,0.08435960591133004,0.6315253073065151
24,absolute,111,train's side,246,0.2682926829268293,0.739300787812326
24,absolute,112,train's back,24,0.08333333333333333,0.6439047083258629
24,absolute,113,train's roof,48,0.5208333333333334,0.9054518031577269
24,absolute,114,train's coach,183,0.3551912568306011,0.7259078704919971
24,absolute,115,tvmonitor's screen,289,0.38581314878892736,0.7046010505575622
24,relative,0,aeroplane's body,462,0.24891774891774893,0.7452722620460894
24,relative,1,aeroplane's stern,414,0.01107085348615324,0.45755024551265483
24,relative,2,aeroplane's wing,409,0.003667481662591687,0.4542847787255471
24,relative,3,aeroplane's tail,1,0.125,0.8324362635612488
24,relative,4,aeroplane's engine,300,0.055376984278361005,0.4895096679031849
24,relative,5,aeroplane's wheel,226,0.27434681896614815,0.9044988110529638
24,relative,6,bicycle's wheel,306,0.8139005603353962,0.8430012741120033
24,relative,7,bicycle's saddle,205,0.004878048780487805,0.20962385411669568
24,relative,8,bicycle's handlebar,263,0.4230038022813688,0.938913425111952
24,relative,9,bicycle's chainwheel,217,0.3638248848063605,0.9056175565389993
24,relative,10,bicycle's headlight,1,1.0,0.977587103843689
24,relative,11,bird's wing,250,0.2516714289188385,0.6217748738564551
24,relative,12,bird's tail,403,0.4510014181397393,0.9163863760957647
24,relative,13,bird's head,535,0.6094993332557589,0.910012906149169
24,relative,14,bird's eye,218,0.19242027162685307,0.3295766505745983
24,relative,15,bird's beak,431,0.3103690210323599,0.9182016142144834
24,relative,16,bird's torso,575,0.5599648034831752,0.8472866011702496
24,relative,17,bird's neck,284,0.39375000032530705,0.8899397994326034
24,relative,18,bird's leg,285,0.25477443625006757,0.855120790527578
24,relative,19,bird's foot,199,0.16733668422579168,0.8131871844955425
24,relative,20,bottle's body,432,0.6049382716279339,0.8155291173607111
24,relative,21,bottle's cap,326,0.41122553319287447,0.8417102391917282
24,relative,22,bus's wheel,233,0.6166666668116279,0.9287296289282295
24,relative,23,bus's headlight,155,0.18870967741935485,0.7540519994112753
24,relative,24,bus's front,183,0.29030054644808745,0.7753653264110857
24,relative,25,bus's side,245,0.18153061234221166,0.6962859889682458
24,relative,26,bus's back,53,0.5212264150943396,0.7828260311540568
24,relative,27,bus's roof,20,0.23482142984867097,0.5565501689910889
24,relative,28,bus's mirror,117,0.015618640770260086,0.3334529931919697
24,relative,29,bus's license plate,4,0.19375000149011612,0.6956981420516968
24,relative,30,bus's door,104,0.45813873696785706,0.7293172745177379
24,relative,31,bus's window,261,0.8386015325670498,0.8323429456387443
24,relative,32,car's wheel,515,0.7313546003357878,0.8791326592775803
24,relative,33,car's headlight,289,0.5544200036868092,0.8973007151618548
24,relative,34,car's front,365,0.5221624269469144,0.7346407359185284
24,relative,35,car's side,515,0.22646786883039383,0.6227843649179032
24,relative,36,car's back,195,0.6080769230922063,0.8584338680291788
24,relative,37,car's roof,132,0.2862554114650596,0.7374260517006571
24,relative,38,car's mirror,279,0.18999402732404758,0.6079069273579719
24,relative,39,car's license plate,8,0.16116071678698063,0.8173221424221992
24,relative,40,car's door,258,0.669462901792785,0.8470425181841665
24,relative,41,car's window,548,0.7493526245990809,0.8605260225216838
24,relative,42,cat's tail,332,0.5376506024096386,0.888066373653261
24,relative,43,cat's head,890,0.7886824507726712,0.8407994632473152
24,relative,44,cat's eye,645,0.4784533051557319,0.9371854601269083
24,relative,45,cat's torso,871,0.7676042862724081,0.8037892867448546
24,relative,46,cat's neck,601,0.44832224075290406,0.8289519010883402
24,relative,47,cat's leg,670,0.6428482587212947,0.8699493663969324
24,relative,48,cat's nose,589,0.12529711392415602,0.8623673436192382
24,relative,49,cat's paw,570,0.6490601510332342,0.9260389825884711
24,relative,50,cat's ear,848,0.5188945980988583,0.8905200226197265
24,relative,51,cow's tail,49,0.2835276969233338,0.8749491700104305
24,relative,52,cow's head,180,0.619841270479891,0.9112017127374809
24,relative,53,cow's eye,60,0.2918650803466638,0.8325398673613866
24,relative,54,cow's torso,187,0.6898395721925134,0.8366385897531866
24,relative,55,cow's neck,81,0.28571428579312785,0.819360312488344
24,relative,56,cow's leg,142,0.4480633802816901,0.8541035723518318
24,relative,57,cow's ear,138,0.2757936517397563,0.817739382494187
24,relative,58,cow's muzzle,161,0.6178497499930933,0.8579582869312408
24,relative,59,cow's horn,53,0.0023584905660377358,0.22424986492842436
24,relative,60,dog's tail,367,0.387284287071358,0.818920460298698
24,relative,61,dog's head,1010,0.7273231971234378,0.8370037020728139
24,relative,62,dog's eye,641,0.3667855288095296,0.9266813309069915
24,relative,63,dog's torso,981,0.7064839086279835,0.784725363906492
24,relative,64,dog's neck,454,0.543384204089379,0.8439682632487776
24,relative,65,dog's leg,810,0.6316358025427218,0.8353615118305624
24,relative,66,dog's nose,815,0.006945661770785513,0.5733693198923684
24,relative,67,dog's paw,629,0.5334014690737277,0.8790605710212301
24,relative,68,dog's ear,899,0.5962233172110111,0.8838617003070102
24,relative,69,dog's muzzle,939,0.5636125066028997,0.8145236325657532
24,relative,70,horse's tail,147,0.5071509558530081,0.9101049482416944
24,relative,71,horse's head,282,0.6204913881547908,0.9064217884067103
24,relative,72,horse's eye,104,0.23249771130772737,0.7615153532331953
24,relative,73,horse's torso,293,0.7188566552901023,0.8332655343382839
24,relative,74,horse's neck,233,0.42507153084349736,0.7893102392234516
24,relative,75,horse's leg,265,0.47672955978591486,0.7806682523410275
24,relative,76,horse's ear,223,0.28568759420260187,0.8824905909163535
24,relative,77,horse's muzzle,256,0.6139508943306282,0.8822645239415579
24,relative,78,horse's hoof,127,0.03461754838312705,0.39183590027291004
24,relative,79,motorbike's wheel,244,0.7756147540983607,0.85120184255428
24,relative,80,motorbike's saddle,8,0.015625,0.45340531319379807
24,relative,81,motorbike's handlebar,11,0.13636363636363635,0.7408084164966237
24,relative,82,motorbike's headlight,113,0.28650442477876104,0.8756456274901872
24,relative,83,person's head,1334,0.32436192703658134,0.6067601716394762
24,relative,84,person's eye,585,0.19379120993817972,0.5522694826189779
24,relative,85,person's torso,1273,0.27270976013305703,0.5460343810392051
24,relative,86,person's neck,757,0.18491696650002404,0.4977646027605543
24,relative,87,person's leg,486,0.10984469968595623,0.4454420530946289
24,relative,88,person's foot,135,0.058703704123143796,0.35837653384164525
24,relative,89,person's nose,907,0.15453221073092804,0.6071295979419413
24,relative,90,person's ear,688,0.10589354955266382,0.3085006152247187
24,relative,91,person's eyebrow,432,0.052455357551850657,0.6096480295495389
24,relative,92,person's mouth,712,0.10177066637558883,0.5993860573501305
24,relative,93,person's hair,1082,0.2946395575036183,0.6354300213096294
24,relative,94,person's lower arm,753,0.03554828322503671,0.33829591591541924
24,relative,95,person's upper arm,1043,0.02009427934627862,0.23436319531782682
24,relative,96,person's hand,669,0.07077372096400981,0.34533591207773917
24,relative,97,pottedplant's pot,181,0.6279926336272645,0.8265843959473773
24,relative,98,pottedplant's plant,203,0.5135467981029613,0.7460004580872399
24,relative,99,sheep's tail,56,0.18303571428571427,0.7763711904574718
24,relative,100,sheep's head,217,0.5054970383644104,0.8854223092168158
24,relative,101,sheep's eye,63,0.27105064288018244,0.7735670519963144
24,relative,102,sheep's torso,236,0.6064618644067796,0.8376406861816422
24,relative,103,sheep's neck,155,0.3453225806836159,0.8173101319420722
24,relative,104,sheep's leg,53,0.4237421385522159,0.8388553138049144
24,relative,105,sheep's ear,174,0.25595922348485595,0.7664224129469915
24,relative,106,sheep's muzzle,177,0.5682068902388805,0.878443999479046
24,relative,107,sheep's horn,22,0.0,0.18460427351634612
24,relative,108,train's headlight,16,0.109375,0.6627801544964314
24,relative,109,train's head,209,0.06898496246509005,0.5400732599876144
24,relative,110,train's front,203,0.47967980295566504,0.7798874555109757
24,relative,111,train's side,246,0.0391260162601626,0.44117280804529424
24,relative,112,train's back,24,0.4129464291036129,0.7241231178243955
24,relative,113,train's roof,48,0.015625,0.270980478109171
24,relative,114,train's coach,183,0.3458235754015667,0.7529264976743792
24,relative,115,tvmonitor's screen,289,0.33217993079584773,0.6909859721842109
25,absolute,0,aeroplane's body,462,0.022456709956709956,0.524400549243281
25,absolute,1,aeroplane's stern,414,0.39402173913043476,0.8447634985193538
25,absolute,2,aeroplane's wing,409,0.038202933985330076,0.5735490001865587
25,absolute,3,aeroplane's tail,1,0.125,0.9104771018028259
25,absolute,4,aeroplane's engine,300,0.004166666666666667,0.44559536650776865
25,absolute,5,aeroplane's wheel,226,0.0,0.27014283130390454
25,absolute,6,bicycle's wheel,306,0.02287581699346405,0.49430324960183475
25,absolute,7,bicycle's saddle,205,0.07134146341463414,0.7138765723240085
25,absolute,8,bicycle's handlebar,263,0.4268060836501901,0.9409880964474986
25,absolute,9,bicycle's chainwheel,217,0.001152073732718894,0.42363216243855967
25,absolute,10,bicycle's headlight,1,0.0,0.4942828416824341
25,absolute,11,bird's wing,250,0.024,0.437726713180542
25,absolute,12,bird's tail,403,0.0015508684863523574,0.3227752717327391
25,absolute,13,bird's head,535,0.2738317757009346,0.7708878642627012
25,absolute,14,bird's eye,218,0.008600917431192661,0.5226262618505627
25,absolute,15,bird's beak,431,0.3349767981438515,0.9417275654329225
25,absolute,16,bird's torso,575,0.02608695652173913,0.49493185403554335
25,absolute,17,bird's neck,284,0.018045774647887324,0.6010651658485893
25,absolute,18,bird's leg,285,0.010964912280701754,0.42288462618986766
25,absolute,19,bird's foot,199,0.038316582914572864,0.449247807638729
25,absolute,20,bottle's body,432,0.4611111111180098,0.6804242431082659
25,absolute,21,bottle's cap,326,0.4294478527607362,0.8964754105345604
25,absolute,22,bus's wheel,233,0.000536480686695279,0.46076407791974716
25,absolute,23,bus's headlight,155,0.0,0.4525712684277565
25,absolute,24,bus's front,183,0.03825136612021858,0.6063122185853009
25,absolute,25,bus's side,245,0.3637755102040816,0.794547217719409
25,absolute,26,bus's back,53,0.05188679245283019,0.6590286380839798
25,absolute,27,bus's roof,20,0.0625,0.6573495388031005
25,absolute,28,bus's mirror,117,0.0,0.5977870742989402
25,absolute,29,bus's license plate,4,0.0,0.33963482826948166
25,absolute,30,bus's door,104,0.10817307692307693,0.6938344277441502
25,absolute,31,bus's window,261,0.8467432950191571,0.8967940601809271
25,absolute,32,car's wheel,515,0.002669902912621359,0.3606333212511053
25,absolute,33,car's headlight,289,0.0021626297577854673,0.3288925899302258
25,absolute,34,car's front,365,0.14965753424657535,0.5693688168101114
25,absolute,35,car's side,515,0.08300970873786408,0.5568933161572345
25,absolute,36,car's back,195,0.14487179487179488,0.6217494323085516
25,absolute,37,car's roof,132,0.0928030303030303,0.7147119223619952
25,absolute,38,car's mirror,279,0.00492831541218638,0.48497279901658336
25,absolute,39,car's license plate,8,0.0,0.2553414525464177
25,absolute,40,car's door,258,0.10562015503875968,0.5909877269882564
25,absolute,41,car's window,548,0.7543339416058394,0.8926368720122497
25,absolute,42,cat's tail,332,0.0037650602409638554,0.37382683184850646
25,absolute,43,cat's head,890,0.8689606741573034,0.8566251207059354
25,absolute,44,cat's eye,645,0.11395348837209303,0.8108219677163649
25,absolute,45,cat's torso,871,0.00875430539609644,0.45235067074337865
25,absolute,46,cat's neck,601,0.00041597337770382697,0.5227957071609386
25,absolute,47,cat's leg,670,0.23694029850746268,0.6927936988090402
25,absolute,48,cat's nose,589,0.004456706281833617,0.5979121318292537
25,absolute,49,cat's paw,570,0.6008771929824561,0.8867496906142486
25,absolute,50,cat's ear,848,0.05955188679245283,0.5961808300102657
25,absolute,51,cow's tail,49,0.0,0.41740524282260816
25,absolute,52,cow's head,180,0.58125,0.9042690232396126
25,absolute,53,cow's eye,60,0.05,0.7499084701140721
25,absolute,54,cow's torso,187,0.01871657754010695,0.627032068881759
25,absolute,55,cow's neck,81,0.006172839506172839,0.6954347767211773
25,absolute,56,cow's leg,142,0.007922535211267605,0.3975778779303524
25,absolute,57,cow's ear,138,0.018115942028985508,0.6773506370575532
25,absolute,58,cow's muzzle,161,0.13975155279503104,0.789349373082937
25,absolute,59,cow's horn,53,0.0047169811320754715,0.5981687037449963
25,absolute,60,dog's tail,367,0.0006811989100817438,0.3225085394462058
25,absolute,61,dog's head,1010,0.8050742574257426,0.8097431510318034
25,absolute,62,dog's eye,641,0.10998439937597504,0.7975118241611397
25,absolute,63,dog's torso,981,0.00764525993883792,0.4195987061729368
25,absolute,64,dog's neck,454,0.0005506607929515419,0.43251585931668984
25,absolute,65,dog's leg,810,0.2774691358024691,0.6944353736753082
25,absolute,66,dog's nose,815,0.0015337423312883436,0.43820833234699225
25,absolute,67,dog's paw,629,0.6577901430842608,0.9180265205463658
25,absolute,68,dog's ear,899,0.015711902113459398,0.4495731404795
25,absolute,69,dog's muzzle,939,0.04992012779552716,0.6025286777553974
25,absolute,70,horse's tail,147,0.003401360544217687,0.3252778296567956
25,absolute,71,horse's head,282,0.5625,0.8880693563755523
25,absolute,72,horse's eye,104,0.057692307692307696,0.7844496919558599
25,absolute,73,horse's torso,293,0.045648464163822525,0.5414442385422898
25,absolute,74,horse's neck,233,0.022532188841201718,0.6692331996086841
25,absolute,75,horse's leg,265,0.007075471698113208,0.37550138094515173
25,absolute,76,horse's ear,223,0.010650224215246636,0.6166881203918714
25,absolute,77,horse's muzzle,256,0.15234375,0.7869257251732051
25,absolute,78,horse's hoof,127,0.002952755905511811,0.28500715754632877
25,absolute,79,motorbike's wheel,244,0.0,0.4219824156922395
25,absolute,80,motorbike's saddle,8,0.0,0.46102385222911835
25,absolute,81,motorbike's handlebar,11,0.4318181818181818,0.9445725300095298
25,absolute,82,motorbike's headlight,113,0.029867256637168143,0.7902438925430838
25,absolute,83,person's head,1334,0.4062433069323314,0.6719965574972476
25,absolute,84,person's eye,585,0.06413308914400573,0.6185398335035286
25,absolute,85,person's torso,1273,0.024955111664763045,0.35504415462149097
25,absolute,86,person's neck,757,0.007760898282694848,0.48345037834421095
25,absolute,87,person's leg,486,0.028034979423868314,0.3402223920913359
25,absolute,88,person's foot,135,0.05,0.34073326582847924
25,absolute,89,person's nose,907,0.07924476295479603,0.6170674735708973
25,absolute,90,person's ear,688,0.0061773255813953485,0.4481962690336987
25,absolute,91,person's eyebrow,432,0.07262731481481481,0.683097711481861
25,absolute,92,person's mouth,712,0.021769662921348316,0.5122838989580364
25,absolute,93,person's hair,1082,0.22673290203602608,0.6403215239358147
25,absolute,94,person's lower arm,753,0.006640106241699867,0.3168382422218117
25,absolute,95,person's upper arm,1043,0.007670182166826462,0.34778483658680764
25,absolute,96,person's hand,669,0.02298206278026906,0.30435144367540096
25,absolute,97,pottedplant's pot,181,0.539364640883978,0.8137875213313498
25,absolute,98,pottedplant's plant,203,0.263476425130379,0.5463095546649595
25,absolute,99,sheep's tail,56,0.0,0.3941811842045614
25,absolute,100,sheep's head,217,0.5172811059907834,0.9030673959837531
25,absolute,101,sheep's eye,63,0.04365079365079365,0.7197045087814331
25,absolute,102,sheep's torso,236,0.028601694915254237,0.6297866868770728
25,absolute,103,sheep's neck,155,0.013709677419354839,0.697669832744906
25,absolute,104,sheep's leg,53,0.014150943396226415,0.45567122973361107
25,absolute,105,sheep's ear,174,0.010057471264367816,0.6614440146876478
25,absolute,106,sheep's muzzle,177,0.08545197740112995,0.7529512327269646
25,absolute,107,sheep's horn,22,0.022727272727272728,0.6643182960423556
25,absolute,108,train's headlight,16,0.03125,0.5433612922206521
25,absolute,109,train's head,209,0.09449760765550239,0.7045852481320715
25,absolute,110,train's front,203,0.08435960591133004,0.6311733097278426
25,absolute,111,train's side,246,0.2688008130081301,0.7396408785891727
25,absolute,112,train's back,24,0.08333333333333333,0.643507699171702
25,absolute,113,train's roof,48,0.5208333333333334,0.905115275333325
25,absolute,114,train's coach,183,0.35382513661202186,0.726475596102209
25,absolute,115,tvmonitor's screen,289,0.38321799307958476,0.7041568043528956
25,relative,0,aeroplane's body,462,0.23944805194805194,0.7389656065668895
25,relative,1,aeroplane's stern,414,0.012580515321902032,0.46003299478243515
25,relative,2,aeroplane's wing,409,0.003667481662591687,0.45187644511096925
25,relative,3,aeroplane's tail,1,0.125,0.8324362635612488
25,relative,4,aeroplane's engine,300,0.052154762049516044,0.4861096690098445
25,relative,5,aeroplane's wheel,226,0.2751264228625635,0.9047227836815657
25,relative,6,bicycle's wheel,306,0.8125,0.843363958830927
25,relative,7,bicycle's saddle,205,0.003658536585365854,0.2088213943853611
25,relative,8,bicycle's handlebar,263,0.4234790874524715,0.9387295780979635
25,relative,9,bicycle's chainwheel,217,0.36670506913815776,0.9068492771843062
25,relative,10,bicycle's headlight,1,1.0,0.977587103843689
25,relative,11,bird's wing,250,0.24407619071006775,0.6168799698986113
25,relative,12,bird's tail,403,0.45379298141517355,0.9164991021600019
25,relative,13,bird's head,535,0.6067601254053205,0.9085748949619097
25,relative,14,bird's eye,218,0.18710135504466677,0.32616171230553487
25,relative,15,bird's beak,431,0.3104463605482451,0.9188467387948401
25,relative,16,bird's torso,575,0.56148654261361,0.8487291006419969
25,relative,17,bird's neck,284,0.3975645543508966,0.8909654989313911
25,relative,18,bird's leg,285,0.2552756894053074,0.8547487839272148
25,relative,19,bird's foot,199,0.17032783025473205,0.8184654979250539
25,relative,20,bottle's body,432,0.6063850308871932,0.8151490987726936
25,relative,21,bottle's cap,326,0.413526146689807,0.8445269222959785
25,relative,22,bus's wheel,233,0.6161301861249326,0.9283978083358814
25,relative,23,bus's headlight,155,0.1975806451612903,0.7653889822383081
25,relative,24,bus's front,183,0.29713114754098363,0.7772463263709688
25,relative,25,bus's side,245,0.18102040826057902,0.6954796759449706
25,relative,26,bus's back,53,0.5283018867924528,0.784329687649349
25,relative,27,bus's roof,20,0.2375,0.5590883798897266
25,relative,28,bus's mirror,117,0.016687016838636153,0.32883182489591783
25,relative,29,bus's license plate,4,0.19375000149011612,0.6956981420516968
25,relative,30,bus's door,104,0.46188186882780147,0.7374034472382985
25,relative,31,bus's window,261,0.8390804597701149,0.8335009200134497
25,relative,32,car's wheel,515,0.7308853447147944,0.8792610421270421
25,relative,33,car's headlight,289,0.56181001848828,0.9028250506489335
25,relative,34,car's front,365,0.524559687220887,0.7347817980671583
25,relative,35,car's side,515,0.2245145632225333,0.6221314613680238
25,relative,36,car's back,195,0.6123076923382588,0.8595018989000565
25,relative,37,car's roof,132,0.2890512268200065,0.7416722462935881
25,relative,38,car's mirror,279,0.19676139368592196,0.6144963498210608
25,relative,39,car's license plate,8,0.17901786044239998,0.8217344284057617
25,relative,40,car's door,258,0.6752353269000386,0.8494290207014528
25,relative,41,car's window,548,0.7513338550925255,0.8613929677292378
25,relative,42,cat's tail,332,0.5389952668583536,0.8909984815820872
25,relative,43,cat's head,890,0.7886824507726712,0.840867615666952
25,relative,44,cat's eye,645,0.4788409020780593,0.9370632105384225
25,relative,45,cat's torso,871,0.7673172598659787,0.8035243913856357
25,relative,46,cat's neck,601,0.4491541875083117,0.8293370109627926
25,relative,47,cat's leg,670,0.6472014925373134,0.8709411649784046
25,relative,48,cat's nose,589,0.12317487283756859,0.8607918760772472
25,relative,49,cat's paw,570,0.6486842111537331,0.9255786796018742
25,relative,50,cat's ear,848,0.5208529876017908,0.8912127541975593
25,relative,51,cow's tail,49,0.2835276969233338,0.8797477356025151
25,relative,52,cow's head,180,0.6221097889873717,0.9108757475184069
25,relative,53,cow's eye,60,0.300496032834053,0.8376978854338328
25,relative,54,cow's torso,187,0.6905080213903744,0.8377096684460335
25,relative,55,cow's neck,81,0.28571428579312785,0.8210409118069543
25,relative,56,cow's leg,142,0.4515845070422535,0.8537770635645154
25,relative,57,cow's ear,138,0.2810990347162537,0.8229902058407881
25,relative,58,cow's muzzle,161,0.6172064491865797,0.8579917699329972
25,relative,59,cow's horn,53,0.0023584905660377358,0.2241527956717138
25,relative,60,dog's tail,367,0.38882833792338256,0.8208803614494911
25,relative,61,dog's head,1010,0.7280044795558004,0.8365698019466777
25,relative,62,dog's eye,641,0.3667855288095296,0.9267245585944462
25,relative,63,dog's torso,981,0.7074122616335765,0.78479391404795
25,relative,64,dog's neck,454,0.5450361864682336,0.8454308252830862
25,relative,65,dog's leg,810,0.636596120066113,0.8355182661594432
25,relative,66,dog's nose,815,0.006945661770785513,0.5740492352678732
25,relative,67,dog's paw,629,0.534328867099433,0.8804348211007013
25,relative,68,dog's ear,899,0.599262408257459,0.8845754921999869
25,relative,69,dog's muzzle,939,0.5666565250791807,0.8153705843530905
25,relative,70,horse's tail,147,0.5080012959890625,0.9103864885511852
25,relative,71,horse's head,282,0.6213145897532186,0.9060827374246949
25,relative,72,horse's eye,104,0.23201694210561422,0.7635695450724318
25,relative,73,horse's torso,293,0.7171501706484642,0.8332541641928637
25,relative,74,horse's neck,233,0.43258226045723125,0.792526321285784
25,relative,75,horse's leg,265,0.48066037735849054,0.7794674585450371
25,relative,76,horse's ear,223,0.28519645600575505,0.8822674196330421
25,relative,77,horse's muzzle,256,0.6122628363082185,0.8822999122203328
25,relative,78,horse's hoof,127,0.035911136607485496,0.39245891483045936
25,relative,79,motorbike's wheel,244,0.7756147540983607,0.8508579774958188
25,relative,80,motorbike's saddle,8,0.015625,0.4549599699676037
25,relative,81,motorbike's handlebar,11,0.13636363636363635,0.736950012770566
25,relative,82,motorbike's headlight,113,0.2975663716814159,0.8786930531527088
25,relative,83,person's head,1334,0.3258870572432585,0.6063785684370747
25,relative,84,person's eye,585,0.19373015998265683,0.5545262103693352
25,relative,85,person's torso,1273,0.27241611559140055,0.5465726769613051
25,relative,86,person's neck,757,0.18674750047363095,0.49956787494411065
25,relative,87,person's leg,486,0.1113070747182693,0.4490448600792713
25,relative,88,person's foot,135,0.058703704123143796,0.3584993823258965
25,relative,89,person's nose,907,0.15539980144984403,0.6076179021269149
25,relative,90,person's ear,688,0.10847176121937674,0.31494942556073086
25,relative,91,person's eyebrow,432,0.050760582365371565,0.6101213108491653
25,relative,92,person's mouth,712,0.10162854491827193,0.5994019657026799
25,relative,93,person's hair,1082,0.2959818689087182,0.6372498599881248
25,relative,94,person's lower arm,753,0.035437614754693286,0.33761266983147575
25,relative,95,person's upper arm,1043,0.019472218457027228,0.2335231243184038
25,relative,96,person's hand,669,0.07040002888628186,0.3467352679263806
25,relative,97,pottedplant's pot,181,0.6273020258924579,0.826556378800566
25,relative,98,pottedplant's plant,203,0.5141625616497594,0.7459498822248628
25,relative,99,sheep's tail,56,0.18303571428571427,0.7768878978011864
25,relative,100,sheep's head,217,0.5072251489634887,0.8845490421155631
25,relative,101,sheep's eye,63,0.2869236587531983,0.7853993601978771
25,relative,102,sheep's torso,236,0.6069915254237288,0.8384136912428727
25,relative,103,sheep's neck,155,0.3467741935483871,0.8173809022672714
25,relative,104,sheep's leg,53,0.4237421385522159,0.8382782643696047
25,relative,105,sheep's ear,174,0.2583538595287279,0.7673887541068012
25,relative,106,sheep's muzzle,177,0.5679042269449449,0.878479834330284
25,relative,107,sheep's horn,22,0.0,0.18728011922741478
25,relative,108,train's headlight,16,0.109375,0.6737511921674013
25,relative,109,train's head,209,0.07077922083829578,0.5406489292400305
25,relative,110,train's front,203,0.479064039408867,0.7798157038506616
25,relative,111,train's side,246,0.0391260162601626,0.4413895811734161
25,relative,112,train's back,24,0.4129464291036129,0.7238432715336481
25,relative,113,train's roof,48,0.013020833333333334,0.2681641411036253
25,relative,114,train's coach,183,0.3444574551829875,0.7527210979513783
25,relative,115,tvmonitor's screen,289,0.3265570934256055,0.6902134306084325
26,absolute,0,aeroplane's body,462,0.022456709956709956,0.5245637901740157
26,absolute,1,aeroplane's stern,414,0.3943236714975845,0.8447763452639326
26,absolute,2,aeroplane's wing,409,0.03850855745721271,0.5739153877520037
26,absolute,3,aeroplane's tail,1,0.125,0.9104771018028259
26,absolute,4,aeroplane's engine,300,0.004166666666666667,0.44569934035340947
26,absolute,5,aeroplane's wheel,226,0.0,0.27020980701246095
26,absolute,6,bicycle's wheel,306,0.02287581699346405,0.49437444160381955
26,absolute,7,bicycle's saddle,205,0.07134146341463414,0.7145579483450912
26,absolute,8,bicycle's handlebar,263,0.42775665399239543,0.9410955679280676
26,absolute,9,bicycle's chainwheel,217,0.001152073732718894,0.42339391848458674
26,absolute,10,bicycle's headlight,1,0.0,0.4942828416824341
26,absolute,11,bird's wing,250,0.024,0.43768054324388506
26,absolute,12,bird's tail,403,0.0015508684863523574,0.3225700717613508
26,absolute,13,bird's head,535,0.27429906542056076,0.7711285551714006
26,absolute,14,bird's eye,218,0.008600917431192661,0.5224560674860936
26,absolute,15,bird's beak,431,0.3352668213457077,0.9417079318565448
26,absolute,16,bird's torso,575,0.02608695652173913,0.4949541720359222
26,absolute,17,bird's neck,284,0.018045774647887324,0.6012660680522381
26,absolute,18,bird's leg,285,0.010526315789473684,0.4221867139402189
26,absolute,19,bird's foot,199,0.038316582914572864,0.4494553111006866
26,absolute,20,bottle's body,432,0.4608217592661579,0.6804021409609251
26,absolute,21,bottle's cap,326,0.4302147239263804,0.8969906787930823
26,absolute,22,bus's wheel,233,0.000536480686695279,0.46050103021537797
26,absolute,23,bus's headlight,155,0.0,0.4532755567181495
26,absolute,24,bus's front,183,0.036202185792349725,0.6034747099941545
26,absolute,25,bus's side,245,0.3704081632653061,0.7943903073972586
26,absolute,26,bus's back,53,0.05188679245283019,0.6594517230987549
26,absolute,27,bus's roof,20,0.0625,0.6584453999996185
26,absolute,28,bus's mirror,117,0.0,0.5968103775611291
26,absolute,29,bus's license plate,4,0.0,0.33925729244947433
26,absolute,30,bus's door,104,0.10336538461538461,0.6917672349283328
26,absolute,31,bus's window,261,0.8453065134099617,0.8968111380535068
26,absolute,32,car's wheel,515,0.002669902912621359,0.3610434822955178
26,absolute,33,car's headlight,289,0.0021626297577854673,0.32922544452816144
26,absolute,34,car's front,365,0.14931506849315068,0.5696475874887754
26,absolute,35,car's side,515,0.08446601941747572,0.558009250143778
26,absolute,36,car's back,195,0.14551282051282052,0.6219968228385999
26,absolute,37,car's roof,132,0.09185606060606061,0.7144309869318297
26,absolute,38,car's mirror,279,0.00492831541218638,0.48488684003925664
26,absolute,39,car's license plate,8,0.0,0.25631404388695955
26,absolute,40,car's door,258,0.10755813953488372,0.5953700619843579
26,absolute,41,car's window,548,0.7538777372262774,0.8923176911516781
26,absolute,42,cat's tail,332,0.0030120481927710845,0.3654183489551027
26,absolute,43,cat's head,890,0.8681179775280898,0.856453248678466
26,absolute,44,cat's eye,645,0.12364341085271317,0.8205048435418181
26,absolute,45,cat's torso,871,0.008610792192881744,0.4478021808787667
26,absolute,46,cat's neck,601,0.00041597337770382697,0.5246775306005049
26,absolute,47,cat's leg,670,0.20783582089552238,0.6714280312185856
26,absolute,48,cat's nose,589,0.004456706281833617,0.5981458549487368
26,absolute,49,cat's paw,570,0.5969298245614035,0.8815966391511131
26,absolute,50,cat's ear,848,0.06500589622641509,0.602245121877992
26,absolute,51,cow's tail,49,0.0,0.41779661300230997
26,absolute,52,cow's head,180,0.5833333333333334,0.9046066911684142
26,absolute,53,cow's eye,60,0.052083333333333336,0.7556822160879771
26,absolute,54,cow's torso,187,0.017379679144385027,0.6260733345453752
26,absolute,55,cow's neck,81,0.006172839506172839,0.6958838038974338
26,absolute,56,cow's leg,142,0.007922535211267605,0.3974124982323445
26,absolute,57,cow's ear,138,0.018115942028985508,0.6779408513203912
26,absolute,58,cow's muzzle,161,0.1389751552795031,0.7889834612793063
26,absolute,59,cow's horn,53,0.0047169811320754715,0.598813643433013
26,absolute,60,dog's tail,367,0.0006811989100817438,0.32182227606994257
26,absolute,61,dog's head,1010,0.8073019801980198,0.8106278672888138
26,absolute,62,dog's eye,641,0.11407956318252731,0.8021340147474441
26,absolute,63,dog's torso,981,0.007900101936799185,0.41920505500152694
26,absolute,64,dog's neck,454,0.0008259911894273128,0.43438621947648504
26,absolute,65,dog's leg,810,0.2737654320987654,0.6915689566345127
26,absolute,66,dog's nose,815,0.0015337423312883436,0.4378792300546096
26,absolute,67,dog's paw,629,0.659181240063593,0.9183006492489283
26,absolute,68,dog's ear,899,0.01585094549499444,0.45056070882135024
26,absolute,69,dog's muzzle,939,0.04898828541001065,0.6021368665594897
26,absolute,70,horse's tail,147,0.003401360544217687,0.326565164489811
26,absolute,71,horse's head,282,0.56427304964539,0.8882670070685393
26,absolute,72,horse's eye,104,0.06009615384615385,0.788942565711645
26,absolute,73,horse's torso,293,0.046501706484641636,0.5405428060187415
26,absolute,74,horse's neck,233,0.022532188841201718,0.6696998645819308
26,absolute,75,horse's leg,265,0.007075471698113208,0.3753613425313302
26,absolute,76,horse's ear,223,0.010650224215246636,0.6173860343849712
26,absolute,77,horse's muzzle,256,0.15185546875,0.7866314239799976
26,absolute,78,horse's hoof,127,0.002952755905511811,0.28495688513507994
26,absolute,79,motorbike's wheel,244,0.0,0.4217607466900935
26,absolute,80,motorbike's saddle,8,0.0,0.46102385222911835
26,absolute,81,motorbike's handlebar,11,0.45454545454545453,0.9449154138565063
26,absolute,82,motorbike's headlight,113,0.028761061946902654,0.7907431289158037
26,absolute,83,person's head,1334,0.4063370100807572,0.6720420916479589
26,absolute,84,person's eye,585,0.06456043957135617,0.6188019145694044
26,absolute,85,person's torso,1273,0.02358040624449596,0.3532967036897251
26,absolute,86,person's neck,757,0.007760898282694848,0.48365267239205906
26,absolute,87,person's leg,486,0.026491769547325104,0.3384422665182118
26,absolute,88,person's foot,135,0.05,0.3384341471104158
26,absolute,89,person's nose,907,0.0789691289966924,0.6169196003760481
26,absolute,90,person's ear,688,0.006359011627906977,0.44861612865920614
26,absolute,91,person's eyebrow,432,0.07233796296296297,0.6835214948406685
26,absolute,92,person's mouth,712,0.021594101123595506,0.5125870248512103
26,absolute,93,person's hair,1082,0.22881238447595215,0.6409524377339043
26,absolute,94,person's lower arm,753,0.006640106241699867,0.3158811443463057
26,absolute,95,person's upper arm,1043,0.007670182166826462,0.3469442348335249
26,absolute,96,person's hand,669,0.022608370702541108,0.30154337782568685
26,absolute,97,pottedplant's pot,181,0.5414364640883977,0.8141835029777242
26,absolute,98,pottedplant's plant,203,0.2616291344899849,0.5458640567774843
26,absolute,99,sheep's tail,56,0.0,0.3943582398018667
26,absolute,100,sheep's head,217,0.5161290322580645,0.9028894055274225
26,absolute,101,sheep's eye,63,0.04365079365079365,0.7233548807719398
26,absolute,102,sheep's torso,236,0.02913135593220339,0.6298657072297598
26,absolute,103,sheep's neck,155,0.013709677419354839,0.6982800520235493
26,absolute,104,sheep's leg,53,0.014150943396226415,0.4555508171050054
26,absolute,105,sheep's ear,174,0.010057471264367816,0.6612299302186089
26,absolute,106,sheep's muzzle,177,0.08545197740112995,0.7529213307267528
26,absolute,107,sheep's horn,22,0.022727272727272728,0.6650870957157828
26,absolute,108,train's headlight,16,0.03125,0.5465673571452498
26,absolute,109,train's head,209,0.09449760765550239,0.7039406885655873
26,absolute,110,train's front,203,0.08251231527093596,0.6309114870766701
26,absolute,111,train's side,246,0.2688008130081301,0.7396874329665812
26,absolute,112,train's back,24,0.08333333333333333,0.6435076942046484
26,absolute,113,train's roof,48,0.5234375,0.9052730090916157
26,absolute,114,train's coach,183,0.35382513661202186,0.7266868719312011
26,absolute,115,tvmonitor's screen,289,0.38321799307958476,0.7040556031939893
26,relative,0,aeroplane's body,462,0.22727272727272727,0.7321305509447019
26,relative,1,aeroplane's stern,414,0.01364734300956634,0.46403639056328416
26,relative,2,aeroplane's wing,409,0.0033618581907090463,0.4504516259892354
26,relative,3,aeroplane's tail,1,0.125,0.8324362635612488
26,relative,4,aeroplane's engine,300,0.04816666672627131,0.48280448257923125
26,relative,5,aeroplane's wheel,226,0.2748999163112809,0.9051550603018398
26,relative,6,bicycle's wheel,306,0.8125,0.8434575513687009
26,relative,7,bicycle's saddle,205,0.003048780487804878,0.20787490947944362
26,relative,8,bicycle's handlebar,263,0.42490494296577946,0.9391139865828104
26,relative,9,bicycle's chainwheel,217,0.3661290322717983,0.9069443762577074
26,relative,10,bicycle's headlight,1,1.0,0.977587103843689
26,relative,11,bird's wing,250,0.23476666682958602,0.614249773029238
26,relative,12,bird's tail,403,0.45534384990152593,0.9168651700019836
26,relative,13,bird's head,535,0.6039563870875635,0.9075404669358351
26,relative,14,bird's eye,218,0.18506990031364862,0.3243859363890706
26,relative,15,bird's beak,431,0.3116064532519493,0.9194220023752642
26,relative,16,bird's torso,575,0.5640662527343501,0.8501966495099275
26,relative,17,bird's neck,284,0.3988849768861079,0.8923784918873243
26,relative,18,bird's leg,285,0.2544820386066771,0.8543898574092932
26,relative,19,bird's foot,199,0.17480856771744677,0.8208078464970516
26,relative,20,bottle's body,432,0.6092785494057117,0.8153350652643928
26,relative,21,bottle's cap,326,0.4131427111069849,0.8456494358191096
26,relative,22,bus's wheel,233,0.61636010656541,0.9281995699385205
26,relative,23,bus's headlight,155,0.20483870967741935,0.7737180355095095
26,relative,24,bus's front,183,0.3046448087431694,0.7789825904564779
26,relative,25,bus's side,245,0.18153061234221166,0.6947453243391855
26,relative,26,bus's back,53,0.5377358490566038,0.7867215242025987
26,relative,27,bus's roof,20,0.24375,0.5644250109791755
26,relative,28,bus's mirror,117,0.016687016838636153,0.32837868131633496
26,relative,29,bus's license plate,4,0.19375000149011612,0.6956981420516968
26,relative,30,bus's door,104,0.4650297626279868,0.7409485688862892
26,relative,31,bus's window,261,0.8390804597701149,0.8341164542112314
26,relative,32,car's wheel,515,0.7308853447147944,0.8794325271205417
26,relative,33,car's headlight,289,0.5642939532710607,0.9049683073503336
26,relative,34,car's front,365,0.5255870844403359,0.7348309910052443
26,relative,35,car's side,515,0.22293111430209817,0.6207584182614262
26,relative,36,car's back,195,0.6116666666972331,0.8592576422752478
26,relative,37,car's roof,132,0.28783369425571326,0.7418370345099405
26,relative,38,car's mirror,279,0.19554958270869374,0.6205081159789716
26,relative,39,car's license plate,8,0.18199405074119568,0.8250150829553604
26,relative,40,car's door,258,0.6786267997682557,0.8529559376165848
26,relative,41,car's window,548,0.7533867748005547,0.8633249863220828
26,relative,42,cat's tail,332,0.5401247849306429,0.8924814521009663
26,relative,43,cat's head,890,0.7903678440310982,0.8406466685486643
26,relative,44,cat's eye,645,0.4790125521347504,0.9371650697244692
26,relative,45,cat's torso,871,0.7683218522884816,0.8036644873471266
26,relative,46,cat's neck,601,0.4517787814437847,0.830476104915638
26,relative,47,cat's leg,670,0.6492537313432836,0.8719297034749344
26,relative,48,cat's nose,589,0.12317487283756859,0.8600205515965136
26,relative,49,cat's paw,570,0.6485902261577154,0.9254497766625462
26,relative,50,cat's ear,848,0.5224955078249551,0.8921680903448811
26,relative,51,cow's tail,49,0.28316326530612246,0.8800733125939662
26,relative,52,cow's head,180,0.6207209000984828,0.9103157026072343
26,relative,53,cow's eye,60,0.300793651988109,0.8399352019031843
26,relative,54,cow's torso,187,0.6911764705882353,0.8375157955735125
26,relative,55,cow's neck,81,0.28725749566967107,0.8224445342281719
26,relative,56,cow's leg,142,0.45598591549295775,0.8532611924997517
26,relative,57,cow's ear,138,0.28446342385765433,0.8255758189420769
26,relative,58,cow's muzzle,161,0.6173617287267069,0.8581753670475127
26,relative,59,cow's horn,53,0.0023584905660377358,0.22526855077945962
26,relative,60,dog's tail,367,0.38819579609570776,0.8221116346746115
26,relative,61,dog's head,1010,0.728368694622918,0.8351356101655724
26,relative,62,dog's eye,641,0.3667205262249234,0.9267681660406675
26,relative,63,dog's torso,981,0.7086609874175108,0.7850513202608178
26,relative,64,dog's neck,454,0.5488908120188944,0.8468146548003352
26,relative,65,dog's leg,810,0.6382657261174403,0.8359175504541692
26,relative,66,dog's nose,815,0.0071793748740038256,0.5737413892351045
26,relative,67,dog's paw,629,0.5357294272874231,0.8812445828925066
26,relative,68,dog's ear,899,0.6036363158362593,0.8856937509523217
26,relative,69,dog's muzzle,939,0.5689766223882587,0.8157640000065358
26,relative,70,horse's tail,147,0.5086248787690182,0.9108103898917737
26,relative,71,horse's head,282,0.6187183385094007,0.9054758091133537
26,relative,72,horse's eye,104,0.23201694210561422,0.7628560387887634
26,relative,73,horse's torso,293,0.7171501706484642,0.8336779309417608
26,relative,74,horse's neck,233,0.4384835480108793,0.7949783935695247
26,relative,75,horse's leg,265,0.4858490566037736,0.7787593738369222
26,relative,76,horse's ear,223,0.28519645600575505,0.882267419232114
26,relative,77,horse's muzzle,256,0.6107979925582185,0.8822473690961488
26,relative,78,horse's hoof,127,0.03661417362727518,0.40055982440006077
26,relative,79,motorbike's wheel,244,0.7745901639344263,0.8506373943852596
26,relative,80,motorbike's saddle,8,0.015625,0.44739196449518204
26,relative,81,motorbike's handlebar,11,0.13636363636363635,0.7382784214886752
26,relative,82,motorbike's headlight,113,0.3075221238938053,0.8823955649823214
26,relative,83,person's head,1334,0.3271194767469409,0.6060179223083421
26,relative,84,person's eye,585,0.1944342706957434,0.5557164536470659
26,relative,85,person's torso,1273,0.2725629379383149,0.5468577932211945
26,relative,86,person's neck,757,0.1862993027960766,0.5015398647502075
26,relative,87,person's leg,486,0.11150548732820362,0.4515997881353392
26,relative,88,person's foot,135,0.05777777819721787,0.35983746595404764
26,relative,89,person's nose,907,0.15492203591808332,0.6063990627324092
26,relative,90,person's ear,688,0.11484461561451818,0.3249863879220441
26,relative,91,person's eyebrow,432,0.05039407002429167,0.6115689343897868
26,relative,92,person's mouth,712,0.10147806338631035,0.599567074890463
26,relative,93,person's hair,1082,0.29823079063469293,0.6409699714031628
26,relative,94,person's lower arm,753,0.03420445220087312,0.33569121298999843
26,relative,95,person's upper arm,1043,0.018377619530301995,0.2306713035467687
26,relative,96,person's hand,669,0.0696170550112589,0.34518603442350937
26,relative,97,pottedplant's pot,181,0.6273020258924579,0.827050679131766
26,relative,98,pottedplant's plant,203,0.5135467981029613,0.7457414917611136
26,relative,99,sheep's tail,56,0.19196428571428573,0.7806994482608778
26,relative,100,sheep's head,217,0.510105333295286,0.8841371828097901
26,relative,101,sheep's eye,63,0.2889077857373253,0.7871143627497885
26,relative,102,sheep's torso,236,0.6080508474576272,0.8397426010440971
26,relative,103,sheep's neck,155,0.34758064516129034,0.8189012637061458
26,relative,104,sheep's leg,53,0.4190251574201404,0.8383019127935734
26,relative,105,sheep's ear,174,0.260509031942521,0.7687036926033853
26,relative,106,sheep's muzzle,177,0.567386336161592,0.8790000421179216
26,relative,107,sheep's horn,22,0.0,0.18741864245384932
26,relative,108,train's headlight,16,0.1171875,0.6753458920866251
26,relative,109,train's head,209,0.07261335165306712,0.5433685627351538
26,relative,110,train's front,203,0.47967980295566504,0.7794618229634069
26,relative,111,train's side,246,0.038109756097560975,0.44160261011220575
26,relative,112,train's back,24,0.4129464291036129,0.7245806952317556
26,relative,113,train's roof,48,0.013020833333333334,0.27012260165065527
26,relative,114,train's coach,183,0.3437743950736979,0.7536630019789836
26,relative,115,tvmonitor's screen,289,0.3226643598615917,0.6889069070040561
27,absolute,0,aeroplane's body,462,0.022456709956709956,0.524377617194797
27,absolute,1,aeroplane's stern,414,0.39402173913043476,0.8448969361142836
27,absolute,2,aeroplane's wing,409,0.03881418092909535,0.573951997828367
27,absolute,3,aeroplane's tail,1,0.125,0.9104771018028259
27,absolute,4,aeroplane's engine,300,0.004166666666666667,0.44535514051715536
27,absolute,5,aeroplane's wheel,226,0.0,0.27048473561232067
27,absolute,6,bicycle's wheel,306,0.02287581699346405,0.4942170929382829
27,absolute,7,bicycle's saddle,205,0.07256097560975609,0.7148630165472263
27,absolute,8,bicycle's handlebar,263,0.4282319391634981,0.9411746317896099
27,absolute,9,bicycle's chainwheel,217,0.001152073732718894,0.4226645604119323
27,absolute,10,bicycle's headlight,1,0.0,0.4942828416824341
27,absolute,11,bird's wing,250,0.024,0.4373665627837181
27,absolute,12,bird's tail,403,0.0015508684863523574,0.3225153671951951
27,absolute,13,bird's head,535,0.27476635514018694,0.7713574023586567
27,absolute,14,bird's eye,218,0.008600917431192661,0.5225243854823463
27,absolute,15,bird's beak,431,0.3343967517401392,0.9414003251461861
27,absolute,16,bird's torso,575,0.02608695652173913,0.49500465108000713
27,absolute,17,bird's neck,284,0.017605633802816902,0.6011574307168034
27,absolute,18,bird's leg,285,0.010087719298245614,0.4220281043073587
27,absolute,19,bird's foot,199,0.03706030150753769,0.4482508189414614
27,absolute,20,bottle's body,432,0.4608217592661579,0.6802252329265078
27,absolute,21,bottle's cap,326,0.4325153374233129,0.8982214252093087
27,absolute,22,bus's wheel,233,0.000536480686695279,0.4609736088391537
27,absolute,23,bus's headlight,155,0.0,0.4535315987563902
27,absolute,24,bus's front,183,0.03551912568306011,0.5998130642651208
27,absolute,25,bus's side,245,0.37551020408163266,0.7943279911060722
27,absolute,26,bus's back,53,0.049528301886792456,0.6597654577696098
27,absolute,27,bus's roof,20,0.0625,0.6592863112688064
27,absolute,28,bus's mirror,117,0.0,0.5953582948089665
27,absolute,29,bus's license plate,4,0.0,0.333159439265728
27,absolute,30,bus's door,104,0.10336538461538461,0.6913757120760587
27,absolute,31,bus's window,261,0.8467432950191571,0.896390516182472
27,absolute,32,car's wheel,515,0.002669902912621359,0.3613666652186403
27,absolute,33,car's headlight,289,0.0021626297577854673,0.3299901874213895
27,absolute,34,car's front,365,0.15102739726027398,0.5698251484191581
27,absolute,35,car's side,515,0.0854368932038835,0.5585526913549136
27,absolute,36,car's back,195,0.14743589743589744,0.6225575775290146
27,absolute,37,car's roof,132,0.09185606060606061,0.7146877253597433
27,absolute,38,car's mirror,279,0.00492831541218638,0.4844444504134544
27,absolute,39,car's license plate,8,0.0,0.25621024798601866
27,absolute,40,car's door,258,0.11094961240310078,0.5999978778436202
27,absolute,41,car's window,548,0.7541058394160584,0.8922282393722638
27,absolute,42,cat's tail,332,0.0026355421686746986,0.35545654101185054
27,absolute,43,cat's head,890,0.8679775280898876,0.856223674218976
27,absolute,44,cat's eye,645,0.13042635658914728,0.8288802834444268
27,absolute,45,cat's torso,871,0.008897818599311137,0.4429307797053309
27,absolute,46,cat's neck,601,0.00041597337770382697,0.5254268087136765
27,absolute,47,cat's leg,670,0.17537313432835822,0.6426134302767355
27,absolute,48,cat's nose,589,0.00466893039049236,0.5980375283642819
27,absolute,49,cat's paw,570,0.5888157894736842,0.873187607918915
27,absolute,50,cat's ear,848,0.07163915094339622,0.6081477249708941
27,absolute,51,cow's tail,49,0.0,0.41795771736271525
27,absolute,52,cow's head,180,0.5819444444444445,0.9047225619355838
27,absolute,53,cow's eye,60,0.05625,0.7608181267976761
27,absolute,54,cow's torso,187,0.01871657754010695,0.6265687591092471
27,absolute,55,cow's neck,81,0.006172839506172839,0.6961841494948776
27,absolute,56,cow's leg,142,0.007922535211267605,0.397433495962284
27,absolute,57,cow's ear,138,0.018115942028985508,0.6779974325411562
27,absolute,58,cow's muzzle,161,0.13819875776397517,0.7889154568221999
27,absolute,59,cow's horn,53,0.0047169811320754715,0.5994056839987917
27,absolute,60,dog's tail,367,0.0006811989100817438,0.3217930506092651
27,absolute,61,dog's head,1010,0.8071782178217822,0.811068657667625
27,absolute,62,dog's eye,641,0.11758970358814352,0.8069041541976602
27,absolute,63,dog's torso,981,0.00815494393476045,0.4184842372007448
27,absolute,64,dog's neck,454,0.0008259911894273128,0.43574877337671586
27,absolute,65,dog's leg,810,0.266820987654321,0.6877308558350728
27,absolute,66,dog's nose,815,0.0015337423312883436,0.43742992450123186
27,absolute,67,dog's paw,629,0.6609697933227345,0.9191330645724965
27,absolute,68,dog's ear,899,0.015989988876529478,0.45135057270029627
27,absolute,69,dog's muzzle,939,0.04805644302449414,0.6015505483324408
27,absolute,70,horse's tail,147,0.003401360544217687,0.3274541182988355
27,absolute,71,horse's head,282,0.56427304964539,0.8882102319534789
27,absolute,72,horse's eye,104,0.06129807692307692,0.793206278521281
27,absolute,73,horse's torso,293,0.046501706484641636,0.5400694748037097
27,absolute,74,horse's neck,233,0.024141630901287552,0.6705950919394841
27,absolute,75,horse's leg,265,0.007075471698113208,0.37511448517160595
27,absolute,76,horse's ear,223,0.010650224215246636,0.6180363793276885
27,absolute,77,horse's muzzle,256,0.15087890625,0.786407996667549
27,absolute,78,horse's hoof,127,0.002952755905511811,0.2847859432378153
27,absolute,79,motorbike's wheel,244,0.0,0.4217226470469451
27,absolute,80,motorbike's saddle,8,0.0,0.46102385222911835
27,absolute,81,motorbike's handlebar,11,0.45454545454545453,0.945587461644953
27,absolute,82,motorbike's headlight,113,0.030973451327433628,0.7925042757945778
27,absolute,83,person's head,1334,0.40596219748705403,0.6718455229046708
27,absolute,84,person's eye,585,0.0649877899987066,0.6193798551288171
27,absolute,85,person's torso,1273,0.022893053534362415,0.352168769413241
27,absolute,86,person's neck,757,0.007595772787318362,0.48355810825997175
27,absolute,87,person's leg,486,0.026234567901234566,0.338842169387427
27,absolute,88,person's foot,135,0.05,0.33846058973835574
27,absolute,89,person's nose,907,0.07938257993384785,0.6169759573983779
27,absolute,90,person's ear,688,0.006359011627906977,0.44861878204324585
27,absolute,91,person's eyebrow,432,0.07233796296296297,0.6832630057426825
27,absolute,92,person's mouth,712,0.021418539325842697,0.5128708608197362
27,absolute,93,person's hair,1082,0.23031423290478764,0.6415111503207475
27,absolute,94,person's lower arm,753,0.006474103585657371,0.31477814290615647
27,absolute,95,person's upper arm,1043,0.007550335570469799,0.3457897105571222
27,absolute,96,person's hand,669,0.02242152466367713,0.2997310803855125
27,absolute,97,pottedplant's pot,181,0.5421270718232044,0.8142081819351207
27,absolute,98,pottedplant's plant,203,0.2616291344899849,0.5450115293411198
27,absolute,99,sheep's tail,56,0.0,0.39450063928961754
27,absolute,100,sheep's head,217,0.5155529953917051,0.9028609070909738
27,absolute,101,sheep's eye,63,0.04563492063492063,0.7280953446077922
27,absolute,102,sheep's torso,236,0.028601694915254237,0.6299455350233336
27,absolute,103,sheep's neck,155,0.013709677419354839,0.6983316777213927
27,absolute,104,sheep's leg,53,0.014150943396226415,0.4560390033249585
27,absolute,105,sheep's ear,174,0.010057471264367816,0.6614211306147192
27,absolute,106,sheep's muzzle,177,0.08403954802259887,0.7526932707277395
27,absolute,107,sheep's horn,22,0.022727272727272728,0.6660286431962793
27,absolute,108,train's headlight,16,0.03125,0.5523485830053687
27,absolute,109,train's head,209,0.09449760765550239,0.7038138855302163
27,absolute,110,train's front,203,0.08251231527093596,0.6301084928618276
27,absolute,111,train's side,246,0.2698170731707317,0.7396159972844085
27,absolute,112,train's back,24,0.078125,0.6415195092558861
27,absolute,113,train's roof,48,0.5182291666666666,0.9041457238296667
27,absolute,114,train's coach,183,0.3524590163934426,0.7279410486012861
27,absolute,115,tvmonitor's screen,289,0.3806228373702422,0.7036040300522709
27,relative,0,aeroplane's body,462,0.21536796536796537,0.7264691653512257
27,relative,1,aeroplane's stern,414,0.012983091787439614,0.46753894730250617
27,relative,2,aeroplane's wing,409,0.0033618581907090463,0.44807831422040983
27,relative,3,aeroplane's tail,1,0.125,0.8324362635612488
27,relative,4,aeroplane's engine,300,0.04453571438789368,0.47954896474877995
27,relative,5,aeroplane's wheel,226,0.27540033765598737,0.9061170001473047
27,relative,6,bicycle's wheel,306,0.8129084967320261,0.8436823662589578
27,relative,7,bicycle's saddle,205,0.0024390243902439024,0.20716610430944257
27,relative,8,bicycle's handlebar,263,0.42585551330798477,0.9392397412782386
27,relative,9,bicycle's chainwheel,217,0.3688556067817222,0.9088424148922143
27,relative,10,bicycle's headlight,1,1.0,0.977587103843689
27,relative,11,bird's wing,250,0.23146666675806046,0.6105347863025963
27,relative,12,bird's tail,403,0.4565845446906078,0.9170582396516729
27,relative,13,bird's head,535,0.6004517141903672,0.9061231174480135
27,relative,14,bird's eye,218,0.18311489804075398,0.3228427848154935
27,relative,15,bird's beak,431,0.3114572984713136,0.9196332615655426
27,relative,16,bird's torso,575,0.5677619049082632,0.850792379197867
27,relative,17,bird's neck,284,0.4024061036466713,0.8935663201124735
27,relative,18,bird's leg,285,0.2555054303846861,0.853829050273226
27,relative,19,bird's foot,199,0.1754845666825472,0.8218985056158287
27,relative,20,bottle's body,432,0.6089891975538598,0.8151396795831345
27,relative,21,bottle's cap,326,0.4150598890210953,0.8471364190150623
27,relative,22,bus's wheel,233,0.61636010656541,0.9284227320308849
27,relative,23,bus's headlight,155,0.20967741935483872,0.7799128916955763
27,relative,24,bus's front,183,0.3114754098360656,0.7798337483666634
27,relative,25,bus's side,245,0.18102040826057902,0.6940860160759517
27,relative,26,bus's back,53,0.5448113207547169,0.7886764845758114
27,relative,27,bus's roof,20,0.24375,0.5633363395929336
27,relative,28,bus's mirror,117,0.017735042760514807,0.3294367479462909
27,relative,29,bus's license plate,4,0.19375000149011612,0.6956981420516968
27,relative,30,bus's door,104,0.46228250975792223,0.7428753546510751
27,relative,31,bus's window,261,0.8400383141762452,0.8356515205682923
27,relative,32,car's wheel,515,0.7313129915485105,0.8799198618140615
27,relative,33,car's headlight,289,0.5665266112163405,0.9074711709389637
27,relative,34,car's front,365,0.5317188521770582,0.7353430151939392
27,relative,35,car's side,515,0.2211511790463068,0.6196988087834664
27,relative,36,car's back,195,0.615512820543387,0.8602689834741446
27,relative,37,car's roof,132,0.28972763364965265,0.7400759625615496
27,relative,38,car's mirror,279,0.19825908931566397,0.6275678687865802
27,relative,39,car's license plate,8,0.18616071715950966,0.8245195224881172
27,relative,40,car's door,258,0.6793189369892889,0.854346281798311
27,relative,41,car's window,548,0.7533867748005547,0.8636793979871882
27,relative,42,cat's tail,332,0.5416308090270284,0.8945333853992353
27,relative,43,cat's head,890,0.791748261351264,0.8403695646757156
27,relative,44,cat's eye,645,0.47935585229433786,0.9375417748913747
27,relative,45,cat's torso,871,0.7676042862724081,0.8035463002327526
27,relative,46,cat's neck,601,0.45406663502115574,0.8317396687390205
27,relative,47,cat's leg,670,0.6555970149253731,0.8730238382718456
27,relative,48,cat's nose,589,0.12317487283756859,0.8588476671832527
27,relative,49,cat's paw,570,0.6504344199048845,0.9255870500285375
27,relative,50,cat's ear,848,0.5246223609648505,0.8927457761722353
27,relative,51,cow's tail,49,0.28316326530612246,0.8826966322198206
27,relative,52,cow's head,180,0.620919312702285,0.9095033509035905
27,relative,53,cow's eye,60,0.3015873027344545,0.8404207622011503
27,relative,54,cow's torso,187,0.6918449197860963,0.8379130229194534
27,relative,55,cow's neck,81,0.28880070554621423,0.8242216573821174
27,relative,56,cow's leg,142,0.45686619718309857,0.8534191267591127
27,relative,57,cow's ear,138,0.2853692209591036,0.8266007221047429
27,relative,58,cow's muzzle,161,0.6181085493808948,0.8582102216965293
27,relative,59,cow's horn,53,0.0023584905660377358,0.22527373357201522
27,relative,60,dog's tail,367,0.3888088750985403,0.8243943051681206
27,relative,61,dog's head,1010,0.7289462523737756,0.8337188594854704
27,relative,62,dog's eye,641,0.3665533766917617,0.9268296141520306
27,relative,63,dog's torso,981,0.7089643707607135,0.7849192575425304
27,relative,64,dog's neck,454,0.549441472811846,0.8470621308894409
27,relative,65,dog's leg,810,0.6415064668581809,0.8358627187249101
27,relative,66,dog's nose,815,0.007220274667067031,0.5738011707191818
27,relative,67,dog's paw,629,0.5360190025715835,0.8815699135721772
27,relative,68,dog's ear,899,0.606565496398424,0.8863849039536562
27,relative,69,dog's muzzle,939,0.570993712471443,0.8167888588679675
27,relative,70,horse's tail,147,0.5094752189050726,0.9114521985151329
27,relative,71,horse's head,282,0.6174138805544969,0.9046802679274945
27,relative,72,horse's eye,104,0.2332188651825373,0.7643989958585455
27,relative,73,horse's torso,293,0.7175767918088737,0.8340456451165391
27,relative,74,horse's neck,233,0.4433118741911368,0.7973984329613493
27,relative,75,horse's leg,265,0.4891509433962264,0.7783199723599092
27,relative,76,horse's ear,223,0.286984839514232,0.8828152527389505
27,relative,77,horse's muzzle,256,0.610821244015824,0.882787253765855
27,relative,78,horse's hoof,127,0.03651106134643705,0.4092784792654158
27,relative,79,motorbike's wheel,244,0.7730532786885246,0.8501455458949824
27,relative,80,motorbike's saddle,8,0.015625,0.4440296106040478
27,relative,81,motorbike's handlebar,11,0.13636363636363635,0.7382784214886752
27,relative,82,motorbike's headlight,113,0.3219026548672566,0.8858990036280809
27,relative,83,person's head,1334,0.3283358328770483,0.6065914407663949
27,relative,84,person's eye,585,0.1946621909355506,0.5575447289352743
27,relative,85,person's torso,1273,0.27387966257750473,0.547840628533559
27,relative,86,person's neck,757,0.18809838437498638,0.5028435711114073
27,relative,87,person's leg,486,0.10867626922120774,0.4536144614503278
27,relative,88,person's foot,135,0.05777777819721787,0.36080380129041495
27,relative,89,person's nose,907,0.15331810875462065,0.6056902449066692
27,relative,90,person's ear,688,0.12271767755060695,0.33654346449779843
27,relative,91,person's eyebrow,432,0.05018187866166786,0.6120023747530973
27,relative,92,person's mouth,712,0.10101993065955264,0.6001742493218658
27,relative,93,person's hair,1082,0.3024689738747153,0.6432075821635332
27,relative,94,person's lower arm,753,0.03399892509537706,0.3363821566788848
27,relative,95,person's upper arm,1043,0.0183935990612436,0.23021712535251135
27,relative,96,person's hand,669,0.06967933700936436,0.3448473803019666
27,relative,97,pottedplant's pot,181,0.6286832413620712,0.8275512866881671
27,relative,98,pottedplant's plant,203,0.5116995074625673,0.7453237195760746
27,relative,99,sheep's tail,56,0.18973214285714285,0.7815585060577307
27,relative,100,sheep's head,217,0.5071702883814886,0.8823741892103776
27,relative,101,sheep's eye,63,0.2889077857373253,0.7848751553230815
27,relative,102,sheep's torso,236,0.6091101694915254,0.8403348754775726
27,relative,103,sheep's neck,155,0.34838709677419355,0.819822064715047
27,relative,104,sheep's leg,53,0.4237421385522159,0.8392084904436795
27,relative,105,sheep's ear,174,0.26122742274711874,0.7697892254967799
27,relative,106,sheep's muzzle,177,0.5680320181247205,0.8802604991837409
27,relative,107,sheep's horn,22,0.0,0.18592019184407862
27,relative,108,train's headlight,16,0.1171875,0.6811441816389561
27,relative,109,train's head,209,0.07261335165306712,0.5441317081665308
27,relative,110,train's front,203,0.47783251231527096,0.7804319735598094
27,relative,111,train's side,246,0.03861788617886179,0.44188830026281556
27,relative,112,train's back,24,0.4077380957702796,0.7245987529555956
27,relative,113,train's roof,48,0.015625,0.2698716833256185
27,relative,114,train's coach,183,0.34309133496440825,0.7538722105364982
27,relative,115,tvmonitor's screen,289,0.3153114186851211,0.6874655557338755
28,absolute,0,aeroplane's body,462,0.022456709956709956,0.5242831091279592
28,absolute,1,aeroplane's stern,414,0.3943236714975845,0.8451763923473404
28,absolute,2,aeroplane's wing,409,0.03881418092909535,0.5740351488581497
28,absolute,3,aeroplane's tail,1,0.125,0.9104771018028259
28,absolute,4,aeroplane's engine,300,0.004583333333333333,0.4450244832535585
28,absolute,5,aeroplane's wheel,226,0.0,0.2710184421950737
28,absolute,6,bicycle's wheel,306,0.02246732026143791,0.494183264575363
28,absolute,7,bicycle's saddle,205,0.07439024390243902,0.7154759200607858
28,absolute,8,bicycle's handlebar,263,0.4282319391634981,0.9411551941030379
28,absolute,9,bicycle's chainwheel,217,0.001152073732718894,0.4226081720145617
28,absolute,10,bicycle's headlight,1,0.0,0.4942828416824341
28,absolute,11,bird's wing,250,0.024,0.4372517691254616
28,absolute,12,bird's tail,403,0.0015508684863523574,0.3226617520245222
28,absolute,13,bird's head,535,0.2740654205607477,0.7709348734990459
28,absolute,14,bird's eye,218,0.008600917431192661,0.5225506681231183
28,absolute,15,bird's beak,431,0.3349767981438515,0.9415828898860241
28,absolute,16,bird's torso,575,0.02608695652173913,0.49454720932504403
28,absolute,17,bird's neck,284,0.017605633802816902,0.6010921791615621
28,absolute,18,bird's leg,285,0.010087719298245614,0.4212107135538469
28,absolute,19,bird's foot,199,0.03706030150753769,0.44855260759142773
28,absolute,20,bottle's body,432,0.46140046296986165,0.6802602930822306
28,absolute,21,bottle's cap,326,0.43328220858895705,0.8986171678714225
28,absolute,22,bus's wheel,233,0.000536480686695279,0.46069091200316925
28,absolute,23,bus's headlight,155,0.0,0.4538112326014426
28,absolute,24,bus's front,183,0.03551912568306011,0.5972324733525678
28,absolute,25,bus's side,245,0.3816326530612245,0.7949601762148799
28,absolute,26,bus's back,53,0.05188679245283019,0.6594394867150288
28,absolute,27,bus's roof,20,0.0625,0.6592863142490387
28,absolute,28,bus's mirror,117,0.0,0.5947522151673961
28,absolute,29,bus's license plate,4,0.0,0.33444827049970627
28,absolute,30,bus's door,104,0.10216346153846154,0.6909965076125585
28,absolute,31,bus's window,261,0.8477011494252874,0.8963085716711607
28,absolute,32,car's wheel,515,0.002669902912621359,0.3617986967696727
28,absolute,33,car's headlight,289,0.0021626297577854673,0.32994951568801717
28,absolute,34,car's front,365,0.15205479452054796,0.569967151341373
28,absolute,35,car's side,515,0.08616504854368932,0.5589379223371015
28,absolute,36,car's back,195,0.14935897435897436,0.6231658538946738
28,absolute,37,car's roof,132,0.09185606060606061,0.7151214886795391
28,absolute,38,car's mirror,279,0.004480286738351254,0.4842039674627311
28,absolute,39,car's license plate,8,0.0,0.25621024798601866
28,absolute,40,car's door,258,0.11385658914728682,0.6051390028970186
28,absolute,41,car's window,548,0.7538777372262774,0.8918552157761407
28,absolute,42,cat's tail,332,0.002259036144578313,0.343204380360892
28,absolute,43,cat's head,890,0.8665730337078652,0.8558476244884261
28,absolute,44,cat's eye,645,0.13837209302325582,0.8358658477317455
28,absolute,45,cat's torso,871,0.00875430539609644,0.43853302510406067
28,absolute,46,cat's neck,601,0.00041597337770382697,0.5268160448891549
28,absolute,47,cat's leg,670,0.13544776119402985,0.6053456317577789
28,absolute,48,cat's nose,589,0.004456706281833617,0.5978789969595665
28,absolute,49,cat's paw,570,0.5741228070175438,0.8611319462719716
28,absolute,50,cat's ear,848,0.08107311320754718,0.6168448330729075
28,absolute,51,cow's tail,49,0.0,0.4174295545232539
28,absolute,52,cow's head,180,0.5805555555555556,0.9051020202537378
28,absolute,53,cow's eye,60,0.06041666666666667,0.7650616586208343
28,absolute,54,cow's torso,187,0.017379679144385027,0.6251455084047216
28,absolute,55,cow's neck,81,0.006172839506172839,0.6958551267046987
28,absolute,56,cow's leg,142,0.007922535211267605,0.39736842815305146
28,absolute,57,cow's ear,138,0.018115942028985508,0.6778192196203314
28,absolute,58,cow's muzzle,161,0.13975155279503104,0.7896580677595197
28,absolute,59,cow's horn,53,0.0047169811320754715,0.6010828917881228
28,absolute,60,dog's tail,367,0.0003405994550408719,0.3214041605916595
28,absolute,61,dog's head,1010,0.8073019801980198,0.811604393863737
28,absolute,62,dog's eye,641,0.12090483619344773,0.8115692528287259
28,absolute,63,dog's torso,981,0.008282364933741081,0.41783851611823847
28,absolute,64,dog's neck,454,0.0008259911894273128,0.4364335435290825
28,absolute,65,dog's leg,810,0.25925925925925924,0.6831304413025026
28,absolute,66,dog's nose,815,0.0015337423312883436,0.4372854839439041
28,absolute,67,dog's paw,629,0.6623608903020668,0.9192316304234898
28,absolute,68,dog's ear,899,0.01585094549499444,0.4523102468391414
28,absolute,69,dog's muzzle,939,0.047657082002129925,0.6011585052243184
28,absolute,70,horse's tail,147,0.003401360544217687,0.32863357065080784
28,absolute,71,horse's head,282,0.5625,0.8883040331779642
28,absolute,72,horse's eye,104,0.06129807692307692,0.7964028922411112
28,absolute,73,horse's torso,293,0.04692832764505119,0.5394770230449507
28,absolute,74,horse's neck,233,0.02467811158798283,0.6716280065380964
28,absolute,75,horse's leg,265,0.006603773584905661,0.37529489060617843
28,absolute,76,horse's ear,223,0.010650224215246636,0.6181706326424808
28,absolute,77,horse's muzzle,256,0.1494140625,0.7861538252327591
28,absolute,78,horse's hoof,127,0.002952755905511811,0.2847117818012012
28,absolute,79,motorbike's wheel,244,0.0,0.42158414771566627
28,absolute,80,motorbike's saddle,8,0.0,0.4640641137957573
28,absolute,81,motorbike's handlebar,11,0.4659090909090909,0.9460265365513888
28,absolute,82,motorbike's headlight,113,0.032079646017699116,0.7928575936671907
28,absolute,83,person's head,1334,0.40661811952603455,0.6716601637204637
28,absolute,84,person's eye,585,0.06605616606708266,0.6197957660779994
28,absolute,85,person's torso,1273,0.02250028055714325,0.3510733738048507
28,absolute,86,person's neck,757,0.007595772787318362,0.4836326053973824
28,absolute,87,person's leg,486,0.02546296296296296,0.33821828849038776
28,absolute,88,person's foot,135,0.049074074074074076,0.3379586526641139
28,absolute,89,person's nose,907,0.07965821389195149,0.6171827316715442
28,absolute,90,person's ear,688,0.006359011627906977,0.4481772256001213
28,absolute,91,person's eyebrow,432,0.07175925925925926,0.6830199796521036
28,absolute,92,person's mouth,712,0.021594101123595506,0.5136900494513468
28,absolute,93,person's hair,1082,0.2308918669158782,0.6419244512258004
28,absolute,94,person's lower arm,753,0.0063081009296148734,0.3138535594441501
28,absolute,95,person's upper arm,1043,0.007310642377756472,0.3446229150775938
28,absolute,96,person's hand,669,0.021674140508221227,0.2977399828082287
28,absolute,97,pottedplant's pot,181,0.5421270718232044,0.8138115136827553
28,absolute,98,pottedplant's plant,203,0.26224489803678297,0.5454082268799467
28,absolute,99,sheep's tail,56,0.0,0.3948189914226532
28,absolute,100,sheep's head,217,0.5167050691244239,0.9031851269682432
28,absolute,101,sheep's eye,63,0.047619047619047616,0.7323808977528224
28,absolute,102,sheep's torso,236,0.028601694915254237,0.6294076361898648
28,absolute,103,sheep's neck,155,0.013709677419354839,0.6986409087334909
28,absolute,104,sheep's leg,53,0.014150943396226415,0.4562487076475935
28,absolute,105,sheep's ear,174,0.010057471264367816,0.6620580475220735
28,absolute,106,sheep's muzzle,177,0.0847457627118644,0.7530872661851894
28,absolute,107,sheep's horn,22,0.022727272727272728,0.6672103567556902
28,absolute,108,train's headlight,16,0.03125,0.5523485876619816
28,absolute,109,train's head,209,0.09270334928229665,0.7034027150087949
28,absolute,110,train's front,203,0.08251231527093596,0.6302420552728212
28,absolute,111,train's side,246,0.2682926829268293,0.7396828664269873
28,absolute,112,train's back,24,0.078125,0.6399751926461855
28,absolute,113,train's roof,48,0.515625,0.9046054718395075
28,absolute,114,train's coach,183,0.3524590163934426,0.7282387350426346
28,absolute,115,tvmonitor's screen,289,0.38019031141868515,0.7038428257493412
28,relative,0,aeroplane's body,462,0.2048160173160173,0.7205687222994251
28,relative,1,aeroplane's stern,414,0.013184380056201548,0.4707078927057089
28,relative,2,aeroplane's wing,409,0.003056234718826406,0.44589944125533393
28,relative,3,aeroplane's tail,1,0.125,0.8324362635612488
28,relative,4,aeroplane's engine,300,0.04148015886545181,0.4766414309541384
28,relative,5,aeroplane's wheel,226,0.2760008433091957,0.9064286045268574
28,relative,6,bicycle's wheel,306,0.8125,0.8437126134735307
28,relative,7,bicycle's saddle,205,0.0024390243902439024,0.20688431437422589
28,relative,8,bicycle's handlebar,263,0.42728136882129275,0.9395607539909421
28,relative,9,bicycle's chainwheel,217,0.37115975424716,0.9088421218131545
28,relative,10,bicycle's headlight,1,1.0,0.977587103843689
28,relative,11,bird's wing,250,0.22766666674613953,0.6074372346289456
28,relative,12,bird's tail,403,0.4587557605715011,0.917224022797852
28,relative,13,bird's head,535,0.5974477088618502,0.9052506218725276
28,relative,14,bird's eye,218,0.17836391502017274,0.31861355547887193
28,relative,15,bird's beak,431,0.31083582016680467,0.9202085244544974
28,relative,16,bird's torso,575,0.5711677020269892,0.8506064601048179
28,relative,17,bird's neck,284,0.40284624449174167,0.8937457269451148
28,relative,18,bird's leg,285,0.25418964091100194,0.8540114975812142
28,relative,19,bird's foot,199,0.1779732001037454,0.826066606458108
28,relative,20,bottle's body,432,0.6089891975538598,0.8152218947394027
28,relative,21,bottle's cap,326,0.4162101957695616,0.8483723246155341
28,relative,22,bus's wheel,233,0.61636010656541,0.9284890067679687
28,relative,23,bus's headlight,155,0.21693548387096775,0.7854616832348609
28,relative,24,bus's front,183,0.31830601092896177,0.781197933388538
28,relative,25,bus's side,245,0.18408163275037492,0.6940654443234814
28,relative,26,bus's back,53,0.5518867924528302,0.7893504174250476
28,relative,27,bus's roof,20,0.2375,0.5554887473583221
28,relative,28,bus's mirror,117,0.018803418828890875,0.3330809641470257
28,relative,29,bus's license plate,4,0.19375000149011612,0.6956981420516968
28,relative,30,bus's door,104,0.46056547660667163,0.7465941229691873
28,relative,31,bus's window,261,0.8409961685823755,0.836433628053044
28,relative,32,car's wheel,515,0.7305802130004735,0.8801726974836253
28,relative,33,car's headlight,289,0.566506014769465,0.9082855986991968
28,relative,34,car's front,365,0.5358773649147112,0.7360506320244645
28,relative,35,car's side,515,0.2185621822632632,0.618725166679586
28,relative,36,car's back,195,0.6206410256715921,0.8610575862419911
28,relative,37,car's roof,132,0.288780663952683,0.737869138293194
28,relative,38,car's mirror,279,0.20118194311109494,0.6334218547068616
28,relative,39,car's license plate,8,0.1778273843228817,0.8256776332855225
28,relative,40,car's door,258,0.6833564047665559,0.8559578367212947
28,relative,41,car's window,548,0.7539907024942175,0.8639479258852284
28,relative,42,cat's tail,332,0.5431368331234139,0.8963376538132328
28,relative,43,cat's head,890,0.7921696096658707,0.8399965689925665
28,relative,44,cat's eye,645,0.4794407544672027,0.9380408792821474
28,relative,45,cat's torso,871,0.7686088786949109,0.8037233913293799
28,relative,46,cat's neck,601,0.4537893194525492,0.8325943800058222
28,relative,47,cat's leg,670,0.6580223880597015,0.8741955912380076
28,relative,48,cat's nose,589,0.12296264872890984,0.8582568555210159
28,relative,49,cat's paw,570,0.6505346704731908,0.9254648120387604
28,relative,50,cat's ear,848,0.5282780213351801,0.8937965143331379
28,relative,51,cow's tail,49,0.28316326530612246,0.8828718996777827
28,relative,52,cow's head,180,0.6223082015911738,0.9080742592612903
28,relative,53,cow's eye,60,0.3036706360677878,0.8432704115907351
28,relative,54,cow's torso,187,0.695855614973262,0.8392519832932376
28,relative,55,cow's neck,81,0.29034391542275745,0.825354755660634
28,relative,56,cow's leg,142,0.45774647887323944,0.8539044857025146
28,relative,57,cow's ear,138,0.2853692209591036,0.8267819968902547
28,relative,58,cow's muzzle,161,0.6176944707306276,0.858042559384004
28,relative,59,cow's horn,53,0.0023584905660377358,0.2255699782157844
28,relative,60,dog's tail,367,0.3888088750985403,0.8261219760458866
28,relative,61,dog's head,1010,0.7286409719155567,0.8327696425342324
28,relative,62,dog's eye,641,0.3667260979108989,0.9269073045755883
28,relative,63,dog's torso,981,0.7094315811004357,0.7847285539397892
28,relative,64,dog's neck,454,0.5513687855871764,0.8475325350785046
28,relative,65,dog's leg,810,0.642056143578188,0.8351158067032143
28,relative,66,dog's nose,815,0.007680397366453534,0.5741513925461681
28,relative,67,dog's paw,629,0.5373154671563632,0.8819010982997656
28,relative,68,dog's ear,899,0.6090126599167558,0.887050766170489
28,relative,69,dog's muzzle,939,0.5739350381115882,0.8175587278847306
28,relative,70,horse's tail,147,0.5103255590411271,0.9118409910980536
28,relative,71,horse's head,282,0.616590678956069,0.9043924531615373
28,relative,72,horse's eye,104,0.23289835238112852,0.7655039539274114
28,relative,73,horse's torso,293,0.7180034129692833,0.8338212697375756
28,relative,74,horse's neck,233,0.4492131617447849,0.7996295665594642
28,relative,75,horse's leg,265,0.49040880506893375,0.7776943674065032
28,relative,76,horse's ear,223,0.2864723475524663,0.8829566948282879
28,relative,77,horse's muzzle,256,0.6097516755689867,0.8825625239987858
28,relative,78,horse's hoof,127,0.0383389578090878,0.4143465100310919
28,relative,79,motorbike's wheel,244,0.7735655737704918,0.8502514692115002
28,relative,80,motorbike's saddle,8,0.015625,0.4460148811340332
28,relative,81,motorbike's handlebar,11,0.13636363636363635,0.7436095747080717
28,relative,82,motorbike's headlight,113,0.32853982300884954,0.8889829701026984
28,relative,83,person's head,1334,0.3298591783736599,0.6068426991191188
28,relative,84,person's eye,585,0.19349409976066687,0.5569290407129333
28,relative,85,person's torso,1273,0.27430890733485885,0.5468139037808502
28,relative,86,person's neck,757,0.1880480604765437,0.5041767151206928
28,relative,87,person's leg,486,0.11100823082673697,0.4557421696199863
28,relative,88,person's foot,135,0.05777777819721787,0.3601812693531866
28,relative,89,person's nose,907,0.15422638826885454,0.6060378789612171
28,relative,90,person's ear,688,0.1256973287740419,0.34358785472008896
28,relative,91,person's eyebrow,432,0.0501184967794904,0.6111810430129817
28,relative,92,person's mouth,712,0.09896836563777388,0.6010206663671075
28,relative,93,person's hair,1082,0.3069899227063889,0.6470699435820401
28,relative,94,person's lower arm,753,0.03330803780283428,0.3360214856339453
28,relative,95,person's upper arm,1043,0.016171300742678765,0.22917214975168185
28,relative,96,person's hand,669,0.06950494738348574,0.34508240494531855
28,relative,97,pottedplant's pot,181,0.6286832413620712,0.8275311650162902
28,relative,98,pottedplant's plant,203,0.5110837439157693,0.744948152617868
28,relative,99,sheep's tail,56,0.18973214285714285,0.7846911761111447
28,relative,100,sheep's head,217,0.5083772226275387,0.8816272262741344
28,relative,101,sheep's eye,63,0.2889077857373253,0.7839225463214374
28,relative,102,sheep's torso,236,0.6101694915254238,0.8402730391944869
28,relative,103,sheep's neck,155,0.35,0.8209176046233023
28,relative,104,sheep's leg,53,0.42845911968429135,0.8396392959468769
28,relative,105,sheep's ear,174,0.26122742274711874,0.7700305849142458
28,relative,106,sheep's muzzle,177,0.5685768121548291,0.8804294985566435
28,relative,107,sheep's horn,22,0.0,0.1903548834168098
28,relative,108,train's headlight,16,0.11830357182770967,0.683507613837719
28,relative,109,train's head,209,0.07193552071683144,0.5451055216161829
28,relative,110,train's front,203,0.47844827586206895,0.7816628497736208
28,relative,111,train's side,246,0.03861788617886179,0.4418874142494628
28,relative,112,train's back,24,0.4077380957702796,0.7172778137028217
28,relative,113,train's roof,48,0.015625,0.27061320763702196
28,relative,114,train's coach,183,0.3444574551829875,0.7551476527107218
28,relative,115,tvmonitor's screen,289,0.310121107266436,0.6865851378977093
29,absolute,0,aeroplane's body,462,0.022456709956709956,0.5245345818983528
29,absolute,1,aeroplane's stern,414,0.3934178743961353,0.8450618034255677
29,absolute,2,aeroplane's wing,409,0.03850855745721271,0.5740278948708677
29,absolute,3,aeroplane's tail,1,0.125,0.9104771018028259
29,absolute,4,aeroplane's engine,300,0.004583333333333333,0.4449478393793106
29,absolute,5,aeroplane's wheel,226,0.0,0.2708589546712099
29,absolute,6,bicycle's wheel,306,0.02246732026143791,0.4940064698944684
29,absolute,7,bicycle's saddle,205,0.07439024390243902,0.7160694683470377
29,absolute,8,bicycle's handlebar,263,0.42775665399239543,0.9411276347736895
29,absolute,9,bicycle's chainwheel,217,0.001152073732718894,0.4222391881563696
29,absolute,10,bicycle's headlight,1,0.0,0.4942828416824341
29,absolute,11,bird's wing,250,0.023,0.4367953264117241
29,absolute,12,bird's tail,403,0.0015508684863523574,0.3224828447638167
29,absolute,13,bird's head,535,0.2757009345794392,0.7716916780744758
29,absolute,14,bird's eye,218,0.009174311926605505,0.5228233275200249
29,absolute,15,bird's beak,431,0.33410672853828305,0.9412387634374703
29,absolute,16,bird's torso,575,0.02608695652173913,0.4945319151360056
29,absolute,17,bird's neck,284,0.017605633802816902,0.6011246267548749
29,absolute,18,bird's leg,285,0.010087719298245614,0.41962060734891055
29,absolute,19,bird's foot,199,0.035175879396984924,0.4458116877019106
29,absolute,20,bottle's body,432,0.46197916667356537,0.6802394676056726
29,absolute,21,bottle's cap,326,0.4348159509202454,0.8994021599460964
29,absolute,22,bus's wheel,233,0.000536480686695279,0.46003920786370534
29,absolute,23,bus's headlight,155,0.0,0.4538075715303421
29,absolute,24,bus's front,183,0.03278688524590164,0.5946687209150179
29,absolute,25,bus's side,245,0.3862244897959184,0.7948917325662107
29,absolute,26,bus's back,53,0.05188679245283019,0.6583984887824869
29,absolute,27,bus's roof,20,0.0625,0.658814188838005
29,absolute,28,bus's mirror,117,0.0,0.5938230722378461
29,absolute,29,bus's license plate,4,0.0,0.3326934352517128
29,absolute,30,bus's door,104,0.10336538461538461,0.6895114962871258
29,absolute,31,bus's window,261,0.8472222222222222,0.895700518427224
29,absolute,32,car's wheel,515,0.0024271844660194173,0.3624564058861686
29,absolute,33,car's headlight,289,0.0021626297577854673,0.32998218326781037
29,absolute,34,car's front,365,0.1517123287671233,0.5699056171799359
29,absolute,35,car's side,515,0.08616504854368932,0.5597414618412268
29,absolute,36,car's back,195,0.15,0.6235040331498171
29,absolute,37,car's roof,132,0.0928030303030303,0.7162641702276288
29,absolute,38,car's mirror,279,0.004480286738351254,0.4842312175740478
29,absolute,39,car's license plate,8,0.0,0.25621024798601866
29,absolute,40,car's door,258,0.11918604651162791,0.6115104553773422
29,absolute,41,car's window,548,0.7527372262773723,0.8916166456837724
29,absolute,42,cat's tail,332,0.002259036144578313,0.332076842728329
29,absolute,43,cat's head,890,0.864747191011236,0.8558982305186853
29,absolute,44,cat's eye,645,0.14786821705426356,0.8444754599600799
29,absolute,45,cat's torso,871,0.008897818599311137,0.4344134917450656
29,absolute,46,cat's neck,601,0.00041597337770382697,0.5286116938969855
29,absolute,47,cat's leg,670,0.09011194029850746,0.5483636643237142
29,absolute,48,cat's nose,589,0.004456706281833617,0.5970485466445443
29,absolute,49,cat's paw,570,0.5291666666666667,0.8256613665766883
29,absolute,50,cat's ear,848,0.09890919811320754,0.6325817607905505
29,absolute,51,cow's tail,49,0.0,0.4183474535844764
29,absolute,52,cow's head,180,0.5805555555555556,0.9052933554682466
29,absolute,53,cow's eye,60,0.06041666666666667,0.7673092981179556
29,absolute,54,cow's torso,187,0.01804812834224599,0.6253291060102177
29,absolute,55,cow's neck,81,0.006172839506172839,0.6956234824510268
29,absolute,56,cow's leg,142,0.007922535211267605,0.39664299219426974
29,absolute,57,cow's ear,138,0.019021739130434784,0.6790447053701981
29,absolute,58,cow's muzzle,161,0.1374223602484472,0.7893908449581691
29,absolute,59,cow's horn,53,0.0047169811320754715,0.6020353509570068
29,absolute,60,dog's tail,367,0.0003405994550408719,0.3218257005354364
29,absolute,61,dog's head,1010,0.8087871287128713,0.8123066666176414
29,absolute,62,dog's eye,641,0.12480499219968799,0.8166933241016965
29,absolute,63,dog's torso,981,0.00891946992864424,0.4167342070114175
29,absolute,64,dog's neck,454,0.0008259911894273128,0.43806146320759726
29,absolute,65,dog's leg,810,0.2535493827160494,0.6793668103714784
29,absolute,66,dog's nose,815,0.0015337423312883436,0.436741906166808
29,absolute,67,dog's paw,629,0.6647456279809221,0.9190414636758628
29,absolute,68,dog's ear,899,0.01585094549499444,0.45326557934483114
29,absolute,69,dog's muzzle,939,0.046858359957401494,0.6004313052303621
29,absolute,70,horse's tail,147,0.004251700680272109,0.32945648139836836
29,absolute,71,horse's head,282,0.56427304964539,0.8886142345607704
29,absolute,72,horse's eye,104,0.0673076923076923,0.8017157992491355
29,absolute,73,horse's torso,293,0.04778156996587031,0.539083238246091
29,absolute,74,horse's neck,233,0.024141630901287552,0.671903185322561
29,absolute,75,horse's leg,265,0.006603773584905661,0.37504136101254876
29,absolute,76,horse's ear,223,0.011210762331838564,0.619281755434558
29,absolute,77,horse's muzzle,256,0.146484375,0.7854238743893802
29,absolute,78,horse's hoof,127,0.002952755905511811,0.2844506305620426
29,absolute,79,motorbike's wheel,244,0.0,0.42124108634278423
29,absolute,80,motorbike's saddle,8,0.0,0.4640641137957573
29,absolute,81,motorbike's handlebar,11,0.4659090909090909,0.9460265365513888
29,absolute,82,motorbike's headlight,113,0.032079646017699116,0.7928541307955717
29,absolute,83,person's head,1334,0.40736774471344084,0.6719508084874862
29,absolute,84,person's eye,585,0.06691086692178351,0.6202874336200647
29,absolute,85,person's torso,1273,0.022009314335619288,0.35000242611784005
29,absolute,86,person's neck,757,0.0074306472919418755,0.4838125221455861
29,absolute,87,person's leg,486,0.024691358024691357,0.3358832079813712
29,absolute,88,person's foot,135,0.04814814814814815,0.33707919356033755
29,absolute,89,person's nose,907,0.08020948180815876,0.6175667832809877
29,absolute,90,person's ear,688,0.006359011627906977,0.44849818748446335
29,absolute,91,person's eyebrow,432,0.07175925925925926,0.6829641612388918
29,absolute,92,person's mouth,712,0.021418539325842697,0.5141705532265262
29,absolute,93,person's hair,1082,0.2323937153447137,0.6430429378214556
29,absolute,94,person's lower arm,753,0.0063081009296148734,0.31292113893174356
29,absolute,95,person's upper arm,1043,0.007190795781399808,0.34378977152693047
29,absolute,96,person's hand,669,0.02092675635276532,0.2950804327838735
29,absolute,97,pottedplant's pot,181,0.5421270718232044,0.8137716958042007
29,absolute,98,pottedplant's plant,203,0.26224489803678297,0.5454232098140153
29,absolute,99,sheep's tail,56,0.0,0.39426678445722374
29,absolute,100,sheep's head,217,0.5167050691244239,0.9034072839170008
29,absolute,101,sheep's eye,63,0.047619047619047616,0.735276252504379
29,absolute,102,sheep's torso,236,0.028072033898305086,0.6293503013202699
29,absolute,103,sheep's neck,155,0.013709677419354839,0.6992697352363217
29,absolute,104,sheep's leg,53,0.014150943396226415,0.4543283746208785
29,absolute,105,sheep's ear,174,0.010775862068965518,0.6630162524765936
29,absolute,106,sheep's muzzle,177,0.08403954802259887,0.7527270335598854
29,absolute,107,sheep's horn,22,0.022727272727272728,0.667185669595545
29,absolute,108,train's headlight,16,0.03125,0.5531090293079615
29,absolute,109,train's head,209,0.09210526315789473,0.7021736241698835
29,absolute,110,train's front,203,0.08066502463054187,0.6297500224536275
29,absolute,111,train's side,246,0.2698170731707317,0.739951521642809
29,absolute,112,train's back,24,0.078125,0.6381120905280113
29,absolute,113,train's roof,48,0.515625,0.9048759589592615
29,absolute,114,train's coach,183,0.35040983606557374,0.7280846669699976
29,absolute,115,tvmonitor's screen,289,0.38019031141868515,0.7034052626896895
29,relative,0,aeroplane's body,462,0.1920995670995671,0.7131261485931161
29,relative,1,aeroplane's stern,414,0.013788244790501065,0.47326453710379807
29,relative,2,aeroplane's wing,409,0.0027506112469437654,0.44378158151374764
29,relative,3,aeroplane's tail,1,0.125,0.8324362635612488
29,relative,4,aeroplane's engine,300,0.040111111203829444,0.4755053985118866
29,relative,5,aeroplane's wheel,226,0.2766066166547547,0.9071002038179246
29,relative,6,bicycle's wheel,306,0.8125,0.8437748368269478
29,relative,7,bicycle's saddle,205,0.001829268292682927,0.20619858372502212
29,relative,8,bicycle's handlebar,263,0.4282319391634981,0.9394264456890382
29,relative,9,bicycle's chainwheel,217,0.37277814354490024,0.9098770839552726
29,relative,10,bicycle's headlight,1,1.0,0.977587103843689
29,relative,11,bird's wing,250,0.22367142862081527,0.6016532410271466
29,relative,12,bird's tail,403,0.4597896729450368,0.9172252598530601
29,relative,13,bird's head,535,0.5945037836226348,0.9043991508606438
29,relative,14,bird's eye,218,0.17495631351383453,0.3148723646844609
29,relative,15,bird's beak,431,0.31266158528781546,0.9210042483292157
29,relative,16,bird's torso,575,0.5740807455259821,0.851090210572533
29,relative,17,bird's neck,284,0.40691230766160386,0.8947027314611724
29,relative,18,bird's leg,285,0.255066833893458,0.8536948210314701
29,relative,19,bird's foot,199,0.17788944808981527,0.8274617890017716
29,relative,20,bottle's body,432,0.609375,0.8146339790136726
29,relative,21,bottle's cap,326,0.4177439381008499,0.8496145579072595
29,relative,22,bus's wheel,233,0.6168965872521053,0.9285879077573702
29,relative,23,bus's headlight,155,0.22016129032258064,0.7916284993771584
29,relative,24,bus's front,183,0.3237704918032787,0.7824354907854008
29,relative,25,bus's side,245,0.18408163275037492,0.6936958899303358
29,relative,26,bus's back,53,0.5542452830188679,0.7888731104585359
29,relative,27,bus's roof,20,0.23125,0.5458346515893936
29,relative,28,bus's mirror,117,0.015954416022341475,0.33587009001236695
29,relative,29,bus's license plate,4,0.19375000149011612,0.6956981420516968
29,relative,30,bus's door,104,0.4592032969857638,0.7501074347931606
29,relative,31,bus's window,261,0.8400383141762452,0.8378531412146557
29,relative,32,car's wheel,515,0.7311118819759888,0.8801841255458235
29,relative,33,car's headlight,289,0.5698302855850503,0.9105560187134363
29,relative,34,car's front,365,0.5386170908604583,0.7358739763906558
29,relative,35,car's side,515,0.2144822007244073,0.6167118731054287
29,relative,36,car's back,195,0.624487179517746,0.861628838074513
29,relative,37,car's roof,132,0.2906746033466224,0.7382881720409249
29,relative,38,car's mirror,279,0.20171531041463217,0.638896198202205
29,relative,39,car's license plate,8,0.1778273843228817,0.8307497203350067
29,relative,40,car's door,258,0.6879383540430735,0.858784981591757
29,relative,41,car's window,548,0.7545229409732958,0.8641839563629053
29,relative,42,cat's tail,332,0.5442663511957031,0.8968951481293483
29,relative,43,cat's head,890,0.7927314074186796,0.8397607038027785
29,relative,44,cat's eye,645,0.4794407544672027,0.9380901843367159
29,relative,45,cat's torso,871,0.7687728937916313,0.8036912699004403
29,relative,46,cat's neck,601,0.4539973061414011,0.8335317801219254
29,relative,47,cat's leg,670,0.6625,0.8753684315218855
29,relative,48,cat's nose,589,0.12278074236090196,0.857524838633772
29,relative,49,cat's paw,570,0.6515726821725829,0.925121867669779
29,relative,50,cat's ear,848,0.5312612311000813,0.8944177604016831
29,relative,51,cow's tail,49,0.28316326530612246,0.8831039174478881
29,relative,52,cow's head,180,0.6238955032494333,0.9068045869469643
29,relative,53,cow's eye,60,0.3036706360677878,0.842997993528843
29,relative,54,cow's torso,187,0.6971925133689839,0.840028887126535
29,relative,55,cow's neck,81,0.29034391542275745,0.8257665685665461
29,relative,56,cow's leg,142,0.45686619718309857,0.8539233690416309
29,relative,57,cow's ear,138,0.2878709464617398,0.8282555626786273
29,relative,58,cow's muzzle,161,0.6200754231547717,0.8588862583180021
29,relative,59,cow's horn,53,0.0023584905660377358,0.22274971134820074
29,relative,60,dog's tail,367,0.3884682756434994,0.8272994118222424
29,relative,61,dog's head,1010,0.7304231500271523,0.8318646693141154
29,relative,62,dog's eye,641,0.3665310901105869,0.9269007560615421
29,relative,63,dog's torso,981,0.7096439494118171,0.7845435773803796
29,relative,64,dog's neck,454,0.5525435286077633,0.8478954395008508
29,relative,65,dog's leg,810,0.6437845386104819,0.8348772814796295
29,relative,66,dog's nose,815,0.007702307979022067,0.5740344801929099
29,relative,67,dog's paw,629,0.5375804380174661,0.8846095606968968
29,relative,68,dog's ear,899,0.6104163359084039,0.8876547254829174
29,relative,69,dog's muzzle,939,0.5754475387267538,0.8180578917114181
29,relative,70,horse's tail,147,0.5135649500452742,0.9128347136536423
29,relative,71,horse's head,282,0.616590678956069,0.9045127982154806
29,relative,72,horse's eye,104,0.23289835238112852,0.765662354703706
29,relative,73,horse's torso,293,0.7171501706484642,0.8334613187626361
29,relative,74,horse's neck,233,0.4517167381974249,0.8013375839578235
29,relative,75,horse's leg,265,0.49371069186138655,0.7777984358510881
29,relative,76,horse's ear,223,0.2874439469634685,0.8830942901461114
29,relative,77,horse's muzzle,256,0.609356400265824,0.882931906322483
29,relative,78,horse's hoof,127,0.041244844634701884,0.4183566662387585
29,relative,79,motorbike's wheel,244,0.7735655737704918,0.8502209653131297
29,relative,80,motorbike's saddle,8,0.015625,0.44040969386696815
29,relative,81,motorbike's handlebar,11,0.13636363636363635,0.7470916888930581
29,relative,82,motorbike's headlight,113,0.33738938053097345,0.8897528178923952
29,relative,83,person's head,1334,0.33181534313235145,0.607099821628211
29,relative,84,person's eye,585,0.1931481494098647,0.5589388693085848
29,relative,85,person's torso,1273,0.27579957431728036,0.5475961453164653
29,relative,86,person's neck,757,0.18974963936812025,0.505330559867711
29,relative,87,person's leg,486,0.1070473254830749,0.4561874794930894
29,relative,88,person's foot,135,0.05738095298961357,0.3622327139808072
29,relative,89,person's nose,907,0.15424476383210806,0.6049323346426807
29,relative,90,person's ear,688,0.12824612448728362,0.3477150014470342
29,relative,91,person's eyebrow,432,0.04840167577343958,0.6118064572349087
29,relative,92,person's mouth,712,0.09814740522775088,0.6007360846524943
29,relative,93,person's hair,1082,0.31117969466280365,0.6504961564752157
29,relative,94,person's lower arm,753,0.032579207107681994,0.336187640932892
29,relative,95,person's upper arm,1043,0.016051454146322103,0.22776060016206998
29,relative,96,person's hand,669,0.06902270664994135,0.3449284788680518
29,relative,97,pottedplant's pot,181,0.6273020258924579,0.8275090503758489
29,relative,98,pottedplant's plant,203,0.5098522168221732,0.7445424164604084
29,relative,99,sheep's tail,56,0.18973214285714285,0.786130021592336
29,relative,100,sheep's head,217,0.506155366172439,0.8806217324486526
29,relative,101,sheep's eye,63,0.2889077857373253,0.7840555384755135
29,relative,102,sheep's torso,236,0.6106991525423728,0.8403719950277927
29,relative,103,sheep's neck,155,0.35,0.822390478849411
29,relative,104,sheep's leg,53,0.43227762827333416,0.839270533255811
29,relative,105,sheep's ear,174,0.25955117759348334,0.7696527711105072
29,relative,106,sheep's muzzle,177,0.5688122170793135,0.8804440633051813
29,relative,107,sheep's horn,22,0.0,0.19058727464553984
29,relative,108,train's headlight,16,0.12611607182770967,0.6867802143096924
29,relative,109,train's head,209,0.07093871053326073,0.5441239931081471
29,relative,110,train's front,203,0.479064039408867,0.7823953841046747
29,relative,111,train's side,246,0.038109756097560975,0.44121682443996757
29,relative,112,train's back,24,0.4077380957702796,0.71774997189641
29,relative,113,train's roof,48,0.015625,0.27200159694378573
29,relative,114,train's coach,183,0.34309133496440825,0.7553635537624359
29,relative,115,tvmonitor's screen,289,0.3062283737024221,0.6856361201683955
30,absolute,0,aeroplane's body,462,0.022456709956709956,0.5249018805561128
30,absolute,1,aeroplane's stern,414,0.39311594202898553,0.8452053684111379
30,absolute,2,aeroplane's wing,409,0.03850855745721271,0.5741284130765056
30,absolute,3,aeroplane's tail,1,0.125,0.9104771018028259
30,absolute,4,aeroplane's engine,300,0.004583333333333333,0.4449145931502183
30,absolute,5,aeroplane's wheel,226,0.0,0.27081389850483534
30,absolute,6,bicycle's wheel,306,0.02246732026143791,0.49409281467300614
30,absolute,7,bicycle's saddle,205,0.075,0.716253995313877
30,absolute,8,bicycle's handlebar,263,0.4291825095057034,0.9411686903623574
30,absolute,9,bicycle's chainwheel,217,0.001152073732718894,0.42256607472347224
30,absolute,10,bicycle's headlight,1,0.0,0.4942828416824341
30,absolute,11,bird's wing,250,0.023,0.436461537539959
30,absolute,12,bird's tail,403,0.0015508684863523574,0.32260962604330135
30,absolute,13,bird's head,535,0.2757009345794392,0.7717590846887259
30,absolute,14,bird's eye,218,0.00974770642201835,0.5228560134221655
30,absolute,15,bird's beak,431,0.33381670533642693,0.941224428312961
30,absolute,16,bird's torso,575,0.025869565217391303,0.49431234175744265
30,absolute,17,bird's neck,284,0.017605633802816902,0.6012316472093824
30,absolute,18,bird's leg,285,0.010087719298245614,0.4184982853500467
30,absolute,19,bird's foot,199,0.034547738693467334,0.4422156635540814
30,absolute,20,bottle's body,432,0.46255787037726903,0.6801514612786748
30,absolute,21,bottle's cap,326,0.43558282208588955,0.8992911120133897
30,absolute,22,bus's wheel,233,0.000536480686695279,0.45947044173279544
30,absolute,23,bus's headlight,155,0.0,0.453683794217725
30,absolute,24,bus's front,183,0.03210382513661202,0.5919790352628531
30,absolute,25,bus's side,245,0.3892857142857143,0.7943953664935365
30,absolute,26,bus's back,53,0.05188679245283019,0.6574519113549646
30,absolute,27,bus's roof,20,0.0625,0.6603679776191711
30,absolute,28,bus's mirror,117,0.0,0.593160788472901
30,absolute,29,bus's license plate,4,0.0,0.3326934352517128
30,absolute,30,bus's door,104,0.10096153846153846,0.6887888083091149
30,absolute,31,bus's window,261,0.8477011494252874,0.8954158605743642
30,absolute,32,car's wheel,515,0.0024271844660194173,0.3626438648231979
30,absolute,33,car's headlight,289,0.0021626297577854673,0.3302021985261292
30,absolute,34,car's front,365,0.15273972602739727,0.5699371244809399
30,absolute,35,car's side,515,0.0866504854368932,0.5599088972488653
30,absolute,36,car's back,195,0.14935897435897436,0.6237783852295998
30,absolute,37,car's roof,132,0.09090909090909091,0.7154268071506963
30,absolute,38,car's mirror,279,0.004480286738351254,0.4838531246428849
30,absolute,39,car's license plate,8,0.0,0.2564960615709424
30,absolute,40,car's door,258,0.12112403100775193,0.6149230418048164
30,absolute,41,car's window,548,0.7531934306569343,0.8915936928378404
30,absolute,42,cat's tail,332,0.0011295180722891566,0.3254781149507287
30,absolute,43,cat's head,890,0.8634831460674157,0.8559229152800327
30,absolute,44,cat's eye,645,0.1560077519379845,0.8515419277109841
30,absolute,45,cat's torso,871,0.009615384615384616,0.4306041088199027
30,absolute,46,cat's neck,601,0.00041597337770382697,0.530540669693328
30,absolute,47,cat's leg,670,0.05205223880597015,0.48631916869042524
30,absolute,48,cat's nose,589,0.004244482173174873,0.5959265084845505
30,absolute,49,cat's paw,570,0.4473684210526316,0.7664029681891725
30,absolute,50,cat's ear,848,0.12441037735849056,0.653343917626255
30,absolute,51,cow's tail,49,0.0,0.4193087749335231
30,absolute,52,cow's head,180,0.5819444444444445,0.9057233665552404
30,absolute,53,cow's eye,60,0.06458333333333334,0.7729753702878952
30,absolute,54,cow's torso,187,0.01804812834224599,0.6252877413429678
30,absolute,55,cow's neck,81,0.006172839506172839,0.6956190327067434
30,absolute,56,cow's leg,142,0.007922535211267605,0.39643650229128313
30,absolute,57,cow's ear,138,0.019021739130434784,0.6799161829378294
30,absolute,58,cow's muzzle,161,0.1358695652173913,0.7890937879959249
30,absolute,59,cow's horn,53,0.007075471698113208,0.6052942692108874
30,absolute,60,dog's tail,367,0.0003405994550408719,0.32330688418013526
30,absolute,61,dog's head,1010,0.8096534653465347,0.8129055296504262
30,absolute,62,dog's eye,641,0.12851014040561623,0.8217738360027069
30,absolute,63,dog's torso,981,0.009811416921508664,0.4152110795947086
30,absolute,64,dog's neck,454,0.0008259911894273128,0.43882110741990515
30,absolute,65,dog's leg,810,0.24969135802469136,0.6751041591535379
30,absolute,66,dog's nose,815,0.0015337423312883436,0.4363855129919169
30,absolute,67,dog's paw,629,0.6641494435612083,0.9185838540142405
30,absolute,68,dog's ear,899,0.016546162402669633,0.45444425083572526
30,absolute,69,dog's muzzle,939,0.04579339723109691,0.599596991357458
30,absolute,70,horse's tail,147,0.004251700680272109,0.33067938989522505
30,absolute,71,horse's head,282,0.5656028368794326,0.8888635011852211
30,absolute,72,horse's eye,104,0.06850961538461539,0.8053588127860656
30,absolute,73,horse's torso,293,0.04863481228668942,0.5385289752137539
30,absolute,74,horse's neck,233,0.02521459227467811,0.6730681175581887
30,absolute,75,horse's leg,265,0.006603773584905661,0.37461634930574667
30,absolute,76,horse's ear,223,0.011210762331838564,0.6204737001203101
30,absolute,77,horse's muzzle,256,0.14599609375,0.7850598376244307
30,absolute,78,horse's hoof,127,0.002952755905511811,0.283712949633129
30,absolute,79,motorbike's wheel,244,0.0,0.42104994511750876
30,absolute,80,motorbike's saddle,8,0.0,0.4640641137957573
30,absolute,81,motorbike's handlebar,11,0.4659090909090909,0.9460265365513888
30,absolute,82,motorbike's headlight,113,0.033185840707964605,0.7933668409828591
30,absolute,83,person's head,1334,0.4074614478618666,0.6717232007643619
30,absolute,84,person's eye,585,0.0681929182038348,0.6215307238885862
30,absolute,85,person's torso,1273,0.021714734602704913,0.3494279240239748
30,absolute,86,person's neck,757,0.00726552179656539,0.4838299494177654
30,absolute,87,person's leg,486,0.02417695473251029,0.3353512393140115
30,absolute,88,person's foot,135,0.04814814814814815,0.3383249872881505
30,absolute,89,person's nose,907,0.07965821389195149,0.617338105539207
30,absolute,90,person's ear,688,0.006359011627906977,0.44860215544860355
30,absolute,91,person's eyebrow,432,0.07175925925925926,0.682546358963009
30,absolute,92,person's mouth,712,0.021067415730337078,0.5145273969529636
30,absolute,93,person's hair,1082,0.23331792976245863,0.6434713395556879
30,absolute,94,person's lower arm,753,0.00597609561752988,0.31215087535752756
30,absolute,95,person's upper arm,1043,0.007190795781399808,0.3434121680989761
30,absolute,96,person's hand,669,0.02055306427503737,0.2933277476033243
30,absolute,97,pottedplant's pot,181,0.5421270718232044,0.8136299985219102
30,absolute,98,pottedplant's plant,203,0.2616291344899849,0.5452996532024421
30,absolute,99,sheep's tail,56,0.0,0.39492368910993847
30,absolute,100,sheep's head,217,0.5190092165898618,0.9036410192740129
30,absolute,101,sheep's eye,63,0.047619047619047616,0.7373629027888888
30,absolute,102,sheep's torso,236,0.02754237288135593,0.629791870713234
30,absolute,103,sheep's neck,155,0.013709677419354839,0.699701726436615
30,absolute,104,sheep's leg,53,0.014150943396226415,0.4551720211528382
30,absolute,105,sheep's ear,174,0.010775862068965518,0.6638988552764914
30,absolute,106,sheep's muzzle,177,0.08403954802259887,0.752492287233051
30,absolute,107,sheep's horn,22,0.022727272727272728,0.667185675014149
30,absolute,108,train's headlight,16,0.03125,0.5543943922966719
30,absolute,109,train's head,209,0.09150717703349283,0.7024573622422926
30,absolute,110,train's front,203,0.08004926108374384,0.629387301397441
30,absolute,111,train's side,246,0.2708333333333333,0.7405361006172692
30,absolute,112,train's back,24,0.078125,0.6381120954950651
30,absolute,113,train's roof,48,0.5234375,0.9070898815989494
30,absolute,114,train's coach,183,0.34972677595628415,0.7279792960549964
30,absolute,115,tvmonitor's screen,289,0.375,0.7027907333365774
30,relative,0,aeroplane's body,462,0.18208874458874458,0.7083772234779931
30,relative,1,aeroplane's stern,414,0.014070048316377372,0.47752701170778505
30,relative,2,aeroplane's wing,409,0.0027506112469437654,0.44202222716983197
30,relative,3,aeroplane's tail,1,0.125,0.815191388130188
30,relative,4,aeroplane's engine,300,0.03730555564165115,0.47577287410696345
30,relative,5,aeroplane's wheel,226,0.277423093804216,0.9074785941469986
30,relative,6,bicycle's wheel,306,0.8092320261437909,0.8431552331042446
30,relative,7,bicycle's saddle,205,0.0024390243902439024,0.2057241852327091
30,relative,8,bicycle's handlebar,263,0.42585551330798477,0.9389793651865462
30,relative,9,bicycle's chainwheel,217,0.375082291010338,0.9106890023578696
30,relative,10,bicycle's headlight,1,1.0,0.977587103843689
30,relative,11,bird's wing,250,0.2195714287161827,0.5998183803446591
30,relative,12,bird's tail,403,0.46041002033957773,0.917419562416692
30,relative,13,bird's head,535,0.592089453395282,0.9031867467493654
30,relative,14,bird's eye,218,0.1731269121033336,0.31316492708246096
30,relative,15,bird's beak,431,0.31295160848967163,0.9215675491467983
30,relative,16,bird's torso,575,0.5770000002436015,0.8519291834727577
30,relative,17,bird's neck,284,0.4073524485066743,0.894597586139407
30,relative,18,bird's leg,285,0.2540559734691653,0.8528019407339263
30,relative,19,bird's foot,199,0.17902608365569284,0.8281179445622554
30,relative,20,bottle's body,432,0.6102430555555556,0.814874694786138
30,relative,21,bottle's cap,326,0.41927768043213826,0.8511593245381227
30,relative,22,bus's wheel,233,0.6177396281850185,0.9288556733100711
30,relative,23,bus's headlight,155,0.23306451612903226,0.8023673234447356
30,relative,24,bus's front,183,0.33401639344262296,0.7837860011012177
30,relative,25,bus's side,245,0.18255102050547697,0.6926834417849171
30,relative,26,bus's back,53,0.5613207547169812,0.7887049249882968
30,relative,27,bus's roof,20,0.225,0.5381394073367118
30,relative,28,bus's mirror,117,0.01575091583097083,0.34062852341140437
30,relative,29,bus's license plate,4,0.19375000149011612,0.7137400507926941
30,relative,30,bus's door,104,0.4580013739088407,0.7534404368354723
30,relative,31,bus's window,261,0.8400383141762452,0.8384810439471541
30,relative,32,car's wheel,515,0.7312736942351443,0.8801987351072066
30,relative,33,car's headlight,289,0.5723430554037688,0.9120294255265727
30,relative,34,car's front,365,0.5429386825185932,0.7360413146345582
30,relative,35,car's side,515,0.21351132693799954,0.6156184971043207
30,relative,36,car's back,195,0.624487179517746,0.8623512760186807
30,relative,37,car's roof,132,0.28756313161416486,0.7394926431729938
30,relative,38,car's mirror,279,0.201378222007478,0.64471855965246
30,relative,39,car's license plate,8,0.1778273843228817,0.8307497203350067
30,relative,40,car's door,258,0.6917451095673465,0.8623176419804263
30,relative,41,car's window,548,0.7542948387835148,0.8646091606712689
30,relative,42,cat's tail,332,0.5446428572197994,0.8977276763643127
30,relative,43,cat's head,890,0.7931942217135697,0.8392672303519891
30,relative,44,cat's eye,645,0.47954780510229655,0.9382828731696273
30,relative,45,cat's torso,871,0.7694904598077047,0.803583111301766
30,relative,46,cat's neck,601,0.45462126620795684,0.834130385354434
30,relative,47,cat's leg,670,0.6666044776119403,0.8760270498136976
30,relative,48,cat's nose,589,0.12248767097757304,0.8571034340987991
30,relative,49,cat's paw,570,0.651489139988757,0.9250021031420482
30,relative,50,cat's ear,848,0.5335284705396812,0.8950592567265596
30,relative,51,cow's tail,49,0.2857142857142857,0.8843147140376422
30,relative,52,cow's head,180,0.6214153447084957,0.9052850926915804
30,relative,53,cow's eye,60,0.3042261915902297,0.8444676597913107
30,relative,54,cow's torso,187,0.6985294117647058,0.8413430737620369
30,relative,55,cow's neck,81,0.29034391542275745,0.8261587178265607
30,relative,56,cow's leg,142,0.45598591549295775,0.8534723591636604
30,relative,57,cow's ear,138,0.29058833776608756,0.8295887286464373
30,relative,58,cow's muzzle,161,0.6185226281237158,0.8588051934096014
30,relative,59,cow's horn,53,0.0023584905660377358,0.22303705465681148
30,relative,60,dog's tail,367,0.38853639555074865,0.8287754586062899
30,relative,61,dog's head,1010,0.729856200471963,0.8303874957827058
30,relative,62,dog's eye,641,0.3659980687866345,0.9270588560334978
30,relative,63,dog's torso,981,0.7094230863448919,0.7839195899186878
30,relative,64,dog's neck,454,0.5531859661776589,0.8484126251962216
30,relative,65,dog's leg,810,0.6448956497289516,0.8349675101446516
30,relative,66,dog's nose,815,0.007855682212150902,0.5743472032386101
30,relative,67,dog's paw,629,0.5380649561201636,0.8849471313182993
30,relative,68,dog's ear,899,0.6124000214993357,0.8881096533925436
30,relative,69,dog's muzzle,939,0.5771717641649409,0.8188865313205285
30,relative,70,horse's tail,147,0.5146420475374274,0.9136781972281787
30,relative,71,horse's head,282,0.6152608917220265,0.9038921599903851
30,relative,72,horse's eye,104,0.23289835238112852,0.7657699806329149
30,relative,73,horse's torso,293,0.7201365187713311,0.8339171021057884
30,relative,74,horse's neck,233,0.4575107297160595,0.803454071219387
30,relative,75,horse's leg,265,0.4960691824274243,0.7769586766665837
30,relative,76,horse's ear,223,0.2868834088468765,0.8823610300640888
30,relative,77,horse's muzzle,256,0.6100539448088966,0.8834126627189107
30,relative,78,horse's hoof,127,0.042229096603205826,0.4220140569322691
30,relative,79,motorbike's wheel,244,0.7730532786885246,0.8497788190353112
30,relative,80,motorbike's saddle,8,0.015625,0.4306500256061554
30,relative,81,motorbike's handlebar,11,0.14772727272727273,0.7555910511450334
30,relative,82,motorbike's headlight,113,0.34292035398230086,0.891261098659144
30,relative,83,person's head,1334,0.3345996652250883,0.6072854457660111
30,relative,84,person's eye,585,0.19317053439270737,0.5602993318237938
30,relative,85,person's torso,1273,0.27707608649324267,0.5470103392996061
30,relative,86,person's neck,757,0.19026860525853725,0.5064790796370416
30,relative,87,person's leg,486,0.10599402353596786,0.45606460531506643
30,relative,88,person's foot,135,0.05645502706368764,0.36521511941596313
30,relative,89,person's nose,907,0.1555139926624666,0.6054527874237138
30,relative,90,person's ear,688,0.13337313182392094,0.3547994635808336
30,relative,91,person's eyebrow,432,0.04786430806335476,0.6106404039461201
30,relative,92,person's mouth,712,0.09739499750515718,0.6007277604834742
30,relative,93,person's hair,1082,0.3203129135554247,0.6556795965763955
30,relative,94,person's lower arm,753,0.03223613494262594,0.3359387324359837
30,relative,95,person's upper arm,1043,0.014533397263899975,0.22442061240134772
30,relative,96,person's hand,669,0.06828599936580801,0.3438448013865872
30,relative,97,pottedplant's pot,181,0.6286832413620712,0.8281546030913928
30,relative,98,pottedplant's plant,203,0.5092364532753751,0.7442285000837495
30,relative,99,sheep's tail,56,0.19196428571428573,0.7880562766055975
30,relative,100,sheep's head,217,0.5059907841517629,0.8798087149309123
30,relative,101,sheep's eye,63,0.2863945582556346,0.7805780083650634
30,relative,102,sheep's torso,236,0.611228813559322,0.8400853668986741
30,relative,103,sheep's neck,155,0.3524193548387097,0.8230296017662171
30,relative,104,sheep's leg,53,0.43935309997144734,0.8393481519986998
30,relative,105,sheep's ear,174,0.260269568398081,0.7703096321088144
30,relative,106,sheep's muzzle,177,0.567224915502435,0.8803452014249596
30,relative,107,sheep's horn,22,0.0,0.19214132758365435
30,relative,108,train's headlight,16,0.12760416697710752,0.6859010979533195
30,relative,109,train's head,209,0.07082478937349822,0.5442018023375689
30,relative,110,train's front,203,0.48091133004926107,0.7855603022895423
30,relative,111,train's side,246,0.03861788617886179,0.44182883675505474
30,relative,112,train's back,24,0.4129464291036129,0.7172677752872308
30,relative,113,train's roof,48,0.015625,0.273055966788282
30,relative,114,train's coach,183,0.34309133496440825,0.7557527494560825
30,relative,115,tvmonitor's screen,289,0.3014705882352941,0.684187119807339
